#-----------------------------------------------------------
# Vivado v2025.2 (64-bit)
# SW Build 6299465 on Fri Nov 14 12:34:56 MST 2025
# IP Build 6300035 on Fri Nov 14 10:48:45 MST 2025
# SharedData Build 6298862 on Thu Nov 13 04:50:51 MST 2025
# Start of session at: Tue Apr 21 13:30:06 2026
# Process ID         : 15244
# Current directory  : /home/deepaung/Courses/hw-syn-lab-i/final-project
# Command line       : vivado
# Log file           : /home/deepaung/Courses/hw-syn-lab-i/final-project/vivado.log
# Journal file       : /home/deepaung/Courses/hw-syn-lab-i/final-project/vivado.jou
# Running On         : archlinux
# Platform           : Arch
# Operating System   : Arch Linux
# Processor Detail   : 11th Gen Intel(R) Core(TM) i5-11300H @ 3.10GHz
# CPU Frequency      : 2666.783 MHz
# CPU Physical cores : 4
# CPU Logical cores  : 8
# Host memory        : 16440 MB
# Swap memory        : 16775 MB
# Total Virtual      : 33216 MB
# Available Virtual  : 26822 MB
#-----------------------------------------------------------
start_gui
WARNING: [Board 49-26] cannot add Board Part digilentinc.com:arty-s7-25:part0:1.1 available at /opt/Xilinx/2025.2/data/boards/board_files/arty-s7-25/E.0/board.xml as part xc7s25csga324-1 specified in board_part file is either invalid or not available
WARNING: [Board 49-26] cannot add Board Part digilentinc.com:arty-s7-50:part0:1.1 available at /opt/Xilinx/2025.2/data/boards/board_files/arty-s7-50/B.0/board.xml as part xc7s50csga324-1 specified in board_part file is either invalid or not available
WARNING: [Board 49-26] cannot add Board Part digilentinc.com:arty-z7-10:part0:1.1 available at /opt/Xilinx/2025.2/data/boards/board_files/arty-z7-10/A.0/board.xml as part xc7z010clg400-1 specified in board_part file is either invalid or not available
WARNING: [Board 49-26] cannot add Board Part digilentinc.com:arty-z7-20:part0:1.1 available at /opt/Xilinx/2025.2/data/boards/board_files/arty-z7-20/A.0/board.xml as part xc7z020clg400-1 specified in board_part file is either invalid or not available
WARNING: [Board 49-26] cannot add Board Part digilentinc.com:cmod-s7-25:part0:1.0 available at /opt/Xilinx/2025.2/data/boards/board_files/cmod-s7-25/B.0/board.xml as part xc7s25csga225-1 specified in board_part file is either invalid or not available
WARNING: [Board 49-26] cannot add Board Part digilentinc.com:cora-z7-07s:part0:1.1 available at /opt/Xilinx/2025.2/data/boards/board_files/cora-z7-07s/B.0/board.xml as part xc7z007sclg400-1 specified in board_part file is either invalid or not available
WARNING: [Board 49-26] cannot add Board Part digilentinc.com:cora-z7-10:part0:1.1 available at /opt/Xilinx/2025.2/data/boards/board_files/cora-z7-10/B.0/board.xml as part xc7z010clg400-1 specified in board_part file is either invalid or not available
WARNING: [Board 49-26] cannot add Board Part digilentinc.com:eclypse-z7:part0:1.0 available at /opt/Xilinx/2025.2/data/boards/board_files/eclypse-z7/A.0/board.xml as part xc7z020clg484-1 specified in board_part file is either invalid or not available
WARNING: [Board 49-26] cannot add Board Part digilentinc.com:eclypse-z7:part0:1.1 available at /opt/Xilinx/2025.2/data/boards/board_files/eclypse-z7/B.0/board.xml as part xc7z020clg484-1 specified in board_part file is either invalid or not available
WARNING: [Board 49-26] cannot add Board Part digilentinc.com:genesys2:part0:1.1 available at /opt/Xilinx/2025.2/data/boards/board_files/genesys2/H/board.xml as part xc7k325tffg900-2 specified in board_part file is either invalid or not available
WARNING: [Board 49-26] cannot add Board Part digilentinc.com:gzu_3eg:part0:1.0 available at /opt/Xilinx/2025.2/data/boards/board_files/genesys-zu-3eg/B.0/board.xml as part xczu3eg-sfvc784-1-e specified in board_part file is either invalid or not available
WARNING: [Board 49-26] cannot add Board Part digilentinc.com:gzu_3eg:part0:1.1 available at /opt/Xilinx/2025.2/data/boards/board_files/genesys-zu-3eg/D.0/board.xml as part xczu3eg-sfvc784-1-e specified in board_part file is either invalid or not available
WARNING: [Board 49-26] cannot add Board Part digilentinc.com:gzu_5ev:part0:1.1 available at /opt/Xilinx/2025.2/data/boards/board_files/genesys-zu-5ev/C.0/board.xml as part xczu5ev-sfvc784-1-e specified in board_part file is either invalid or not available
WARNING: [Board 49-26] cannot add Board Part digilentinc.com:sword:part0:1.0 available at /opt/Xilinx/2025.2/data/boards/board_files/sword/C.0/board.xml as part xc7k325tffg900-2 specified in board_part file is either invalid or not available
WARNING: [Board 49-26] cannot add Board Part digilentinc.com:zedboard:part0:1.1 available at /opt/Xilinx/2025.2/data/boards/board_files/zedboard/1.3/board.xml as part xc7z020clg484-1 specified in board_part file is either invalid or not available
WARNING: [Board 49-26] cannot add Board Part digilentinc.com:zybo-z7-10:part0:1.2 available at /opt/Xilinx/2025.2/data/boards/board_files/zybo-z7-10/A.0/board.xml as part xc7z010clg400-1 specified in board_part file is either invalid or not available
WARNING: [Board 49-26] cannot add Board Part digilentinc.com:zybo-z7-20:part0:1.2 available at /opt/Xilinx/2025.2/data/boards/board_files/zybo-z7-20/A.0/board.xml as part xc7z020clg400-1 specified in board_part file is either invalid or not available
WARNING: [Board 49-26] cannot add Board Part digilentinc.com:zybo:part0:1.0 available at /opt/Xilinx/2025.2/data/boards/board_files/zybo/B.3/board.xml as part xc7z010clg400-1 specified in board_part file is either invalid or not available
WARNING: [Board 49-26] cannot add Board Part digilentinc.com:zybo:part0:2.0 available at /opt/Xilinx/2025.2/data/boards/board_files/zybo/B.4/board.xml as part xc7z010clg400-1 specified in board_part file is either invalid or not available
WARNING: [Board 49-26] cannot add Board Part xilinx.com:emb-plus-vpr-4616:part0:1.0 available at /opt/Xilinx/2025.2/data/xhub/boards/XilinxBoardStore/boards/Xilinx/emb-plus-vpr-4616/1.0/board.xml as part xcve2302-sfva784-2mp-e-s specified in board_part file is either invalid or not available
WARNING: [Board 49-26] cannot add Board Part xilinx.com:emb-plus-vpr-4616:part0:1.1 available at /opt/Xilinx/2025.2/data/xhub/boards/XilinxBoardStore/boards/Xilinx/emb-plus-vpr-4616/1.1/board.xml as part xcve2302-sfva784-2mp-e-s specified in board_part file is either invalid or not available
WARNING: [Board 49-26] cannot add Board Part xilinx.com:k24c:part0:1.0 available at /opt/Xilinx/2025.2/data/xhub/boards/XilinxBoardStore/boards/Xilinx/k24c/1.0/board.xml as part xck24-ubva530-2lv-c specified in board_part file is either invalid or not available
WARNING: [Board 49-26] cannot add Board Part xilinx.com:k24c:part0:1.1 available at /opt/Xilinx/2025.2/data/xhub/boards/XilinxBoardStore/boards/Xilinx/k24c/1.1/board.xml as part xck24-ubva530-2lv-c specified in board_part file is either invalid or not available
WARNING: [Board 49-26] cannot add Board Part xilinx.com:k24i:part0:1.0 available at /opt/Xilinx/2025.2/data/xhub/boards/XilinxBoardStore/boards/Xilinx/k24i/1.0/board.xml as part xck24-ubva530-2lvi-i specified in board_part file is either invalid or not available
WARNING: [Board 49-26] cannot add Board Part xilinx.com:k26c:part0:1.2 available at /opt/Xilinx/2025.2/data/xhub/boards/XilinxBoardStore/boards/Xilinx/k26c/1.2/board.xml as part xck26-sfvc784-2lv-c specified in board_part file is either invalid or not available
WARNING: [Board 49-26] cannot add Board Part xilinx.com:k26c:part0:1.3 available at /opt/Xilinx/2025.2/data/xhub/boards/XilinxBoardStore/boards/Xilinx/k26c/1.3/board.xml as part xck26-sfvc784-2lv-c specified in board_part file is either invalid or not available
WARNING: [Board 49-26] cannot add Board Part xilinx.com:k26c:part0:1.4 available at /opt/Xilinx/2025.2/data/xhub/boards/XilinxBoardStore/boards/Xilinx/k26c/1.4/board.xml as part xck26-sfvc784-2lv-c specified in board_part file is either invalid or not available
WARNING: [Board 49-26] cannot add Board Part xilinx.com:k26i:part0:1.2 available at /opt/Xilinx/2025.2/data/xhub/boards/XilinxBoardStore/boards/Xilinx/k26i/1.2/board.xml as part xck26-sfvc784-2lvi-i specified in board_part file is either invalid or not available
WARNING: [Board 49-26] cannot add Board Part xilinx.com:k26i:part0:1.3 available at /opt/Xilinx/2025.2/data/xhub/boards/XilinxBoardStore/boards/Xilinx/k26i/1.3/board.xml as part xck26-sfvc784-2lvi-i specified in board_part file is either invalid or not available
WARNING: [Board 49-26] cannot add Board Part xilinx.com:k26i:part0:1.4 available at /opt/Xilinx/2025.2/data/xhub/boards/XilinxBoardStore/boards/Xilinx/k26i/1.4/board.xml as part xck26-sfvc784-2lvi-i specified in board_part file is either invalid or not available
WARNING: [Board 49-26] cannot add Board Part xilinx.com:kc705:part0:1.6 available at /opt/Xilinx/2025.2/data/xhub/boards/XilinxBoardStore/boards/Xilinx/kc705/1.6/board.xml as part xc7k325tffg900-2 specified in board_part file is either invalid or not available
WARNING: [Board 49-26] cannot add Board Part xilinx.com:kc705:part0:1.7 available at /opt/Xilinx/2025.2/data/xhub/boards/XilinxBoardStore/boards/Xilinx/kc705/1.7/board.xml as part xc7k325tffg900-2 specified in board_part file is either invalid or not available
WARNING: [Board 49-26] cannot add Board Part xilinx.com:kcu105:part0:1.6 available at /opt/Xilinx/2025.2/data/xhub/boards/XilinxBoardStore/boards/Xilinx/kcu105/1.6/board.xml as part xcku040-ffva1156-2-e specified in board_part file is either invalid or not available
WARNING: [Board 49-26] cannot add Board Part xilinx.com:kcu105:part0:1.7 available at /opt/Xilinx/2025.2/data/xhub/boards/XilinxBoardStore/boards/Xilinx/kcu105/1.7/board.xml as part xcku040-ffva1156-2-e specified in board_part file is either invalid or not available
WARNING: [Board 49-26] cannot add Board Part xilinx.com:kcu116:part0:1.4 available at /opt/Xilinx/2025.2/data/xhub/boards/XilinxBoardStore/boards/Xilinx/kcu116/1.4/board.xml as part xcku5p-ffvb676-2-e specified in board_part file is either invalid or not available
WARNING: [Board 49-26] cannot add Board Part xilinx.com:kcu116:part0:1.5 available at /opt/Xilinx/2025.2/data/xhub/boards/XilinxBoardStore/boards/Xilinx/kcu116/1.5/board.xml as part xcku5p-ffvb676-2-e specified in board_part file is either invalid or not available
WARNING: [Board 49-26] cannot add Board Part xilinx.com:kcu1500:part0:1.2 available at /opt/Xilinx/2025.2/data/xhub/boards/XilinxBoardStore/boards/Xilinx/kcu1500/1.2/board.xml as part xcku115-flvb2104-2-e specified in board_part file is either invalid or not available
WARNING: [Board 49-26] cannot add Board Part xilinx.com:kd240_som:part0:1.0 available at /opt/Xilinx/2025.2/data/xhub/boards/XilinxBoardStore/boards/Xilinx/kd240_som/1.0/board.xml as part xck24-ubva530-2lv-c specified in board_part file is either invalid or not available
WARNING: [Board 49-26] cannot add Board Part xilinx.com:kd240_som:part0:1.1 available at /opt/Xilinx/2025.2/data/xhub/boards/XilinxBoardStore/boards/Xilinx/kd240_som/1.1/board.xml as part xck24-ubva530-2lv-c specified in board_part file is either invalid or not available
WARNING: [Board 49-26] cannot add Board Part xilinx.com:kr260_som:part0:1.0 available at /opt/Xilinx/2025.2/data/xhub/boards/XilinxBoardStore/boards/Xilinx/kr260_som/1.0/board.xml as part xck26-sfvc784-2lv-c specified in board_part file is either invalid or not available
WARNING: [Board 49-26] cannot add Board Part xilinx.com:kr260_som:part0:1.1 available at /opt/Xilinx/2025.2/data/xhub/boards/XilinxBoardStore/boards/Xilinx/kr260_som/1.1/board.xml as part xck26-sfvc784-2lv-c specified in board_part file is either invalid or not available
WARNING: [Board 49-26] cannot add Board Part xilinx.com:kv260_som:part0:1.2 available at /opt/Xilinx/2025.2/data/xhub/boards/XilinxBoardStore/boards/Xilinx/kv260_som/1.2/board.xml as part xck26-sfvc784-2lv-c specified in board_part file is either invalid or not available
WARNING: [Board 49-26] cannot add Board Part xilinx.com:kv260_som:part0:1.3 available at /opt/Xilinx/2025.2/data/xhub/boards/XilinxBoardStore/boards/Xilinx/kv260_som/1.3/board.xml as part xck26-sfvc784-2lv-c specified in board_part file is either invalid or not available
WARNING: [Board 49-26] cannot add Board Part xilinx.com:kv260_som:part0:1.4 available at /opt/Xilinx/2025.2/data/xhub/boards/XilinxBoardStore/boards/Xilinx/kv260_som/1.4/board.xml as part xck26-sfvc784-2lv-c specified in board_part file is either invalid or not available
WARNING: [Board 49-26] cannot add Board Part xilinx.com:scu35:part0:1.0 available at /opt/Xilinx/2025.2/data/xhub/boards/XilinxBoardStore/boards/Xilinx/scu35/1.0/board.xml as part xcsu35p-sbvb625-2-e specified in board_part file is either invalid or not available
WARNING: [Board 49-26] cannot add Board Part xilinx.com:sp701:part0:1.0 available at /opt/Xilinx/2025.2/data/xhub/boards/XilinxBoardStore/boards/Xilinx/sp701/1.0/board.xml as part xc7s100fgga676-2 specified in board_part file is either invalid or not available
WARNING: [Board 49-26] cannot add Board Part xilinx.com:sp701:part0:1.1 available at /opt/Xilinx/2025.2/data/xhub/boards/XilinxBoardStore/boards/Xilinx/sp701/1.1/board.xml as part xc7s100fgga676-2 specified in board_part file is either invalid or not available
WARNING: [Board 49-26] cannot add Board Part xilinx.com:v80:part0:1.0 available at /opt/Xilinx/2025.2/data/xhub/boards/XilinxBoardStore/boards/Xilinx/v80/1.0/board.xml as part xcv80-lsva4737-2mhp-e-s specified in board_part file is either invalid or not available
WARNING: [Board 49-26] cannot add Board Part xilinx.com:vc707:part0:1.4 available at /opt/Xilinx/2025.2/data/xhub/boards/XilinxBoardStore/boards/Xilinx/vc707/1.4/board.xml as part xc7vx485tffg1761-2 specified in board_part file is either invalid or not available
WARNING: [Board 49-26] cannot add Board Part xilinx.com:vc707:part0:1.5 available at /opt/Xilinx/2025.2/data/xhub/boards/XilinxBoardStore/boards/Xilinx/vc707/1.5/board.xml as part xc7vx485tffg1761-2 specified in board_part file is either invalid or not available
WARNING: [Board 49-26] cannot add Board Part xilinx.com:vc709:part0:1.8 available at /opt/Xilinx/2025.2/data/xhub/boards/XilinxBoardStore/boards/Xilinx/vc709/1.8/board.xml as part xc7vx690tffg1761-2 specified in board_part file is either invalid or not available
WARNING: [Board 49-26] cannot add Board Part xilinx.com:vck190:part0:2.2 available at /opt/Xilinx/2025.2/data/xhub/boards/XilinxBoardStore/boards/Xilinx/vck190/production/2.2/board.xml as part xcvc1902-vsva2197-2mp-e-s specified in board_part file is either invalid or not available
WARNING: [Board 49-26] cannot add Board Part xilinx.com:vck190:part0:3.0 available at /opt/Xilinx/2025.2/data/xhub/boards/XilinxBoardStore/boards/Xilinx/vck190/production/3.0/board.xml as part xcvc1902-vsva2197-2mp-e-s specified in board_part file is either invalid or not available
WARNING: [Board 49-26] cannot add Board Part xilinx.com:vck190:part0:3.1 available at /opt/Xilinx/2025.2/data/xhub/boards/XilinxBoardStore/boards/Xilinx/vck190/production/3.1/board.xml as part xcvc1902-vsva2197-2mp-e-s specified in board_part file is either invalid or not available
WARNING: [Board 49-26] cannot add Board Part xilinx.com:vck190:part0:3.2 available at /opt/Xilinx/2025.2/data/xhub/boards/XilinxBoardStore/boards/Xilinx/vck190/production/3.2/board.xml as part xcvc1902-vsva2197-2mp-e-s specified in board_part file is either invalid or not available
WARNING: [Board 49-26] cannot add Board Part xilinx.com:vck190:part0:3.3 available at /opt/Xilinx/2025.2/data/xhub/boards/XilinxBoardStore/boards/Xilinx/vck190/production/3.3/board.xml as part xcvc1902-vsva2197-2mp-e-s specified in board_part file is either invalid or not available
WARNING: [Board 49-26] cannot add Board Part xilinx.com:vck190:part0:3.4 available at /opt/Xilinx/2025.2/data/xhub/boards/XilinxBoardStore/boards/Xilinx/vck190/production/3.4/board.xml as part xcvc1902-vsva2197-2mp-e-s specified in board_part file is either invalid or not available
WARNING: [Board 49-26] cannot add Board Part xilinx.com:vck190_newl:part0:1.0 available at /opt/Xilinx/2025.2/data/xhub/boards/XilinxBoardStore/boards/Xilinx/vck190_newl/production/1.0/board.xml as part xcvc1902-vsva2197-2mp-e-s specified in board_part file is either invalid or not available
WARNING: [Board 49-26] cannot add Board Part xilinx.com:vck190_newl:part0:1.1 available at /opt/Xilinx/2025.2/data/xhub/boards/XilinxBoardStore/boards/Xilinx/vck190_newl/production/1.1/board.xml as part xcvc1902-vsva2197-2mp-e-s specified in board_part file is either invalid or not available
WARNING: [Board 49-26] cannot add Board Part xilinx.com:vck190_newl:part0:1.2 available at /opt/Xilinx/2025.2/data/xhub/boards/XilinxBoardStore/boards/Xilinx/vck190_newl/production/1.2/board.xml as part xcvc1902-vsva2197-2mp-e-s specified in board_part file is either invalid or not available
WARNING: [Board 49-26] cannot add Board Part xilinx.com:vck190_newl:part0:1.3 available at /opt/Xilinx/2025.2/data/xhub/boards/XilinxBoardStore/boards/Xilinx/vck190_newl/production/1.3/board.xml as part xcvc1902-vsva2197-2mp-e-s specified in board_part file is either invalid or not available
WARNING: [Board 49-26] cannot add Board Part xilinx.com:vcu108:part0:1.6 available at /opt/Xilinx/2025.2/data/xhub/boards/XilinxBoardStore/boards/Xilinx/vcu108/1.6/board.xml as part xcvu095-ffva2104-2-e specified in board_part file is either invalid or not available
WARNING: [Board 49-26] cannot add Board Part xilinx.com:vcu108:part0:1.7 available at /opt/Xilinx/2025.2/data/xhub/boards/XilinxBoardStore/boards/Xilinx/vcu108/1.7/board.xml as part xcvu095-ffva2104-2-e specified in board_part file is either invalid or not available
WARNING: [Board 49-26] cannot add Board Part xilinx.com:vcu110:part0:1.4 available at /opt/Xilinx/2025.2/data/xhub/boards/XilinxBoardStore/boards/Xilinx/vcu110/1.4/board.xml as part xcvu190-flgc2104-2-e specified in board_part file is either invalid or not available
WARNING: [Board 49-26] cannot add Board Part xilinx.com:vcu118:part0:2.0 available at /opt/Xilinx/2025.2/data/xhub/boards/XilinxBoardStore/boards/Xilinx/vcu118/2.0/board.xml as part xcvu9p-flga2104-2l-e specified in board_part file is either invalid or not available
WARNING: [Board 49-26] cannot add Board Part xilinx.com:vcu118:part0:2.3 available at /opt/Xilinx/2025.2/data/xhub/boards/XilinxBoardStore/boards/Xilinx/vcu118/2.3/board.xml as part xcvu9p-flga2104-2l-e specified in board_part file is either invalid or not available
WARNING: [Board 49-26] cannot add Board Part xilinx.com:vcu118:part0:2.4 available at /opt/Xilinx/2025.2/data/xhub/boards/XilinxBoardStore/boards/Xilinx/vcu118/2.4/board.xml as part xcvu9p-flga2104-2l-e specified in board_part file is either invalid or not available
WARNING: [Board 49-26] cannot add Board Part xilinx.com:vcu128:part0:1.0 available at /opt/Xilinx/2025.2/data/xhub/boards/XilinxBoardStore/boards/Xilinx/vcu128/production/1.0/board.xml as part xcvu37p-fsvh2892-2l-e specified in board_part file is either invalid or not available
WARNING: [Board 49-26] cannot add Board Part xilinx.com:vcu129:part0:1.0 available at /opt/Xilinx/2025.2/data/xhub/boards/XilinxBoardStore/boards/Xilinx/vcu129/production/1.0/board.xml as part xcvu29p-fsga2577-2l-e specified in board_part file is either invalid or not available
WARNING: [Board 49-26] cannot add Board Part xilinx.com:vcu1525:part0:1.3 available at /opt/Xilinx/2025.2/data/xhub/boards/XilinxBoardStore/boards/Xilinx/vcu1525/1.3/board.xml as part xcvu9p-fsgd2104-2l-e specified in board_part file is either invalid or not available
WARNING: [Board 49-26] cannot add Board Part xilinx.com:vek280:part0:1.0 available at /opt/Xilinx/2025.2/data/xhub/boards/XilinxBoardStore/boards/Xilinx/vek280/production/1.0/board.xml as part xcve2802-vsvh1760-2mp-e-s specified in board_part file is either invalid or not available
WARNING: [Board 49-26] cannot add Board Part xilinx.com:vek280:part0:1.1 available at /opt/Xilinx/2025.2/data/xhub/boards/XilinxBoardStore/boards/Xilinx/vek280/production/1.1/board.xml as part xcve2802-vsvh1760-2mp-e-s specified in board_part file is either invalid or not available
WARNING: [Board 49-26] cannot add Board Part xilinx.com:vek280:part0:1.2 available at /opt/Xilinx/2025.2/data/xhub/boards/XilinxBoardStore/boards/Xilinx/vek280/production/1.2/board.xml as part xcve2802-vsvh1760-2mp-e-s specified in board_part file is either invalid or not available
WARNING: [Board 49-26] cannot add Board Part xilinx.com:vek385:part0:1.0 available at /opt/Xilinx/2025.2/data/xhub/boards/XilinxBoardStore/boards/Xilinx/vek385/1.0/board.xml as part xc2ve3858-ssva2112-2mp-e-s specified in board_part file is either invalid or not available
WARNING: [Board 49-26] cannot add Board Part xilinx.com:vek385:part0:1.1 available at /opt/Xilinx/2025.2/data/xhub/boards/XilinxBoardStore/boards/Xilinx/vek385/1.1/board.xml as part xc2ve3858-ssva2112-2mp-e-s specified in board_part file is either invalid or not available
WARNING: [Board 49-26] cannot add Board Part xilinx.com:vek385_1:part0:1.0 available at /opt/Xilinx/2025.2/data/xhub/boards/XilinxBoardStore/boards/Xilinx/vek385_2/1.0/board.xml as part xc2ve3858-ssva2112-2mp-e-s specified in board_part file is either invalid or not available
WARNING: [Board 49-26] cannot add Board Part xilinx.com:vermeo_t1_mpsoc:part0:1.0 available at /opt/Xilinx/2025.2/data/xhub/boards/XilinxBoardStore/boards/Xilinx/vermeo_t1_mpsoc/1.0/board.xml as part xczu19eg-ffvd1760-2l-e specified in board_part file is either invalid or not available
WARNING: [Board 49-26] cannot add Board Part xilinx.com:vermeo_t1_rfsoc:part0:1.0 available at /opt/Xilinx/2025.2/data/xhub/boards/XilinxBoardStore/boards/Xilinx/vermeo_t1_rfsoc/1.0/board.xml as part xczu21dr-ffvd1156-2l-e specified in board_part file is either invalid or not available
WARNING: [Board 49-26] cannot add Board Part xilinx.com:vhk158:part0:1.0 available at /opt/Xilinx/2025.2/data/xhub/boards/XilinxBoardStore/boards/Xilinx/vhk158/production/1.0/board.xml as part xcvh1582-vsva3697-2mp-e-s specified in board_part file is either invalid or not available
WARNING: [Board 49-26] cannot add Board Part xilinx.com:vhk158:part0:1.1 available at /opt/Xilinx/2025.2/data/xhub/boards/XilinxBoardStore/boards/Xilinx/vhk158/production/1.1/board.xml as part xcvh1582-vsva3697-2mp-e-s specified in board_part file is either invalid or not available
WARNING: [Board 49-26] cannot add Board Part xilinx.com:vhk158:part0:1.2 available at /opt/Xilinx/2025.2/data/xhub/boards/XilinxBoardStore/boards/Xilinx/vhk158/production/1.2/board.xml as part xcvh1582-vsva3697-2mp-e-s specified in board_part file is either invalid or not available
WARNING: [Board 49-26] cannot add Board Part xilinx.com:vmk180:part0:2.2 available at /opt/Xilinx/2025.2/data/xhub/boards/XilinxBoardStore/boards/Xilinx/vmk180/production/2.2/board.xml as part xcvm1802-vsva2197-2mp-e-s specified in board_part file is either invalid or not available
WARNING: [Board 49-26] cannot add Board Part xilinx.com:vmk180:part0:3.0 available at /opt/Xilinx/2025.2/data/xhub/boards/XilinxBoardStore/boards/Xilinx/vmk180/production/3.0/board.xml as part xcvm1802-vsva2197-2mp-e-s specified in board_part file is either invalid or not available
WARNING: [Board 49-26] cannot add Board Part xilinx.com:vmk180:part0:3.1 available at /opt/Xilinx/2025.2/data/xhub/boards/XilinxBoardStore/boards/Xilinx/vmk180/production/3.1/board.xml as part xcvm1802-vsva2197-2mp-e-s specified in board_part file is either invalid or not available
WARNING: [Board 49-26] cannot add Board Part xilinx.com:vmk180:part0:3.2 available at /opt/Xilinx/2025.2/data/xhub/boards/XilinxBoardStore/boards/Xilinx/vmk180/production/3.2/board.xml as part xcvm1802-vsva2197-2mp-e-s specified in board_part file is either invalid or not available
WARNING: [Board 49-26] cannot add Board Part xilinx.com:vmk180:part0:3.3 available at /opt/Xilinx/2025.2/data/xhub/boards/XilinxBoardStore/boards/Xilinx/vmk180/production/3.3/board.xml as part xcvm1802-vsva2197-2mp-e-s specified in board_part file is either invalid or not available
WARNING: [Board 49-26] cannot add Board Part xilinx.com:vmk180_newl:part0:1.0 available at /opt/Xilinx/2025.2/data/xhub/boards/XilinxBoardStore/boards/Xilinx/vmk180_newl/production/1.0/board.xml as part xcvm1802-vsva2197-2mp-e-s specified in board_part file is either invalid or not available
WARNING: [Board 49-26] cannot add Board Part xilinx.com:vmk180_newl:part0:1.1 available at /opt/Xilinx/2025.2/data/xhub/boards/XilinxBoardStore/boards/Xilinx/vmk180_newl/production/1.1/board.xml as part xcvm1802-vsva2197-2mp-e-s specified in board_part file is either invalid or not available
WARNING: [Board 49-26] cannot add Board Part xilinx.com:vpk120:part0:1.0 available at /opt/Xilinx/2025.2/data/xhub/boards/XilinxBoardStore/boards/Xilinx/vpk120/production/1.0/board.xml as part xcvp1202-vsva2785-2mp-e-s specified in board_part file is either invalid or not available
WARNING: [Board 49-26] cannot add Board Part xilinx.com:vpk120:part0:1.1 available at /opt/Xilinx/2025.2/data/xhub/boards/XilinxBoardStore/boards/Xilinx/vpk120/production/1.1/board.xml as part xcvp1202-vsva2785-2mp-e-s specified in board_part file is either invalid or not available
WARNING: [Board 49-26] cannot add Board Part xilinx.com:vpk120:part0:1.2 available at /opt/Xilinx/2025.2/data/xhub/boards/XilinxBoardStore/boards/Xilinx/vpk120/production/1.2/board.xml as part xcvp1202-vsva2785-2mp-e-s specified in board_part file is either invalid or not available
WARNING: [Board 49-26] cannot add Board Part xilinx.com:vpk180:part0:1.0 available at /opt/Xilinx/2025.2/data/xhub/boards/XilinxBoardStore/boards/Xilinx/vpk180/production/1.0/board.xml as part xcvp1802-lsvc4072-2mp-e-s specified in board_part file is either invalid or not available
WARNING: [Board 49-26] cannot add Board Part xilinx.com:vpk180:part0:1.1 available at /opt/Xilinx/2025.2/data/xhub/boards/XilinxBoardStore/boards/Xilinx/vpk180/production/1.1/board.xml as part xcvp1802-lsvc4072-2mp-e-s specified in board_part file is either invalid or not available
WARNING: [Board 49-26] cannot add Board Part xilinx.com:vpk180:part0:1.2 available at /opt/Xilinx/2025.2/data/xhub/boards/XilinxBoardStore/boards/Xilinx/vpk180/production/1.2/board.xml as part xcvp1802-lsvc4072-2mp-e-s specified in board_part file is either invalid or not available
WARNING: [Board 49-26] cannot add Board Part xilinx.com:vrk160:part0:1.0 available at /opt/Xilinx/2025.2/data/xhub/boards/XilinxBoardStore/boards/Xilinx/vrk160/1.0/board.xml as part xcvr1602-vsva2488-2mp-e-s-es1 specified in board_part file is either invalid or not available
WARNING: [Board 49-26] cannot add Board Part xilinx.com:vrk160:part0:1.1 available at /opt/Xilinx/2025.2/data/xhub/boards/XilinxBoardStore/boards/Xilinx/vrk160/1.1/board.xml as part xcvr1602-vsva2488-2mp-e-s-es1 specified in board_part file is either invalid or not available
WARNING: [Board 49-26] cannot add Board Part xilinx.com:zc702:part0:1.4 available at /opt/Xilinx/2025.2/data/xhub/boards/XilinxBoardStore/boards/Xilinx/zc702/1.4/board.xml as part xc7z020clg484-1 specified in board_part file is either invalid or not available
WARNING: [Board 49-26] cannot add Board Part xilinx.com:zc706:part0:1.4 available at /opt/Xilinx/2025.2/data/xhub/boards/XilinxBoardStore/boards/Xilinx/zc706/1.4/board.xml as part xc7z045ffg900-2 specified in board_part file is either invalid or not available
WARNING: [Board 49-26] cannot add Board Part xilinx.com:zc706:part0:1.5 available at /opt/Xilinx/2025.2/data/xhub/boards/XilinxBoardStore/boards/Xilinx/zc706/1.5/board.xml as part xc7z045ffg900-2 specified in board_part file is either invalid or not available
WARNING: [Board 49-26] cannot add Board Part xilinx.com:zcu102:part0:3.3 available at /opt/Xilinx/2025.2/data/xhub/boards/XilinxBoardStore/boards/Xilinx/zcu102/3.3/board.xml as part xczu9eg-ffvb1156-2-e specified in board_part file is either invalid or not available
INFO: [Common 17-14] Message 'Board 49-26' appears 100 times and further instances of the messages will be disabled. Use the Tcl command set_msg_config to change the current settings.
create_project vivado /home/deepaung/Courses/hw-syn-lab-i/final-project/vivado -part xc7a35tcpg236-1
INFO: [IP_Flow 19-234] Refreshing IP repositories
INFO: [IP_Flow 19-1704] No user IP repositories specified
INFO: [IP_Flow 19-2313] Loaded Vivado IP repository '/opt/Xilinx/2025.2/data/ip'.
set_property board_part digilentinc.com:basys3:part0:1.2 [current_project]
add_files -fileset constrs_1 -norecurse /home/deepaung/Courses/hw-syn-lab-i/final-project/verilog/Basys-3-Master.xdc
import_files -fileset constrs_1 /home/deepaung/Courses/hw-syn-lab-i/final-project/verilog/Basys-3-Master.xdc
remove_files  -fileset constrs_1 /home/deepaung/Courses/hw-syn-lab-i/final-project/vivado/vivado.srcs/constrs_1/imports/verilog/Basys-3-Master.xdc
add_files -fileset constrs_1 -norecurse /home/deepaung/Courses/hw-syn-lab-i/final-project/verilog/Basys-3-Master.xdc
add_files -norecurse {/home/deepaung/Courses/hw-syn-lab-i/final-project/verilog/top.v /home/deepaung/Courses/hw-syn-lab-i/final-project/verilog/vga_controller.v}
update_compile_order -fileset sources_1
update_compile_order -fileset sources_1
launch_runs impl_1 -to_step write_bitstream -jobs 8
[Tue Apr 21 13:43:07 2026] Launched synth_1...
Run output will be captured here: /home/deepaung/Courses/hw-syn-lab-i/final-project/vivado/vivado.runs/synth_1/runme.log
[Tue Apr 21 13:43:07 2026] Launched impl_1...
Run output will be captured here: /home/deepaung/Courses/hw-syn-lab-i/final-project/vivado/vivado.runs/impl_1/runme.log
WARNING: [filemgmt 56-199] Attempt to get parsing info during refresh. "On-the-fly" syntax checking information may be incorrect. [/home/deepaung/Courses/hw-syn-lab-i/final-project/verilog/top.v:]
WARNING: [filemgmt 56-199] Attempt to get parsing info during refresh. "On-the-fly" syntax checking information may be incorrect. [/home/deepaung/Courses/hw-syn-lab-i/final-project/verilog/vga_controller.v:]
WARNING: [filemgmt 56-199] Attempt to get parsing info during refresh. "On-the-fly" syntax checking information may be incorrect. [/home/deepaung/Courses/hw-syn-lab-i/final-project/verilog/top.v:]
WARNING: [filemgmt 56-199] Attempt to get parsing info during refresh. "On-the-fly" syntax checking information may be incorrect. [/home/deepaung/Courses/hw-syn-lab-i/final-project/verilog/top.v:]
WARNING: [filemgmt 56-199] Attempt to get parsing info during refresh. "On-the-fly" syntax checking information may be incorrect. [/home/deepaung/Courses/hw-syn-lab-i/final-project/verilog/top.v:]
WARNING: [filemgmt 56-199] Attempt to get parsing info during refresh. "On-the-fly" syntax checking information may be incorrect. [/home/deepaung/Courses/hw-syn-lab-i/final-project/verilog/vga_controller.v:]
WARNING: [filemgmt 56-199] Attempt to get parsing info during refresh. "On-the-fly" syntax checking information may be incorrect. [/home/deepaung/Courses/hw-syn-lab-i/final-project/verilog/vga_controller.v:]
WARNING: [filemgmt 56-199] Attempt to get parsing info during refresh. "On-the-fly" syntax checking information may be incorrect. [/home/deepaung/Courses/hw-syn-lab-i/final-project/verilog/vga_controller.v:]
WARNING: [filemgmt 56-199] Attempt to get parsing info during refresh. "On-the-fly" syntax checking information may be incorrect. [/home/deepaung/Courses/hw-syn-lab-i/final-project/verilog/top.v:]
WARNING: [filemgmt 56-199] Attempt to get parsing info during refresh. "On-the-fly" syntax checking information may be incorrect. [/home/deepaung/Courses/hw-syn-lab-i/final-project/verilog/vga_controller.v:]
WARNING: [filemgmt 56-199] Attempt to get parsing info during refresh. "On-the-fly" syntax checking information may be incorrect. [/home/deepaung/Courses/hw-syn-lab-i/final-project/verilog/top.v:]
WARNING: [filemgmt 56-199] Attempt to get parsing info during refresh. "On-the-fly" syntax checking information may be incorrect. [/home/deepaung/Courses/hw-syn-lab-i/final-project/verilog/top.v:]
reset_run synth_1
INFO: [Project 1-1160] Copying file /home/deepaung/Courses/hw-syn-lab-i/final-project/vivado/vivado.runs/synth_1/vga_test.dcp to /home/deepaung/Courses/hw-syn-lab-i/final-project/vivado/vivado.srcs/utils_1/imports/synth_1 and adding it to utils fileset
WARNING: [filemgmt 56-199] Attempt to get parsing info during refresh. "On-the-fly" syntax checking information may be incorrect. [/home/deepaung/Courses/hw-syn-lab-i/final-project/verilog/top.v:]
WARNING: [filemgmt 56-199] Attempt to get parsing info during refresh. "On-the-fly" syntax checking information may be incorrect. [/home/deepaung/Courses/hw-syn-lab-i/final-project/verilog/vga_controller.v:]
WARNING: [filemgmt 56-199] Attempt to get parsing info during refresh. "On-the-fly" syntax checking information may be incorrect. [/home/deepaung/Courses/hw-syn-lab-i/final-project/verilog/top.v:]
WARNING: [filemgmt 56-199] Attempt to get parsing info during refresh. "On-the-fly" syntax checking information may be incorrect. [/home/deepaung/Courses/hw-syn-lab-i/final-project/verilog/top.v:]
launch_runs impl_1 -to_step write_bitstream -jobs 8
[Tue Apr 21 13:47:46 2026] Launched synth_1...
Run output will be captured here: /home/deepaung/Courses/hw-syn-lab-i/final-project/vivado/vivado.runs/synth_1/runme.log
[Tue Apr 21 13:47:46 2026] Launched impl_1...
Run output will be captured here: /home/deepaung/Courses/hw-syn-lab-i/final-project/vivado/vivado.runs/impl_1/runme.log
open_hw_manager
connect_hw_server -allow_non_jtag
INFO: [Labtools 27-2285] Connecting to hw_server url TCP:localhost:3121
INFO: [Labtools 27-2222] Launching hw_server...
INFO: [Labtools 27-2221] Launch Output:

****** Xilinx hw_server v2025.2
  **** Build date : Oct 28 2025 at 16:07:00
    ** Copyright 1986-2022 Xilinx, Inc. All Rights Reserved.


INFO: [Labtools 27-3415] Connecting to cs_server url TCP:localhost:0
INFO: [Labtools 27-3417] Launching cs_server...
INFO: [Labtools 27-2221] Launch Output:


******** Xilinx cs_server v2025.2.0
  ****** Build date   : Nov 14 2025-06:16:52
    **** Build number : 2025.2.1763075812
      ** Copyright 2017-2022 Xilinx, Inc. All Rights Reserved.
      ** Copyright 2022-2026 Advanced Micro Devices, Inc. All Rights Reserved.



open_hw_target
INFO: [Labtoolstcl 44-466] Opening hw_target localhost:3121/xilinx_tcf/Digilent/210183B81EE0A
set_property PROGRAM.FILE {/home/deepaung/Courses/hw-syn-lab-i/final-project/vivado/vivado.runs/impl_1/vga_test.bit} [get_hw_devices xc7a35t_0]
current_hw_device [get_hw_devices xc7a35t_0]
refresh_hw_device -update_hw_probes false [lindex [get_hw_devices xc7a35t_0] 0]
INFO: [Labtools 27-1435] Device xc7a35t (JTAG device index = 0) is not programmed (DONE status = 0).
set_property PROBES.FILE {} [get_hw_devices xc7a35t_0]
set_property FULL_PROBES.FILE {} [get_hw_devices xc7a35t_0]
set_property PROGRAM.FILE {/home/deepaung/Courses/hw-syn-lab-i/final-project/vivado/vivado.runs/impl_1/vga_test.bit} [get_hw_devices xc7a35t_0]
program_hw_devices [get_hw_devices xc7a35t_0]
INFO: [Labtools 27-3164] End of startup status: HIGH
refresh_hw_device [lindex [get_hw_devices xc7a35t_0] 0]
INFO: [Labtools 27-1434] Device xc7a35t (JTAG device index = 0) is programmed with a design that has no supported soft debug core(s) in it.
ERROR: [Labtoolstcl 44-513] HW Target shutdown. Closing target: localhost:3121/xilinx_tcf/Digilent/210183B81EE0A
INFO: [Labtoolstcl 44-466] Opening hw_target localhost:3121/xilinx_tcf/Digilent/210183B81EE0A
INFO: [Labtools 27-1434] Device xc7a35t (JTAG device index = 0) is programmed with a design that has no supported soft debug core(s) in it.
WARNING: [Labtoolstcl 44-129] No matching hw_ila_data was found.
ERROR: [Labtoolstcl 44-513] HW Target shutdown. Closing target: localhost:3121/xilinx_tcf/Digilent/210183B81EE0A
INFO: [Labtoolstcl 44-466] Opening hw_target localhost:3121/xilinx_tcf/Digilent/210183B81EE0A
INFO: [Labtools 27-1434] Device xc7a35t (JTAG device index = 0) is programmed with a design that has no supported soft debug core(s) in it.
WARNING: [Labtoolstcl 44-129] No matching hw_ila_data was found.
ERROR: [Labtoolstcl 44-513] HW Target shutdown. Closing target: localhost:3121/xilinx_tcf/Digilent/210183B81EE0A
INFO: [Labtoolstcl 44-466] Opening hw_target localhost:3121/xilinx_tcf/Digilent/210183B81EE0A
INFO: [Labtools 27-1434] Device xc7a35t (JTAG device index = 0) is programmed with a design that has no supported soft debug core(s) in it.
WARNING: [Labtoolstcl 44-129] No matching hw_ila_data was found.
ERROR: [Labtoolstcl 44-513] HW Target shutdown. Closing target: localhost:3121/xilinx_tcf/Digilent/210183B81EE0A
INFO: [Labtoolstcl 44-466] Opening hw_target localhost:3121/xilinx_tcf/Digilent/210183B81EE0A
INFO: [Labtools 27-1434] Device xc7a35t (JTAG device index = 0) is programmed with a design that has no supported soft debug core(s) in it.
WARNING: [Labtoolstcl 44-129] No matching hw_ila_data was found.
ERROR: [Labtoolstcl 44-513] HW Target shutdown. Closing target: localhost:3121/xilinx_tcf/Digilent/210183B81EE0A
INFO: [Labtoolstcl 44-466] Opening hw_target localhost:3121/xilinx_tcf/Digilent/210183B81EE0A
INFO: [Labtools 27-1434] Device xc7a35t (JTAG device index = 0) is programmed with a design that has no supported soft debug core(s) in it.
WARNING: [Labtoolstcl 44-129] No matching hw_ila_data was found.
ERROR: [Labtoolstcl 44-513] HW Target shutdown. Closing target: localhost:3121/xilinx_tcf/Digilent/210183B81EE0A
WARNING: [filemgmt 56-199] Attempt to get parsing info during refresh. "On-the-fly" syntax checking information may be incorrect. [/home/deepaung/Courses/hw-syn-lab-i/final-project/verilog/top.v:]
WARNING: [filemgmt 56-199] Attempt to get parsing info during refresh. "On-the-fly" syntax checking information may be incorrect. [/home/deepaung/Courses/hw-syn-lab-i/final-project/verilog/vga_controller.v:]
WARNING: [filemgmt 56-199] Attempt to get parsing info during refresh. "On-the-fly" syntax checking information may be incorrect. [/home/deepaung/Courses/hw-syn-lab-i/final-project/verilog/top.v:]
WARNING: [filemgmt 56-199] Attempt to get parsing info during refresh. "On-the-fly" syntax checking information may be incorrect. [/home/deepaung/Courses/hw-syn-lab-i/final-project/verilog/top.v:]
WARNING: [filemgmt 56-199] Attempt to get parsing info during refresh. "On-the-fly" syntax checking information may be incorrect. [/home/deepaung/Courses/hw-syn-lab-i/final-project/verilog/top.v:]
WARNING: [filemgmt 56-199] Attempt to get parsing info during refresh. "On-the-fly" syntax checking information may be incorrect. [/home/deepaung/Courses/hw-syn-lab-i/final-project/verilog/vga_controller.v:]
WARNING: [filemgmt 56-199] Attempt to get parsing info during refresh. "On-the-fly" syntax checking information may be incorrect. [/home/deepaung/Courses/hw-syn-lab-i/final-project/verilog/top.v:]
WARNING: [filemgmt 56-199] Attempt to get parsing info during refresh. "On-the-fly" syntax checking information may be incorrect. [/home/deepaung/Courses/hw-syn-lab-i/final-project/verilog/top.v:]
WARNING: [filemgmt 56-199] Attempt to get parsing info during refresh. "On-the-fly" syntax checking information may be incorrect. [/home/deepaung/Courses/hw-syn-lab-i/final-project/verilog/top.v:]
WARNING: [filemgmt 56-199] Attempt to get parsing info during refresh. "On-the-fly" syntax checking information may be incorrect. [/home/deepaung/Courses/hw-syn-lab-i/final-project/verilog/vga_controller.v:]
WARNING: [filemgmt 56-199] Attempt to get parsing info during refresh. "On-the-fly" syntax checking information may be incorrect. [/home/deepaung/Courses/hw-syn-lab-i/final-project/verilog/top.v:]
WARNING: [filemgmt 56-199] Attempt to get parsing info during refresh. "On-the-fly" syntax checking information may be incorrect. [/home/deepaung/Courses/hw-syn-lab-i/final-project/verilog/top.v:]
WARNING: [filemgmt 56-199] Attempt to get parsing info during refresh. "On-the-fly" syntax checking information may be incorrect. [/home/deepaung/Courses/hw-syn-lab-i/final-project/verilog/top.v:]
WARNING: [filemgmt 56-199] Attempt to get parsing info during refresh. "On-the-fly" syntax checking information may be incorrect. [/home/deepaung/Courses/hw-syn-lab-i/final-project/verilog/vga_controller.v:]
WARNING: [filemgmt 56-199] Attempt to get parsing info during refresh. "On-the-fly" syntax checking information may be incorrect. [/home/deepaung/Courses/hw-syn-lab-i/final-project/verilog/top.v:]
WARNING: [filemgmt 56-199] Attempt to get parsing info during refresh. "On-the-fly" syntax checking information may be incorrect. [/home/deepaung/Courses/hw-syn-lab-i/final-project/verilog/top.v:]
WARNING: [filemgmt 56-199] Attempt to get parsing info during refresh. "On-the-fly" syntax checking information may be incorrect. [/home/deepaung/Courses/hw-syn-lab-i/final-project/verilog/top.v:]
WARNING: [filemgmt 56-199] Attempt to get parsing info during refresh. "On-the-fly" syntax checking information may be incorrect. [/home/deepaung/Courses/hw-syn-lab-i/final-project/verilog/vga_controller.v:]
WARNING: [filemgmt 56-199] Attempt to get parsing info during refresh. "On-the-fly" syntax checking information may be incorrect. [/home/deepaung/Courses/hw-syn-lab-i/final-project/verilog/vga_controller.v:]
WARNING: [filemgmt 56-199] Attempt to get parsing info during refresh. "On-the-fly" syntax checking information may be incorrect. [/home/deepaung/Courses/hw-syn-lab-i/final-project/verilog/vga_controller.v:]
WARNING: [filemgmt 56-199] Attempt to get parsing info during refresh. "On-the-fly" syntax checking information may be incorrect. [/home/deepaung/Courses/hw-syn-lab-i/final-project/verilog/top.v:]
WARNING: [filemgmt 56-199] Attempt to get parsing info during refresh. "On-the-fly" syntax checking information may be incorrect. [/home/deepaung/Courses/hw-syn-lab-i/final-project/verilog/vga_controller.v:]
WARNING: [filemgmt 56-199] Attempt to get parsing info during refresh. "On-the-fly" syntax checking information may be incorrect. [/home/deepaung/Courses/hw-syn-lab-i/final-project/verilog/top.v:]
WARNING: [filemgmt 56-199] Attempt to get parsing info during refresh. "On-the-fly" syntax checking information may be incorrect. [/home/deepaung/Courses/hw-syn-lab-i/final-project/verilog/top.v:]
WARNING: [filemgmt 56-199] Attempt to get parsing info during refresh. "On-the-fly" syntax checking information may be incorrect. [/home/deepaung/Courses/hw-syn-lab-i/final-project/verilog/top.v:]
WARNING: [filemgmt 56-199] Attempt to get parsing info during refresh. "On-the-fly" syntax checking information may be incorrect. [/home/deepaung/Courses/hw-syn-lab-i/final-project/verilog/vga_controller.v:]
WARNING: [filemgmt 56-199] Attempt to get parsing info during refresh. "On-the-fly" syntax checking information may be incorrect. [/home/deepaung/Courses/hw-syn-lab-i/final-project/verilog/vga_controller.v:]
WARNING: [filemgmt 56-199] Attempt to get parsing info during refresh. "On-the-fly" syntax checking information may be incorrect. [/home/deepaung/Courses/hw-syn-lab-i/final-project/verilog/vga_controller.v:]
WARNING: [filemgmt 56-199] Attempt to get parsing info during refresh. "On-the-fly" syntax checking information may be incorrect. [/home/deepaung/Courses/hw-syn-lab-i/final-project/verilog/top.v:]
WARNING: [filemgmt 56-199] Attempt to get parsing info during refresh. "On-the-fly" syntax checking information may be incorrect. [/home/deepaung/Courses/hw-syn-lab-i/final-project/verilog/vga_controller.v:]
WARNING: [filemgmt 56-199] Attempt to get parsing info during refresh. "On-the-fly" syntax checking information may be incorrect. [/home/deepaung/Courses/hw-syn-lab-i/final-project/verilog/top.v:]
WARNING: [filemgmt 56-199] Attempt to get parsing info during refresh. "On-the-fly" syntax checking information may be incorrect. [/home/deepaung/Courses/hw-syn-lab-i/final-project/verilog/top.v:]
WARNING: [filemgmt 56-199] Attempt to get parsing info during refresh. "On-the-fly" syntax checking information may be incorrect. [/home/deepaung/Courses/hw-syn-lab-i/final-project/verilog/top.v:]
WARNING: [filemgmt 56-199] Attempt to get parsing info during refresh. "On-the-fly" syntax checking information may be incorrect. [/home/deepaung/Courses/hw-syn-lab-i/final-project/verilog/vga_controller.v:]
WARNING: [filemgmt 56-199] Attempt to get parsing info during refresh. "On-the-fly" syntax checking information may be incorrect. [/home/deepaung/Courses/hw-syn-lab-i/final-project/verilog/top.v:]
WARNING: [filemgmt 56-199] Attempt to get parsing info during refresh. "On-the-fly" syntax checking information may be incorrect. [/home/deepaung/Courses/hw-syn-lab-i/final-project/verilog/top.v:]
WARNING: [filemgmt 56-199] Attempt to get parsing info during refresh. "On-the-fly" syntax checking information may be incorrect. [/home/deepaung/Courses/hw-syn-lab-i/final-project/verilog/top.v:]
WARNING: [filemgmt 56-199] Attempt to get parsing info during refresh. "On-the-fly" syntax checking information may be incorrect. [/home/deepaung/Courses/hw-syn-lab-i/final-project/verilog/vga_controller.v:]
WARNING: [filemgmt 56-199] Attempt to get parsing info during refresh. "On-the-fly" syntax checking information may be incorrect. [/home/deepaung/Courses/hw-syn-lab-i/final-project/verilog/top.v:]
WARNING: [filemgmt 56-199] Attempt to get parsing info during refresh. "On-the-fly" syntax checking information may be incorrect. [/home/deepaung/Courses/hw-syn-lab-i/final-project/verilog/top.v:]
WARNING: [filemgmt 56-199] Attempt to get parsing info during refresh. "On-the-fly" syntax checking information may be incorrect. [/home/deepaung/Courses/hw-syn-lab-i/final-project/verilog/top.v:]
WARNING: [filemgmt 56-199] Attempt to get parsing info during refresh. "On-the-fly" syntax checking information may be incorrect. [/home/deepaung/Courses/hw-syn-lab-i/final-project/verilog/vga_controller.v:]
WARNING: [filemgmt 56-199] Attempt to get parsing info during refresh. "On-the-fly" syntax checking information may be incorrect. [/home/deepaung/Courses/hw-syn-lab-i/final-project/verilog/top.v:]
WARNING: [filemgmt 56-199] Attempt to get parsing info during refresh. "On-the-fly" syntax checking information may be incorrect. [/home/deepaung/Courses/hw-syn-lab-i/final-project/verilog/top.v:]
WARNING: [filemgmt 56-199] Attempt to get parsing info during refresh. "On-the-fly" syntax checking information may be incorrect. [/home/deepaung/Courses/hw-syn-lab-i/final-project/verilog/top.v:]
WARNING: [filemgmt 56-199] Attempt to get parsing info during refresh. "On-the-fly" syntax checking information may be incorrect. [/home/deepaung/Courses/hw-syn-lab-i/final-project/verilog/vga_controller.v:]
WARNING: [filemgmt 56-199] Attempt to get parsing info during refresh. "On-the-fly" syntax checking information may be incorrect. [/home/deepaung/Courses/hw-syn-lab-i/final-project/verilog/vga_controller.v:]
WARNING: [filemgmt 56-199] Attempt to get parsing info during refresh. "On-the-fly" syntax checking information may be incorrect. [/home/deepaung/Courses/hw-syn-lab-i/final-project/verilog/vga_controller.v:]
WARNING: [filemgmt 56-199] Attempt to get parsing info during refresh. "On-the-fly" syntax checking information may be incorrect. [/home/deepaung/Courses/hw-syn-lab-i/final-project/verilog/top.v:]
WARNING: [filemgmt 56-199] Attempt to get parsing info during refresh. "On-the-fly" syntax checking information may be incorrect. [/home/deepaung/Courses/hw-syn-lab-i/final-project/verilog/vga_controller.v:]
WARNING: [filemgmt 56-199] Attempt to get parsing info during refresh. "On-the-fly" syntax checking information may be incorrect. [/home/deepaung/Courses/hw-syn-lab-i/final-project/verilog/vga_controller.v:]
WARNING: [filemgmt 56-199] Attempt to get parsing info during refresh. "On-the-fly" syntax checking information may be incorrect. [/home/deepaung/Courses/hw-syn-lab-i/final-project/verilog/vga_controller.v:]
WARNING: [filemgmt 56-199] Attempt to get parsing info during refresh. "On-the-fly" syntax checking information may be incorrect. [/home/deepaung/Courses/hw-syn-lab-i/final-project/verilog/top.v:]
WARNING: [filemgmt 56-199] Attempt to get parsing info during refresh. "On-the-fly" syntax checking information may be incorrect. [/home/deepaung/Courses/hw-syn-lab-i/final-project/verilog/vga_controller.v:]
WARNING: [filemgmt 56-199] Attempt to get parsing info during refresh. "On-the-fly" syntax checking information may be incorrect. [/home/deepaung/Courses/hw-syn-lab-i/final-project/verilog/top.v:]
WARNING: [filemgmt 56-199] Attempt to get parsing info during refresh. "On-the-fly" syntax checking information may be incorrect. [/home/deepaung/Courses/hw-syn-lab-i/final-project/verilog/top.v:]
WARNING: [filemgmt 56-199] Attempt to get parsing info during refresh. "On-the-fly" syntax checking information may be incorrect. [/home/deepaung/Courses/hw-syn-lab-i/final-project/verilog/top.v:]
WARNING: [filemgmt 56-199] Attempt to get parsing info during refresh. "On-the-fly" syntax checking information may be incorrect. [/home/deepaung/Courses/hw-syn-lab-i/final-project/verilog/vga_controller.v:]
WARNING: [filemgmt 56-199] Attempt to get parsing info during refresh. "On-the-fly" syntax checking information may be incorrect. [/home/deepaung/Courses/hw-syn-lab-i/final-project/verilog/top.v:]
WARNING: [filemgmt 56-199] Attempt to get parsing info during refresh. "On-the-fly" syntax checking information may be incorrect. [/home/deepaung/Courses/hw-syn-lab-i/final-project/verilog/top.v:]
WARNING: [filemgmt 56-199] Attempt to get parsing info during refresh. "On-the-fly" syntax checking information may be incorrect. [/home/deepaung/Courses/hw-syn-lab-i/final-project/verilog/top.v:]
WARNING: [filemgmt 56-199] Attempt to get parsing info during refresh. "On-the-fly" syntax checking information may be incorrect. [/home/deepaung/Courses/hw-syn-lab-i/final-project/verilog/vga_controller.v:]
WARNING: [filemgmt 56-199] Attempt to get parsing info during refresh. "On-the-fly" syntax checking information may be incorrect. [/home/deepaung/Courses/hw-syn-lab-i/final-project/verilog/top.v:]
WARNING: [filemgmt 56-199] Attempt to get parsing info during refresh. "On-the-fly" syntax checking information may be incorrect. [/home/deepaung/Courses/hw-syn-lab-i/final-project/verilog/top.v:]
WARNING: [filemgmt 56-199] Attempt to get parsing info during refresh. "On-the-fly" syntax checking information may be incorrect. [/home/deepaung/Courses/hw-syn-lab-i/final-project/verilog/top.v:]
WARNING: [filemgmt 56-199] Attempt to get parsing info during refresh. "On-the-fly" syntax checking information may be incorrect. [/home/deepaung/Courses/hw-syn-lab-i/final-project/verilog/vga_controller.v:]
WARNING: [filemgmt 56-199] Attempt to get parsing info during refresh. "On-the-fly" syntax checking information may be incorrect. [/home/deepaung/Courses/hw-syn-lab-i/final-project/verilog/top.v:]
WARNING: [filemgmt 56-199] Attempt to get parsing info during refresh. "On-the-fly" syntax checking information may be incorrect. [/home/deepaung/Courses/hw-syn-lab-i/final-project/verilog/top.v:]
WARNING: [filemgmt 56-199] Attempt to get parsing info during refresh. "On-the-fly" syntax checking information may be incorrect. [/home/deepaung/Courses/hw-syn-lab-i/final-project/verilog/top.v:]
WARNING: [filemgmt 56-199] Attempt to get parsing info during refresh. "On-the-fly" syntax checking information may be incorrect. [/home/deepaung/Courses/hw-syn-lab-i/final-project/verilog/vga_controller.v:]
WARNING: [filemgmt 56-199] Attempt to get parsing info during refresh. "On-the-fly" syntax checking information may be incorrect. [/home/deepaung/Courses/hw-syn-lab-i/final-project/verilog/top.v:]
WARNING: [filemgmt 56-199] Attempt to get parsing info during refresh. "On-the-fly" syntax checking information may be incorrect. [/home/deepaung/Courses/hw-syn-lab-i/final-project/verilog/top.v:]
WARNING: [filemgmt 56-199] Attempt to get parsing info during refresh. "On-the-fly" syntax checking information may be incorrect. [/home/deepaung/Courses/hw-syn-lab-i/final-project/verilog/top.v:]
WARNING: [filemgmt 56-199] Attempt to get parsing info during refresh. "On-the-fly" syntax checking information may be incorrect. [/home/deepaung/Courses/hw-syn-lab-i/final-project/verilog/vga_controller.v:]
WARNING: [filemgmt 56-199] Attempt to get parsing info during refresh. "On-the-fly" syntax checking information may be incorrect. [/home/deepaung/Courses/hw-syn-lab-i/final-project/verilog/top.v:]
WARNING: [filemgmt 56-199] Attempt to get parsing info during refresh. "On-the-fly" syntax checking information may be incorrect. [/home/deepaung/Courses/hw-syn-lab-i/final-project/verilog/top.v:]
WARNING: [filemgmt 56-199] Attempt to get parsing info during refresh. "On-the-fly" syntax checking information may be incorrect. [/home/deepaung/Courses/hw-syn-lab-i/final-project/verilog/top.v:]
WARNING: [filemgmt 56-199] Attempt to get parsing info during refresh. "On-the-fly" syntax checking information may be incorrect. [/home/deepaung/Courses/hw-syn-lab-i/final-project/verilog/vga_controller.v:]
WARNING: [filemgmt 56-199] Attempt to get parsing info during refresh. "On-the-fly" syntax checking information may be incorrect. [/home/deepaung/Courses/hw-syn-lab-i/final-project/verilog/top.v:]
WARNING: [filemgmt 56-199] Attempt to get parsing info during refresh. "On-the-fly" syntax checking information may be incorrect. [/home/deepaung/Courses/hw-syn-lab-i/final-project/verilog/top.v:]
WARNING: [filemgmt 56-199] Attempt to get parsing info during refresh. "On-the-fly" syntax checking information may be incorrect. [/home/deepaung/Courses/hw-syn-lab-i/final-project/verilog/top.v:]
WARNING: [filemgmt 56-199] Attempt to get parsing info during refresh. "On-the-fly" syntax checking information may be incorrect. [/home/deepaung/Courses/hw-syn-lab-i/final-project/verilog/vga_controller.v:]
WARNING: [filemgmt 56-199] Attempt to get parsing info during refresh. "On-the-fly" syntax checking information may be incorrect. [/home/deepaung/Courses/hw-syn-lab-i/final-project/verilog/top.v:]
WARNING: [filemgmt 56-199] Attempt to get parsing info during refresh. "On-the-fly" syntax checking information may be incorrect. [/home/deepaung/Courses/hw-syn-lab-i/final-project/verilog/top.v:]
WARNING: [filemgmt 56-199] Attempt to get parsing info during refresh. "On-the-fly" syntax checking information may be incorrect. [/home/deepaung/Courses/hw-syn-lab-i/final-project/verilog/top.v:]
WARNING: [filemgmt 56-199] Attempt to get parsing info during refresh. "On-the-fly" syntax checking information may be incorrect. [/home/deepaung/Courses/hw-syn-lab-i/final-project/verilog/vga_controller.v:]
WARNING: [filemgmt 56-199] Attempt to get parsing info during refresh. "On-the-fly" syntax checking information may be incorrect. [/home/deepaung/Courses/hw-syn-lab-i/final-project/verilog/vga_controller.v:]
WARNING: [filemgmt 56-199] Attempt to get parsing info during refresh. "On-the-fly" syntax checking information may be incorrect. [/home/deepaung/Courses/hw-syn-lab-i/final-project/verilog/vga_controller.v:]
WARNING: [filemgmt 56-199] Attempt to get parsing info during refresh. "On-the-fly" syntax checking information may be incorrect. [/home/deepaung/Courses/hw-syn-lab-i/final-project/verilog/top.v:]
WARNING: [filemgmt 56-199] Attempt to get parsing info during refresh. "On-the-fly" syntax checking information may be incorrect. [/home/deepaung/Courses/hw-syn-lab-i/final-project/verilog/vga_controller.v:]
WARNING: [filemgmt 56-199] Attempt to get parsing info during refresh. "On-the-fly" syntax checking information may be incorrect. [/home/deepaung/Courses/hw-syn-lab-i/final-project/verilog/top.v:]
WARNING: [filemgmt 56-199] Attempt to get parsing info during refresh. "On-the-fly" syntax checking information may be incorrect. [/home/deepaung/Courses/hw-syn-lab-i/final-project/verilog/top.v:]
WARNING: [filemgmt 56-199] Attempt to get parsing info during refresh. "On-the-fly" syntax checking information may be incorrect. [/home/deepaung/Courses/hw-syn-lab-i/final-project/verilog/top.v:]
WARNING: [filemgmt 56-199] Attempt to get parsing info during refresh. "On-the-fly" syntax checking information may be incorrect. [/home/deepaung/Courses/hw-syn-lab-i/final-project/verilog/vga_controller.v:]
WARNING: [filemgmt 56-199] Attempt to get parsing info during refresh. "On-the-fly" syntax checking information may be incorrect. [/home/deepaung/Courses/hw-syn-lab-i/final-project/verilog/top.v:]
WARNING: [filemgmt 56-199] Attempt to get parsing info during refresh. "On-the-fly" syntax checking information may be incorrect. [/home/deepaung/Courses/hw-syn-lab-i/final-project/verilog/top.v:]
WARNING: [filemgmt 56-199] Attempt to get parsing info during refresh. "On-the-fly" syntax checking information may be incorrect. [/home/deepaung/Courses/hw-syn-lab-i/final-project/verilog/top.v:]
WARNING: [filemgmt 56-199] Attempt to get parsing info during refresh. "On-the-fly" syntax checking information may be incorrect. [/home/deepaung/Courses/hw-syn-lab-i/final-project/verilog/vga_controller.v:]
WARNING: [filemgmt 56-199] Attempt to get parsing info during refresh. "On-the-fly" syntax checking information may be incorrect. [/home/deepaung/Courses/hw-syn-lab-i/final-project/verilog/top.v:]
WARNING: [filemgmt 56-199] Attempt to get parsing info during refresh. "On-the-fly" syntax checking information may be incorrect. [/home/deepaung/Courses/hw-syn-lab-i/final-project/verilog/top.v:]
WARNING: [filemgmt 56-199] Attempt to get parsing info during refresh. "On-the-fly" syntax checking information may be incorrect. [/home/deepaung/Courses/hw-syn-lab-i/final-project/verilog/top.v:]
WARNING: [filemgmt 56-199] Attempt to get parsing info during refresh. "On-the-fly" syntax checking information may be incorrect. [/home/deepaung/Courses/hw-syn-lab-i/final-project/verilog/vga_controller.v:]
WARNING: [filemgmt 56-199] Attempt to get parsing info during refresh. "On-the-fly" syntax checking information may be incorrect. [/home/deepaung/Courses/hw-syn-lab-i/final-project/verilog/top.v:]
WARNING: [filemgmt 56-199] Attempt to get parsing info during refresh. "On-the-fly" syntax checking information may be incorrect. [/home/deepaung/Courses/hw-syn-lab-i/final-project/verilog/top.v:]
WARNING: [filemgmt 56-199] Attempt to get parsing info during refresh. "On-the-fly" syntax checking information may be incorrect. [/home/deepaung/Courses/hw-syn-lab-i/final-project/verilog/top.v:]
WARNING: [filemgmt 56-199] Attempt to get parsing info during refresh. "On-the-fly" syntax checking information may be incorrect. [/home/deepaung/Courses/hw-syn-lab-i/final-project/verilog/vga_controller.v:]
WARNING: [filemgmt 56-199] Attempt to get parsing info during refresh. "On-the-fly" syntax checking information may be incorrect. [/home/deepaung/Courses/hw-syn-lab-i/final-project/verilog/top.v:]
WARNING: [filemgmt 56-199] Attempt to get parsing info during refresh. "On-the-fly" syntax checking information may be incorrect. [/home/deepaung/Courses/hw-syn-lab-i/final-project/verilog/top.v:]
WARNING: [filemgmt 56-199] Attempt to get parsing info during refresh. "On-the-fly" syntax checking information may be incorrect. [/home/deepaung/Courses/hw-syn-lab-i/final-project/verilog/top.v:]
WARNING: [filemgmt 56-199] Attempt to get parsing info during refresh. "On-the-fly" syntax checking information may be incorrect. [/home/deepaung/Courses/hw-syn-lab-i/final-project/verilog/vga_controller.v:]
WARNING: [filemgmt 56-199] Attempt to get parsing info during refresh. "On-the-fly" syntax checking information may be incorrect. [/home/deepaung/Courses/hw-syn-lab-i/final-project/verilog/top.v:]
WARNING: [filemgmt 56-199] Attempt to get parsing info during refresh. "On-the-fly" syntax checking information may be incorrect. [/home/deepaung/Courses/hw-syn-lab-i/final-project/verilog/top.v:]
WARNING: [filemgmt 56-199] Attempt to get parsing info during refresh. "On-the-fly" syntax checking information may be incorrect. [/home/deepaung/Courses/hw-syn-lab-i/final-project/verilog/top.v:]
WARNING: [filemgmt 56-199] Attempt to get parsing info during refresh. "On-the-fly" syntax checking information may be incorrect. [/home/deepaung/Courses/hw-syn-lab-i/final-project/verilog/vga_controller.v:]
WARNING: [filemgmt 56-199] Attempt to get parsing info during refresh. "On-the-fly" syntax checking information may be incorrect. [/home/deepaung/Courses/hw-syn-lab-i/final-project/verilog/top.v:]
WARNING: [filemgmt 56-199] Attempt to get parsing info during refresh. "On-the-fly" syntax checking information may be incorrect. [/home/deepaung/Courses/hw-syn-lab-i/final-project/verilog/top.v:]
WARNING: [filemgmt 56-199] Attempt to get parsing info during refresh. "On-the-fly" syntax checking information may be incorrect. [/home/deepaung/Courses/hw-syn-lab-i/final-project/verilog/top.v:]
WARNING: [filemgmt 56-199] Attempt to get parsing info during refresh. "On-the-fly" syntax checking information may be incorrect. [/home/deepaung/Courses/hw-syn-lab-i/final-project/verilog/vga_controller.v:]
WARNING: [filemgmt 56-199] Attempt to get parsing info during refresh. "On-the-fly" syntax checking information may be incorrect. [/home/deepaung/Courses/hw-syn-lab-i/final-project/verilog/vga_controller.v:]
WARNING: [filemgmt 56-199] Attempt to get parsing info during refresh. "On-the-fly" syntax checking information may be incorrect. [/home/deepaung/Courses/hw-syn-lab-i/final-project/verilog/vga_controller.v:]
WARNING: [filemgmt 56-199] Attempt to get parsing info during refresh. "On-the-fly" syntax checking information may be incorrect. [/home/deepaung/Courses/hw-syn-lab-i/final-project/verilog/top.v:]
WARNING: [filemgmt 56-199] Attempt to get parsing info during refresh. "On-the-fly" syntax checking information may be incorrect. [/home/deepaung/Courses/hw-syn-lab-i/final-project/verilog/vga_controller.v:]
WARNING: [filemgmt 56-199] Attempt to get parsing info during refresh. "On-the-fly" syntax checking information may be incorrect. [/home/deepaung/Courses/hw-syn-lab-i/final-project/verilog/top.v:]
WARNING: [filemgmt 56-199] Attempt to get parsing info during refresh. "On-the-fly" syntax checking information may be incorrect. [/home/deepaung/Courses/hw-syn-lab-i/final-project/verilog/top.v:]
WARNING: [filemgmt 56-199] Attempt to get parsing info during refresh. "On-the-fly" syntax checking information may be incorrect. [/home/deepaung/Courses/hw-syn-lab-i/final-project/verilog/top.v:]
WARNING: [filemgmt 56-199] Attempt to get parsing info during refresh. "On-the-fly" syntax checking information may be incorrect. [/home/deepaung/Courses/hw-syn-lab-i/final-project/verilog/vga_controller.v:]
WARNING: [filemgmt 56-199] Attempt to get parsing info during refresh. "On-the-fly" syntax checking information may be incorrect. [/home/deepaung/Courses/hw-syn-lab-i/final-project/verilog/top.v:]
WARNING: [filemgmt 56-199] Attempt to get parsing info during refresh. "On-the-fly" syntax checking information may be incorrect. [/home/deepaung/Courses/hw-syn-lab-i/final-project/verilog/top.v:]
WARNING: [filemgmt 56-199] Attempt to get parsing info during refresh. "On-the-fly" syntax checking information may be incorrect. [/home/deepaung/Courses/hw-syn-lab-i/final-project/verilog/top.v:]
WARNING: [filemgmt 56-199] Attempt to get parsing info during refresh. "On-the-fly" syntax checking information may be incorrect. [/home/deepaung/Courses/hw-syn-lab-i/final-project/verilog/vga_controller.v:]
WARNING: [filemgmt 56-199] Attempt to get parsing info during refresh. "On-the-fly" syntax checking information may be incorrect. [/home/deepaung/Courses/hw-syn-lab-i/final-project/verilog/top.v:]
WARNING: [filemgmt 56-199] Attempt to get parsing info during refresh. "On-the-fly" syntax checking information may be incorrect. [/home/deepaung/Courses/hw-syn-lab-i/final-project/verilog/top.v:]
WARNING: [filemgmt 56-199] Attempt to get parsing info during refresh. "On-the-fly" syntax checking information may be incorrect. [/home/deepaung/Courses/hw-syn-lab-i/final-project/verilog/top.v:]
WARNING: [filemgmt 56-199] Attempt to get parsing info during refresh. "On-the-fly" syntax checking information may be incorrect. [/home/deepaung/Courses/hw-syn-lab-i/final-project/verilog/vga_controller.v:]
WARNING: [filemgmt 56-199] Attempt to get parsing info during refresh. "On-the-fly" syntax checking information may be incorrect. [/home/deepaung/Courses/hw-syn-lab-i/final-project/verilog/vga_controller.v:]
WARNING: [filemgmt 56-199] Attempt to get parsing info during refresh. "On-the-fly" syntax checking information may be incorrect. [/home/deepaung/Courses/hw-syn-lab-i/final-project/verilog/vga_controller.v:]
WARNING: [filemgmt 56-199] Attempt to get parsing info during refresh. "On-the-fly" syntax checking information may be incorrect. [/home/deepaung/Courses/hw-syn-lab-i/final-project/verilog/top.v:]
WARNING: [filemgmt 56-199] Attempt to get parsing info during refresh. "On-the-fly" syntax checking information may be incorrect. [/home/deepaung/Courses/hw-syn-lab-i/final-project/verilog/vga_controller.v:]
WARNING: [filemgmt 56-199] Attempt to get parsing info during refresh. "On-the-fly" syntax checking information may be incorrect. [/home/deepaung/Courses/hw-syn-lab-i/final-project/verilog/top.v:]
WARNING: [filemgmt 56-199] Attempt to get parsing info during refresh. "On-the-fly" syntax checking information may be incorrect. [/home/deepaung/Courses/hw-syn-lab-i/final-project/verilog/top.v:]
WARNING: [filemgmt 56-199] Attempt to get parsing info during refresh. "On-the-fly" syntax checking information may be incorrect. [/home/deepaung/Courses/hw-syn-lab-i/final-project/verilog/top.v:]
WARNING: [filemgmt 56-199] Attempt to get parsing info during refresh. "On-the-fly" syntax checking information may be incorrect. [/home/deepaung/Courses/hw-syn-lab-i/final-project/verilog/vga_controller.v:]
WARNING: [filemgmt 56-199] Attempt to get parsing info during refresh. "On-the-fly" syntax checking information may be incorrect. [/home/deepaung/Courses/hw-syn-lab-i/final-project/verilog/top.v:]
WARNING: [filemgmt 56-199] Attempt to get parsing info during refresh. "On-the-fly" syntax checking information may be incorrect. [/home/deepaung/Courses/hw-syn-lab-i/final-project/verilog/top.v:]
WARNING: [filemgmt 56-199] Attempt to get parsing info during refresh. "On-the-fly" syntax checking information may be incorrect. [/home/deepaung/Courses/hw-syn-lab-i/final-project/verilog/top.v:]
WARNING: [filemgmt 56-199] Attempt to get parsing info during refresh. "On-the-fly" syntax checking information may be incorrect. [/home/deepaung/Courses/hw-syn-lab-i/final-project/verilog/vga_controller.v:]
WARNING: [filemgmt 56-199] Attempt to get parsing info during refresh. "On-the-fly" syntax checking information may be incorrect. [/home/deepaung/Courses/hw-syn-lab-i/final-project/verilog/top.v:]
WARNING: [filemgmt 56-199] Attempt to get parsing info during refresh. "On-the-fly" syntax checking information may be incorrect. [/home/deepaung/Courses/hw-syn-lab-i/final-project/verilog/top.v:]
WARNING: [filemgmt 56-199] Attempt to get parsing info during refresh. "On-the-fly" syntax checking information may be incorrect. [/home/deepaung/Courses/hw-syn-lab-i/final-project/verilog/top.v:]
WARNING: [filemgmt 56-199] Attempt to get parsing info during refresh. "On-the-fly" syntax checking information may be incorrect. [/home/deepaung/Courses/hw-syn-lab-i/final-project/verilog/vga_controller.v:]
WARNING: [filemgmt 56-199] Attempt to get parsing info during refresh. "On-the-fly" syntax checking information may be incorrect. [/home/deepaung/Courses/hw-syn-lab-i/final-project/verilog/vga_controller.v:]
WARNING: [filemgmt 56-199] Attempt to get parsing info during refresh. "On-the-fly" syntax checking information may be incorrect. [/home/deepaung/Courses/hw-syn-lab-i/final-project/verilog/vga_controller.v:]
WARNING: [filemgmt 56-199] Attempt to get parsing info during refresh. "On-the-fly" syntax checking information may be incorrect. [/home/deepaung/Courses/hw-syn-lab-i/final-project/verilog/top.v:]
WARNING: [filemgmt 56-199] Attempt to get parsing info during refresh. "On-the-fly" syntax checking information may be incorrect. [/home/deepaung/Courses/hw-syn-lab-i/final-project/verilog/vga_controller.v:]
WARNING: [filemgmt 56-199] Attempt to get parsing info during refresh. "On-the-fly" syntax checking information may be incorrect. [/home/deepaung/Courses/hw-syn-lab-i/final-project/verilog/top.v:]
WARNING: [filemgmt 56-199] Attempt to get parsing info during refresh. "On-the-fly" syntax checking information may be incorrect. [/home/deepaung/Courses/hw-syn-lab-i/final-project/verilog/top.v:]
WARNING: [filemgmt 56-199] Attempt to get parsing info during refresh. "On-the-fly" syntax checking information may be incorrect. [/home/deepaung/Courses/hw-syn-lab-i/final-project/verilog/top.v:]
WARNING: [filemgmt 56-199] Attempt to get parsing info during refresh. "On-the-fly" syntax checking information may be incorrect. [/home/deepaung/Courses/hw-syn-lab-i/final-project/verilog/vga_controller.v:]
WARNING: [filemgmt 56-199] Attempt to get parsing info during refresh. "On-the-fly" syntax checking information may be incorrect. [/home/deepaung/Courses/hw-syn-lab-i/final-project/verilog/top.v:]
WARNING: [filemgmt 56-199] Attempt to get parsing info during refresh. "On-the-fly" syntax checking information may be incorrect. [/home/deepaung/Courses/hw-syn-lab-i/final-project/verilog/top.v:]
WARNING: [filemgmt 56-199] Attempt to get parsing info during refresh. "On-the-fly" syntax checking information may be incorrect. [/home/deepaung/Courses/hw-syn-lab-i/final-project/verilog/top.v:]
WARNING: [filemgmt 56-199] Attempt to get parsing info during refresh. "On-the-fly" syntax checking information may be incorrect. [/home/deepaung/Courses/hw-syn-lab-i/final-project/verilog/vga_controller.v:]
WARNING: [filemgmt 56-199] Attempt to get parsing info during refresh. "On-the-fly" syntax checking information may be incorrect. [/home/deepaung/Courses/hw-syn-lab-i/final-project/verilog/top.v:]
WARNING: [filemgmt 56-199] Attempt to get parsing info during refresh. "On-the-fly" syntax checking information may be incorrect. [/home/deepaung/Courses/hw-syn-lab-i/final-project/verilog/top.v:]
WARNING: [filemgmt 56-199] Attempt to get parsing info during refresh. "On-the-fly" syntax checking information may be incorrect. [/home/deepaung/Courses/hw-syn-lab-i/final-project/verilog/top.v:]
WARNING: [filemgmt 56-199] Attempt to get parsing info during refresh. "On-the-fly" syntax checking information may be incorrect. [/home/deepaung/Courses/hw-syn-lab-i/final-project/verilog/vga_controller.v:]
WARNING: [filemgmt 56-199] Attempt to get parsing info during refresh. "On-the-fly" syntax checking information may be incorrect. [/home/deepaung/Courses/hw-syn-lab-i/final-project/verilog/top.v:]
WARNING: [filemgmt 56-199] Attempt to get parsing info during refresh. "On-the-fly" syntax checking information may be incorrect. [/home/deepaung/Courses/hw-syn-lab-i/final-project/verilog/top.v:]
WARNING: [filemgmt 56-199] Attempt to get parsing info during refresh. "On-the-fly" syntax checking information may be incorrect. [/home/deepaung/Courses/hw-syn-lab-i/final-project/verilog/top.v:]
WARNING: [filemgmt 56-199] Attempt to get parsing info during refresh. "On-the-fly" syntax checking information may be incorrect. [/home/deepaung/Courses/hw-syn-lab-i/final-project/verilog/vga_controller.v:]
WARNING: [filemgmt 56-199] Attempt to get parsing info during refresh. "On-the-fly" syntax checking information may be incorrect. [/home/deepaung/Courses/hw-syn-lab-i/final-project/verilog/top.v:]
WARNING: [filemgmt 56-199] Attempt to get parsing info during refresh. "On-the-fly" syntax checking information may be incorrect. [/home/deepaung/Courses/hw-syn-lab-i/final-project/verilog/top.v:]
WARNING: [filemgmt 56-199] Attempt to get parsing info during refresh. "On-the-fly" syntax checking information may be incorrect. [/home/deepaung/Courses/hw-syn-lab-i/final-project/verilog/top.v:]
WARNING: [filemgmt 56-199] Attempt to get parsing info during refresh. "On-the-fly" syntax checking information may be incorrect. [/home/deepaung/Courses/hw-syn-lab-i/final-project/verilog/vga_controller.v:]
WARNING: [filemgmt 56-199] Attempt to get parsing info during refresh. "On-the-fly" syntax checking information may be incorrect. [/home/deepaung/Courses/hw-syn-lab-i/final-project/verilog/top.v:]
WARNING: [filemgmt 56-199] Attempt to get parsing info during refresh. "On-the-fly" syntax checking information may be incorrect. [/home/deepaung/Courses/hw-syn-lab-i/final-project/verilog/top.v:]
WARNING: [filemgmt 56-199] Attempt to get parsing info during refresh. "On-the-fly" syntax checking information may be incorrect. [/home/deepaung/Courses/hw-syn-lab-i/final-project/verilog/top.v:]
WARNING: [filemgmt 56-199] Attempt to get parsing info during refresh. "On-the-fly" syntax checking information may be incorrect. [/home/deepaung/Courses/hw-syn-lab-i/final-project/verilog/vga_controller.v:]
WARNING: [filemgmt 56-199] Attempt to get parsing info during refresh. "On-the-fly" syntax checking information may be incorrect. [/home/deepaung/Courses/hw-syn-lab-i/final-project/verilog/top.v:]
WARNING: [filemgmt 56-199] Attempt to get parsing info during refresh. "On-the-fly" syntax checking information may be incorrect. [/home/deepaung/Courses/hw-syn-lab-i/final-project/verilog/top.v:]
WARNING: [filemgmt 56-199] Attempt to get parsing info during refresh. "On-the-fly" syntax checking information may be incorrect. [/home/deepaung/Courses/hw-syn-lab-i/final-project/verilog/top.v:]
WARNING: [filemgmt 56-199] Attempt to get parsing info during refresh. "On-the-fly" syntax checking information may be incorrect. [/home/deepaung/Courses/hw-syn-lab-i/final-project/verilog/vga_controller.v:]
WARNING: [filemgmt 56-199] Attempt to get parsing info during refresh. "On-the-fly" syntax checking information may be incorrect. [/home/deepaung/Courses/hw-syn-lab-i/final-project/verilog/vga_controller.v:]
WARNING: [filemgmt 56-199] Attempt to get parsing info during refresh. "On-the-fly" syntax checking information may be incorrect. [/home/deepaung/Courses/hw-syn-lab-i/final-project/verilog/vga_controller.v:]
WARNING: [filemgmt 56-199] Attempt to get parsing info during refresh. "On-the-fly" syntax checking information may be incorrect. [/home/deepaung/Courses/hw-syn-lab-i/final-project/verilog/top.v:]
WARNING: [filemgmt 56-199] Attempt to get parsing info during refresh. "On-the-fly" syntax checking information may be incorrect. [/home/deepaung/Courses/hw-syn-lab-i/final-project/verilog/vga_controller.v:]
WARNING: [filemgmt 56-199] Attempt to get parsing info during refresh. "On-the-fly" syntax checking information may be incorrect. [/home/deepaung/Courses/hw-syn-lab-i/final-project/verilog/vga_controller.v:]
WARNING: [filemgmt 56-199] Attempt to get parsing info during refresh. "On-the-fly" syntax checking information may be incorrect. [/home/deepaung/Courses/hw-syn-lab-i/final-project/verilog/vga_controller.v:]
WARNING: [filemgmt 56-199] Attempt to get parsing info during refresh. "On-the-fly" syntax checking information may be incorrect. [/home/deepaung/Courses/hw-syn-lab-i/final-project/verilog/top.v:]
WARNING: [filemgmt 56-199] Attempt to get parsing info during refresh. "On-the-fly" syntax checking information may be incorrect. [/home/deepaung/Courses/hw-syn-lab-i/final-project/verilog/vga_controller.v:]
WARNING: [filemgmt 56-199] Attempt to get parsing info during refresh. "On-the-fly" syntax checking information may be incorrect. [/home/deepaung/Courses/hw-syn-lab-i/final-project/verilog/top.v:]
WARNING: [filemgmt 56-199] Attempt to get parsing info during refresh. "On-the-fly" syntax checking information may be incorrect. [/home/deepaung/Courses/hw-syn-lab-i/final-project/verilog/top.v:]
WARNING: [filemgmt 56-199] Attempt to get parsing info during refresh. "On-the-fly" syntax checking information may be incorrect. [/home/deepaung/Courses/hw-syn-lab-i/final-project/verilog/top.v:]
WARNING: [filemgmt 56-199] Attempt to get parsing info during refresh. "On-the-fly" syntax checking information may be incorrect. [/home/deepaung/Courses/hw-syn-lab-i/final-project/verilog/vga_controller.v:]
WARNING: [filemgmt 56-199] Attempt to get parsing info during refresh. "On-the-fly" syntax checking information may be incorrect. [/home/deepaung/Courses/hw-syn-lab-i/final-project/verilog/top.v:]
WARNING: [filemgmt 56-199] Attempt to get parsing info during refresh. "On-the-fly" syntax checking information may be incorrect. [/home/deepaung/Courses/hw-syn-lab-i/final-project/verilog/top.v:]
WARNING: [filemgmt 56-199] Attempt to get parsing info during refresh. "On-the-fly" syntax checking information may be incorrect. [/home/deepaung/Courses/hw-syn-lab-i/final-project/verilog/top.v:]
WARNING: [filemgmt 56-199] Attempt to get parsing info during refresh. "On-the-fly" syntax checking information may be incorrect. [/home/deepaung/Courses/hw-syn-lab-i/final-project/verilog/vga_controller.v:]
WARNING: [filemgmt 56-199] Attempt to get parsing info during refresh. "On-the-fly" syntax checking information may be incorrect. [/home/deepaung/Courses/hw-syn-lab-i/final-project/verilog/vga_controller.v:]
WARNING: [filemgmt 56-199] Attempt to get parsing info during refresh. "On-the-fly" syntax checking information may be incorrect. [/home/deepaung/Courses/hw-syn-lab-i/final-project/verilog/vga_controller.v:]
WARNING: [filemgmt 56-199] Attempt to get parsing info during refresh. "On-the-fly" syntax checking information may be incorrect. [/home/deepaung/Courses/hw-syn-lab-i/final-project/verilog/top.v:]
WARNING: [filemgmt 56-199] Attempt to get parsing info during refresh. "On-the-fly" syntax checking information may be incorrect. [/home/deepaung/Courses/hw-syn-lab-i/final-project/verilog/vga_controller.v:]
WARNING: [filemgmt 56-199] Attempt to get parsing info during refresh. "On-the-fly" syntax checking information may be incorrect. [/home/deepaung/Courses/hw-syn-lab-i/final-project/verilog/top.v:]
WARNING: [filemgmt 56-199] Attempt to get parsing info during refresh. "On-the-fly" syntax checking information may be incorrect. [/home/deepaung/Courses/hw-syn-lab-i/final-project/verilog/top.v:]
WARNING: [filemgmt 56-199] Attempt to get parsing info during refresh. "On-the-fly" syntax checking information may be incorrect. [/home/deepaung/Courses/hw-syn-lab-i/final-project/verilog/top.v:]
WARNING: [filemgmt 56-199] Attempt to get parsing info during refresh. "On-the-fly" syntax checking information may be incorrect. [/home/deepaung/Courses/hw-syn-lab-i/final-project/verilog/vga_controller.v:]
WARNING: [filemgmt 56-199] Attempt to get parsing info during refresh. "On-the-fly" syntax checking information may be incorrect. [/home/deepaung/Courses/hw-syn-lab-i/final-project/verilog/top.v:]
WARNING: [filemgmt 56-199] Attempt to get parsing info during refresh. "On-the-fly" syntax checking information may be incorrect. [/home/deepaung/Courses/hw-syn-lab-i/final-project/verilog/top.v:]
WARNING: [filemgmt 56-199] Attempt to get parsing info during refresh. "On-the-fly" syntax checking information may be incorrect. [/home/deepaung/Courses/hw-syn-lab-i/final-project/verilog/top.v:]
WARNING: [filemgmt 56-199] Attempt to get parsing info during refresh. "On-the-fly" syntax checking information may be incorrect. [/home/deepaung/Courses/hw-syn-lab-i/final-project/verilog/vga_controller.v:]
WARNING: [filemgmt 56-199] Attempt to get parsing info during refresh. "On-the-fly" syntax checking information may be incorrect. [/home/deepaung/Courses/hw-syn-lab-i/final-project/verilog/vga_controller.v:]
WARNING: [filemgmt 56-199] Attempt to get parsing info during refresh. "On-the-fly" syntax checking information may be incorrect. [/home/deepaung/Courses/hw-syn-lab-i/final-project/verilog/vga_controller.v:]
WARNING: [filemgmt 56-199] Attempt to get parsing info during refresh. "On-the-fly" syntax checking information may be incorrect. [/home/deepaung/Courses/hw-syn-lab-i/final-project/verilog/top.v:]
WARNING: [filemgmt 56-199] Attempt to get parsing info during refresh. "On-the-fly" syntax checking information may be incorrect. [/home/deepaung/Courses/hw-syn-lab-i/final-project/verilog/vga_controller.v:]
WARNING: [filemgmt 56-199] Attempt to get parsing info during refresh. "On-the-fly" syntax checking information may be incorrect. [/home/deepaung/Courses/hw-syn-lab-i/final-project/verilog/top.v:]
WARNING: [filemgmt 56-199] Attempt to get parsing info during refresh. "On-the-fly" syntax checking information may be incorrect. [/home/deepaung/Courses/hw-syn-lab-i/final-project/verilog/top.v:]
WARNING: [filemgmt 56-199] Attempt to get parsing info during refresh. "On-the-fly" syntax checking information may be incorrect. [/home/deepaung/Courses/hw-syn-lab-i/final-project/verilog/top.v:]
WARNING: [filemgmt 56-199] Attempt to get parsing info during refresh. "On-the-fly" syntax checking information may be incorrect. [/home/deepaung/Courses/hw-syn-lab-i/final-project/verilog/vga_controller.v:]
WARNING: [filemgmt 56-199] Attempt to get parsing info during refresh. "On-the-fly" syntax checking information may be incorrect. [/home/deepaung/Courses/hw-syn-lab-i/final-project/verilog/top.v:]
WARNING: [filemgmt 56-199] Attempt to get parsing info during refresh. "On-the-fly" syntax checking information may be incorrect. [/home/deepaung/Courses/hw-syn-lab-i/final-project/verilog/top.v:]
WARNING: [filemgmt 56-199] Attempt to get parsing info during refresh. "On-the-fly" syntax checking information may be incorrect. [/home/deepaung/Courses/hw-syn-lab-i/final-project/verilog/top.v:]
WARNING: [filemgmt 56-199] Attempt to get parsing info during refresh. "On-the-fly" syntax checking information may be incorrect. [/home/deepaung/Courses/hw-syn-lab-i/final-project/verilog/vga_controller.v:]
WARNING: [filemgmt 56-199] Attempt to get parsing info during refresh. "On-the-fly" syntax checking information may be incorrect. [/home/deepaung/Courses/hw-syn-lab-i/final-project/verilog/top.v:]
WARNING: [filemgmt 56-199] Attempt to get parsing info during refresh. "On-the-fly" syntax checking information may be incorrect. [/home/deepaung/Courses/hw-syn-lab-i/final-project/verilog/top.v:]
WARNING: [filemgmt 56-199] Attempt to get parsing info during refresh. "On-the-fly" syntax checking information may be incorrect. [/home/deepaung/Courses/hw-syn-lab-i/final-project/verilog/top.v:]
WARNING: [filemgmt 56-199] Attempt to get parsing info during refresh. "On-the-fly" syntax checking information may be incorrect. [/home/deepaung/Courses/hw-syn-lab-i/final-project/verilog/vga_controller.v:]
WARNING: [filemgmt 56-199] Attempt to get parsing info during refresh. "On-the-fly" syntax checking information may be incorrect. [/home/deepaung/Courses/hw-syn-lab-i/final-project/verilog/top.v:]
WARNING: [filemgmt 56-199] Attempt to get parsing info during refresh. "On-the-fly" syntax checking information may be incorrect. [/home/deepaung/Courses/hw-syn-lab-i/final-project/verilog/top.v:]
WARNING: [filemgmt 56-199] Attempt to get parsing info during refresh. "On-the-fly" syntax checking information may be incorrect. [/home/deepaung/Courses/hw-syn-lab-i/final-project/verilog/top.v:]
WARNING: [filemgmt 56-199] Attempt to get parsing info during refresh. "On-the-fly" syntax checking information may be incorrect. [/home/deepaung/Courses/hw-syn-lab-i/final-project/verilog/vga_controller.v:]
WARNING: [filemgmt 56-199] Attempt to get parsing info during refresh. "On-the-fly" syntax checking information may be incorrect. [/home/deepaung/Courses/hw-syn-lab-i/final-project/verilog/top.v:]
WARNING: [filemgmt 56-199] Attempt to get parsing info during refresh. "On-the-fly" syntax checking information may be incorrect. [/home/deepaung/Courses/hw-syn-lab-i/final-project/verilog/top.v:]
update_compile_order -fileset sources_1
WARNING: [filemgmt 56-199] Attempt to get parsing info during refresh. "On-the-fly" syntax checking information may be incorrect. [/home/deepaung/Courses/hw-syn-lab-i/final-project/verilog/top.v:]
WARNING: [filemgmt 56-199] Attempt to get parsing info during refresh. "On-the-fly" syntax checking information may be incorrect. [/home/deepaung/Courses/hw-syn-lab-i/final-project/verilog/vga_controller.v:]
WARNING: [filemgmt 56-199] Attempt to get parsing info during refresh. "On-the-fly" syntax checking information may be incorrect. [/home/deepaung/Courses/hw-syn-lab-i/final-project/verilog/top.v:]
WARNING: [filemgmt 56-199] Attempt to get parsing info during refresh. "On-the-fly" syntax checking information may be incorrect. [/home/deepaung/Courses/hw-syn-lab-i/final-project/verilog/top.v:]
WARNING: [filemgmt 56-199] Attempt to get parsing info during refresh. "On-the-fly" syntax checking information may be incorrect. [/home/deepaung/Courses/hw-syn-lab-i/final-project/verilog/top.v:]
WARNING: [filemgmt 56-199] Attempt to get parsing info during refresh. "On-the-fly" syntax checking information may be incorrect. [/home/deepaung/Courses/hw-syn-lab-i/final-project/verilog/vga_controller.v:]
WARNING: [filemgmt 56-199] Attempt to get parsing info during refresh. "On-the-fly" syntax checking information may be incorrect. [/home/deepaung/Courses/hw-syn-lab-i/final-project/verilog/top.v:]
WARNING: [filemgmt 56-199] Attempt to get parsing info during refresh. "On-the-fly" syntax checking information may be incorrect. [/home/deepaung/Courses/hw-syn-lab-i/final-project/verilog/top.v:]
WARNING: [filemgmt 56-199] Attempt to get parsing info during refresh. "On-the-fly" syntax checking information may be incorrect. [/home/deepaung/Courses/hw-syn-lab-i/final-project/verilog/top.v:]
WARNING: [filemgmt 56-199] Attempt to get parsing info during refresh. "On-the-fly" syntax checking information may be incorrect. [/home/deepaung/Courses/hw-syn-lab-i/final-project/verilog/vga_controller.v:]
WARNING: [filemgmt 56-199] Attempt to get parsing info during refresh. "On-the-fly" syntax checking information may be incorrect. [/home/deepaung/Courses/hw-syn-lab-i/final-project/verilog/vga_controller.v:]
WARNING: [filemgmt 56-199] Attempt to get parsing info during refresh. "On-the-fly" syntax checking information may be incorrect. [/home/deepaung/Courses/hw-syn-lab-i/final-project/verilog/vga_controller.v:]
WARNING: [filemgmt 56-199] Attempt to get parsing info during refresh. "On-the-fly" syntax checking information may be incorrect. [/home/deepaung/Courses/hw-syn-lab-i/final-project/verilog/top.v:]
WARNING: [filemgmt 56-199] Attempt to get parsing info during refresh. "On-the-fly" syntax checking information may be incorrect. [/home/deepaung/Courses/hw-syn-lab-i/final-project/verilog/vga_controller.v:]
WARNING: [filemgmt 56-199] Attempt to get parsing info during refresh. "On-the-fly" syntax checking information may be incorrect. [/home/deepaung/Courses/hw-syn-lab-i/final-project/verilog/vga_controller.v:]
WARNING: [filemgmt 56-199] Attempt to get parsing info during refresh. "On-the-fly" syntax checking information may be incorrect. [/home/deepaung/Courses/hw-syn-lab-i/final-project/verilog/vga_controller.v:]
WARNING: [filemgmt 56-199] Attempt to get parsing info during refresh. "On-the-fly" syntax checking information may be incorrect. [/home/deepaung/Courses/hw-syn-lab-i/final-project/verilog/top.v:]
WARNING: [filemgmt 56-199] Attempt to get parsing info during refresh. "On-the-fly" syntax checking information may be incorrect. [/home/deepaung/Courses/hw-syn-lab-i/final-project/verilog/vga_controller.v:]
WARNING: [filemgmt 56-199] Attempt to get parsing info during refresh. "On-the-fly" syntax checking information may be incorrect. [/home/deepaung/Courses/hw-syn-lab-i/final-project/verilog/top.v:]
WARNING: [filemgmt 56-199] Attempt to get parsing info during refresh. "On-the-fly" syntax checking information may be incorrect. [/home/deepaung/Courses/hw-syn-lab-i/final-project/verilog/top.v:]
WARNING: [filemgmt 56-199] Attempt to get parsing info during refresh. "On-the-fly" syntax checking information may be incorrect. [/home/deepaung/Courses/hw-syn-lab-i/final-project/verilog/top.v:]
WARNING: [filemgmt 56-199] Attempt to get parsing info during refresh. "On-the-fly" syntax checking information may be incorrect. [/home/deepaung/Courses/hw-syn-lab-i/final-project/verilog/vga_controller.v:]
WARNING: [filemgmt 56-199] Attempt to get parsing info during refresh. "On-the-fly" syntax checking information may be incorrect. [/home/deepaung/Courses/hw-syn-lab-i/final-project/verilog/top.v:]
WARNING: [filemgmt 56-199] Attempt to get parsing info during refresh. "On-the-fly" syntax checking information may be incorrect. [/home/deepaung/Courses/hw-syn-lab-i/final-project/verilog/top.v:]
WARNING: [filemgmt 56-199] Attempt to get parsing info during refresh. "On-the-fly" syntax checking information may be incorrect. [/home/deepaung/Courses/hw-syn-lab-i/final-project/verilog/top.v:]
WARNING: [filemgmt 56-199] Attempt to get parsing info during refresh. "On-the-fly" syntax checking information may be incorrect. [/home/deepaung/Courses/hw-syn-lab-i/final-project/verilog/vga_controller.v:]
WARNING: [filemgmt 56-199] Attempt to get parsing info during refresh. "On-the-fly" syntax checking information may be incorrect. [/home/deepaung/Courses/hw-syn-lab-i/final-project/verilog/top.v:]
WARNING: [filemgmt 56-199] Attempt to get parsing info during refresh. "On-the-fly" syntax checking information may be incorrect. [/home/deepaung/Courses/hw-syn-lab-i/final-project/verilog/top.v:]
WARNING: [filemgmt 56-199] Attempt to get parsing info during refresh. "On-the-fly" syntax checking information may be incorrect. [/home/deepaung/Courses/hw-syn-lab-i/final-project/verilog/top.v:]
WARNING: [filemgmt 56-199] Attempt to get parsing info during refresh. "On-the-fly" syntax checking information may be incorrect. [/home/deepaung/Courses/hw-syn-lab-i/final-project/verilog/vga_controller.v:]
WARNING: [filemgmt 56-199] Attempt to get parsing info during refresh. "On-the-fly" syntax checking information may be incorrect. [/home/deepaung/Courses/hw-syn-lab-i/final-project/verilog/top.v:]
WARNING: [filemgmt 56-199] Attempt to get parsing info during refresh. "On-the-fly" syntax checking information may be incorrect. [/home/deepaung/Courses/hw-syn-lab-i/final-project/verilog/top.v:]
WARNING: [filemgmt 56-199] Attempt to get parsing info during refresh. "On-the-fly" syntax checking information may be incorrect. [/home/deepaung/Courses/hw-syn-lab-i/final-project/verilog/top.v:]
WARNING: [filemgmt 56-199] Attempt to get parsing info during refresh. "On-the-fly" syntax checking information may be incorrect. [/home/deepaung/Courses/hw-syn-lab-i/final-project/verilog/vga_controller.v:]
WARNING: [filemgmt 56-199] Attempt to get parsing info during refresh. "On-the-fly" syntax checking information may be incorrect. [/home/deepaung/Courses/hw-syn-lab-i/final-project/verilog/top.v:]
WARNING: [filemgmt 56-199] Attempt to get parsing info during refresh. "On-the-fly" syntax checking information may be incorrect. [/home/deepaung/Courses/hw-syn-lab-i/final-project/verilog/top.v:]
update_compile_order -fileset sources_1
WARNING: [filemgmt 56-199] Attempt to get parsing info during refresh. "On-the-fly" syntax checking information may be incorrect. [/home/deepaung/Courses/hw-syn-lab-i/final-project/verilog/top.v:]
WARNING: [filemgmt 56-199] Attempt to get parsing info during refresh. "On-the-fly" syntax checking information may be incorrect. [/home/deepaung/Courses/hw-syn-lab-i/final-project/verilog/vga_controller.v:]
WARNING: [filemgmt 56-199] Attempt to get parsing info during refresh. "On-the-fly" syntax checking information may be incorrect. [/home/deepaung/Courses/hw-syn-lab-i/final-project/verilog/vga_controller.v:]
WARNING: [filemgmt 56-199] Attempt to get parsing info during refresh. "On-the-fly" syntax checking information may be incorrect. [/home/deepaung/Courses/hw-syn-lab-i/final-project/verilog/vga_controller.v:]
WARNING: [filemgmt 56-199] Attempt to get parsing info during refresh. "On-the-fly" syntax checking information may be incorrect. [/home/deepaung/Courses/hw-syn-lab-i/final-project/verilog/top.v:]
WARNING: [filemgmt 56-199] Attempt to get parsing info during refresh. "On-the-fly" syntax checking information may be incorrect. [/home/deepaung/Courses/hw-syn-lab-i/final-project/verilog/vga_controller.v:]
WARNING: [filemgmt 56-199] Attempt to get parsing info during refresh. "On-the-fly" syntax checking information may be incorrect. [/home/deepaung/Courses/hw-syn-lab-i/final-project/verilog/top.v:]
WARNING: [filemgmt 56-199] Attempt to get parsing info during refresh. "On-the-fly" syntax checking information may be incorrect. [/home/deepaung/Courses/hw-syn-lab-i/final-project/verilog/top.v:]
WARNING: [filemgmt 56-199] Attempt to get parsing info during refresh. "On-the-fly" syntax checking information may be incorrect. [/home/deepaung/Courses/hw-syn-lab-i/final-project/verilog/top.v:]
WARNING: [filemgmt 56-199] Attempt to get parsing info during refresh. "On-the-fly" syntax checking information may be incorrect. [/home/deepaung/Courses/hw-syn-lab-i/final-project/verilog/vga_controller.v:]
WARNING: [filemgmt 56-199] Attempt to get parsing info during refresh. "On-the-fly" syntax checking information may be incorrect. [/home/deepaung/Courses/hw-syn-lab-i/final-project/verilog/top.v:]
WARNING: [filemgmt 56-199] Attempt to get parsing info during refresh. "On-the-fly" syntax checking information may be incorrect. [/home/deepaung/Courses/hw-syn-lab-i/final-project/verilog/top.v:]
WARNING: [filemgmt 56-199] Attempt to get parsing info during refresh. "On-the-fly" syntax checking information may be incorrect. [/home/deepaung/Courses/hw-syn-lab-i/final-project/verilog/top.v:]
WARNING: [filemgmt 56-199] Attempt to get parsing info during refresh. "On-the-fly" syntax checking information may be incorrect. [/home/deepaung/Courses/hw-syn-lab-i/final-project/verilog/vga_controller.v:]
WARNING: [filemgmt 56-199] Attempt to get parsing info during refresh. "On-the-fly" syntax checking information may be incorrect. [/home/deepaung/Courses/hw-syn-lab-i/final-project/verilog/top.v:]
WARNING: [filemgmt 56-199] Attempt to get parsing info during refresh. "On-the-fly" syntax checking information may be incorrect. [/home/deepaung/Courses/hw-syn-lab-i/final-project/verilog/top.v:]
WARNING: [filemgmt 56-199] Attempt to get parsing info during refresh. "On-the-fly" syntax checking information may be incorrect. [/home/deepaung/Courses/hw-syn-lab-i/final-project/verilog/top.v:]
WARNING: [filemgmt 56-199] Attempt to get parsing info during refresh. "On-the-fly" syntax checking information may be incorrect. [/home/deepaung/Courses/hw-syn-lab-i/final-project/verilog/vga_controller.v:]
WARNING: [filemgmt 56-199] Attempt to get parsing info during refresh. "On-the-fly" syntax checking information may be incorrect. [/home/deepaung/Courses/hw-syn-lab-i/final-project/verilog/top.v:]
WARNING: [filemgmt 56-199] Attempt to get parsing info during refresh. "On-the-fly" syntax checking information may be incorrect. [/home/deepaung/Courses/hw-syn-lab-i/final-project/verilog/top.v:]
WARNING: [filemgmt 56-199] Attempt to get parsing info during refresh. "On-the-fly" syntax checking information may be incorrect. [/home/deepaung/Courses/hw-syn-lab-i/final-project/verilog/top.v:]
WARNING: [filemgmt 56-199] Attempt to get parsing info during refresh. "On-the-fly" syntax checking information may be incorrect. [/home/deepaung/Courses/hw-syn-lab-i/final-project/verilog/vga_controller.v:]
WARNING: [filemgmt 56-199] Attempt to get parsing info during refresh. "On-the-fly" syntax checking information may be incorrect. [/home/deepaung/Courses/hw-syn-lab-i/final-project/verilog/top.v:]
WARNING: [filemgmt 56-199] Attempt to get parsing info during refresh. "On-the-fly" syntax checking information may be incorrect. [/home/deepaung/Courses/hw-syn-lab-i/final-project/verilog/top.v:]
close_hw_manager
remove_files  /home/deepaung/Courses/hw-syn-lab-i/final-project/verilog/top.v
remove_files  {/home/deepaung/Courses/hw-syn-lab-i/final-project/verilog/top.v /home/deepaung/Courses/hw-syn-lab-i/final-project/verilog/vga_controller.v}
WARNING: [Vivado 12-818] No files matched '/home/deepaung/Courses/hw-syn-lab-i/final-project/verilog/top.v'
add_files -norecurse {/home/deepaung/Courses/hw-syn-lab-i/final-project/verilog/camera_capture.v /home/deepaung/Courses/hw-syn-lab-i/final-project/verilog/camera_config.v /home/deepaung/Courses/hw-syn-lab-i/final-project/verilog/debounce.v /home/deepaung/Courses/hw-syn-lab-i/final-project/verilog/sccb_sender.v /home/deepaung/Courses/hw-syn-lab-i/final-project/verilog/top.v /home/deepaung/Courses/hw-syn-lab-i/final-project/verilog/clock_gen.v /home/deepaung/Courses/hw-syn-lab-i/final-project/verilog/vga_controller.v}
WARNING: [filemgmt 56-199] Attempt to get parsing info during refresh. "On-the-fly" syntax checking information may be incorrect. [/home/deepaung/Courses/hw-syn-lab-i/final-project/verilog/top.v:]
WARNING: [filemgmt 56-199] Attempt to get parsing info during refresh. "On-the-fly" syntax checking information may be incorrect. [/home/deepaung/Courses/hw-syn-lab-i/final-project/verilog/vga_controller.v:]
WARNING: [filemgmt 56-199] Attempt to get parsing info during refresh. "On-the-fly" syntax checking information may be incorrect. [/home/deepaung/Courses/hw-syn-lab-i/final-project/verilog/top.v:]
WARNING: [filemgmt 56-199] Attempt to get parsing info during refresh. "On-the-fly" syntax checking information may be incorrect. [/home/deepaung/Courses/hw-syn-lab-i/final-project/verilog/top.v:]
update_compile_order -fileset sources_1
WARNING: [filemgmt 56-199] Attempt to get parsing info during refresh. "On-the-fly" syntax checking information may be incorrect. [/home/deepaung/Courses/hw-syn-lab-i/final-project/verilog/top.v:]
WARNING: [filemgmt 56-199] Attempt to get parsing info during refresh. "On-the-fly" syntax checking information may be incorrect. [/home/deepaung/Courses/hw-syn-lab-i/final-project/verilog/vga_controller.v:]
WARNING: [filemgmt 56-199] Attempt to get parsing info during refresh. "On-the-fly" syntax checking information may be incorrect. [/home/deepaung/Courses/hw-syn-lab-i/final-project/verilog/top.v:]
WARNING: [filemgmt 56-199] Attempt to get parsing info during refresh. "On-the-fly" syntax checking information may be incorrect. [/home/deepaung/Courses/hw-syn-lab-i/final-project/verilog/top.v:]
WARNING: [filemgmt 56-199] Attempt to get parsing info during refresh. "On-the-fly" syntax checking information may be incorrect. [/home/deepaung/Courses/hw-syn-lab-i/final-project/verilog/top.v:]
WARNING: [filemgmt 56-199] Attempt to get parsing info during refresh. "On-the-fly" syntax checking information may be incorrect. [/home/deepaung/Courses/hw-syn-lab-i/final-project/verilog/vga_controller.v:]
WARNING: [filemgmt 56-199] Attempt to get parsing info during refresh. "On-the-fly" syntax checking information may be incorrect. [/home/deepaung/Courses/hw-syn-lab-i/final-project/verilog/top.v:]
WARNING: [filemgmt 56-199] Attempt to get parsing info during refresh. "On-the-fly" syntax checking information may be incorrect. [/home/deepaung/Courses/hw-syn-lab-i/final-project/verilog/top.v:]
update_compile_order -fileset sources_1
WARNING: [filemgmt 56-199] Attempt to get parsing info during refresh. "On-the-fly" syntax checking information may be incorrect. [/home/deepaung/Courses/hw-syn-lab-i/final-project/verilog/top.v:]
WARNING: [filemgmt 56-199] Attempt to get parsing info during refresh. "On-the-fly" syntax checking information may be incorrect. [/home/deepaung/Courses/hw-syn-lab-i/final-project/verilog/vga_controller.v:]
WARNING: [filemgmt 56-199] Attempt to get parsing info during refresh. "On-the-fly" syntax checking information may be incorrect. [/home/deepaung/Courses/hw-syn-lab-i/final-project/verilog/top.v:]
WARNING: [filemgmt 56-199] Attempt to get parsing info during refresh. "On-the-fly" syntax checking information may be incorrect. [/home/deepaung/Courses/hw-syn-lab-i/final-project/verilog/top.v:]
WARNING: [filemgmt 56-199] Attempt to get parsing info during refresh. "On-the-fly" syntax checking information may be incorrect. [/home/deepaung/Courses/hw-syn-lab-i/final-project/verilog/top.v:]
WARNING: [filemgmt 56-199] Attempt to get parsing info during refresh. "On-the-fly" syntax checking information may be incorrect. [/home/deepaung/Courses/hw-syn-lab-i/final-project/verilog/vga_controller.v:]
WARNING: [filemgmt 56-199] Attempt to get parsing info during refresh. "On-the-fly" syntax checking information may be incorrect. [/home/deepaung/Courses/hw-syn-lab-i/final-project/verilog/top.v:]
WARNING: [filemgmt 56-199] Attempt to get parsing info during refresh. "On-the-fly" syntax checking information may be incorrect. [/home/deepaung/Courses/hw-syn-lab-i/final-project/verilog/top.v:]
update_compile_order -fileset sources_1
WARNING: [filemgmt 56-199] Attempt to get parsing info during refresh. "On-the-fly" syntax checking information may be incorrect. [/home/deepaung/Courses/hw-syn-lab-i/final-project/verilog/top.v:]
WARNING: [filemgmt 56-199] Attempt to get parsing info during refresh. "On-the-fly" syntax checking information may be incorrect. [/home/deepaung/Courses/hw-syn-lab-i/final-project/verilog/vga_controller.v:]
WARNING: [filemgmt 56-199] Attempt to get parsing info during refresh. "On-the-fly" syntax checking information may be incorrect. [/home/deepaung/Courses/hw-syn-lab-i/final-project/verilog/top.v:]
WARNING: [filemgmt 56-199] Attempt to get parsing info during refresh. "On-the-fly" syntax checking information may be incorrect. [/home/deepaung/Courses/hw-syn-lab-i/final-project/verilog/top.v:]
WARNING: [filemgmt 56-199] Attempt to get parsing info during refresh. "On-the-fly" syntax checking information may be incorrect. [/home/deepaung/Courses/hw-syn-lab-i/final-project/verilog/top.v:]
WARNING: [filemgmt 56-199] Attempt to get parsing info during refresh. "On-the-fly" syntax checking information may be incorrect. [/home/deepaung/Courses/hw-syn-lab-i/final-project/verilog/vga_controller.v:]
WARNING: [filemgmt 56-199] Attempt to get parsing info during refresh. "On-the-fly" syntax checking information may be incorrect. [/home/deepaung/Courses/hw-syn-lab-i/final-project/verilog/top.v:]
WARNING: [filemgmt 56-199] Attempt to get parsing info during refresh. "On-the-fly" syntax checking information may be incorrect. [/home/deepaung/Courses/hw-syn-lab-i/final-project/verilog/top.v:]
WARNING: [filemgmt 56-199] Attempt to get parsing info during refresh. "On-the-fly" syntax checking information may be incorrect. [/home/deepaung/Courses/hw-syn-lab-i/final-project/verilog/top.v:]
WARNING: [filemgmt 56-199] Attempt to get parsing info during refresh. "On-the-fly" syntax checking information may be incorrect. [/home/deepaung/Courses/hw-syn-lab-i/final-project/verilog/clock_gen.v:]
WARNING: [filemgmt 56-199] Attempt to get parsing info during refresh. "On-the-fly" syntax checking information may be incorrect. [/home/deepaung/Courses/hw-syn-lab-i/final-project/verilog/vga_controller.v:]
WARNING: [filemgmt 56-199] Attempt to get parsing info during refresh. "On-the-fly" syntax checking information may be incorrect. [/home/deepaung/Courses/hw-syn-lab-i/final-project/verilog/top.v:]
WARNING: [filemgmt 56-199] Attempt to get parsing info during refresh. "On-the-fly" syntax checking information may be incorrect. [/home/deepaung/Courses/hw-syn-lab-i/final-project/verilog/top.v:]
WARNING: [filemgmt 56-199] Attempt to get parsing info during refresh. "On-the-fly" syntax checking information may be incorrect. [/home/deepaung/Courses/hw-syn-lab-i/final-project/verilog/top.v:]
WARNING: [filemgmt 56-199] Attempt to get parsing info during refresh. "On-the-fly" syntax checking information may be incorrect. [/home/deepaung/Courses/hw-syn-lab-i/final-project/verilog/clock_gen.v:]
WARNING: [filemgmt 56-199] Attempt to get parsing info during refresh. "On-the-fly" syntax checking information may be incorrect. [/home/deepaung/Courses/hw-syn-lab-i/final-project/verilog/vga_controller.v:]
WARNING: [filemgmt 56-199] Attempt to get parsing info during refresh. "On-the-fly" syntax checking information may be incorrect. [/home/deepaung/Courses/hw-syn-lab-i/final-project/verilog/top.v:]
WARNING: [filemgmt 56-199] Attempt to get parsing info during refresh. "On-the-fly" syntax checking information may be incorrect. [/home/deepaung/Courses/hw-syn-lab-i/final-project/verilog/top.v:]
WARNING: [filemgmt 56-199] Attempt to get parsing info during refresh. "On-the-fly" syntax checking information may be incorrect. [/home/deepaung/Courses/hw-syn-lab-i/final-project/verilog/top.v:]
WARNING: [filemgmt 56-199] Attempt to get parsing info during refresh. "On-the-fly" syntax checking information may be incorrect. [/home/deepaung/Courses/hw-syn-lab-i/final-project/verilog/clock_gen.v:]
WARNING: [filemgmt 56-199] Attempt to get parsing info during refresh. "On-the-fly" syntax checking information may be incorrect. [/home/deepaung/Courses/hw-syn-lab-i/final-project/verilog/vga_controller.v:]
WARNING: [filemgmt 56-199] Attempt to get parsing info during refresh. "On-the-fly" syntax checking information may be incorrect. [/home/deepaung/Courses/hw-syn-lab-i/final-project/verilog/vga_controller.v:]
WARNING: [filemgmt 56-199] Attempt to get parsing info during refresh. "On-the-fly" syntax checking information may be incorrect. [/home/deepaung/Courses/hw-syn-lab-i/final-project/verilog/vga_controller.v:]
reset_run synth_1
INFO: [Project 1-1161] Replacing file /home/deepaung/Courses/hw-syn-lab-i/final-project/vivado/vivado.srcs/utils_1/imports/synth_1/vga_test.dcp with file /home/deepaung/Courses/hw-syn-lab-i/final-project/vivado/vivado.runs/synth_1/vga_test.dcp
launch_runs impl_1 -to_step write_bitstream -jobs 8
[Tue Apr 21 15:15:19 2026] Launched synth_1...
Run output will be captured here: /home/deepaung/Courses/hw-syn-lab-i/final-project/vivado/vivado.runs/synth_1/runme.log
[Tue Apr 21 15:15:19 2026] Launched impl_1...
Run output will be captured here: /home/deepaung/Courses/hw-syn-lab-i/final-project/vivado/vivado.runs/impl_1/runme.log
WARNING: [filemgmt 56-199] Attempt to get parsing info during refresh. "On-the-fly" syntax checking information may be incorrect. [/home/deepaung/Courses/hw-syn-lab-i/final-project/verilog/top.v:]
WARNING: [filemgmt 56-199] Attempt to get parsing info during refresh. "On-the-fly" syntax checking information may be incorrect. [/home/deepaung/Courses/hw-syn-lab-i/final-project/verilog/clock_gen.v:]
WARNING: [filemgmt 56-199] Attempt to get parsing info during refresh. "On-the-fly" syntax checking information may be incorrect. [/home/deepaung/Courses/hw-syn-lab-i/final-project/verilog/vga_controller.v:]
WARNING: [filemgmt 56-199] Attempt to get parsing info during refresh. "On-the-fly" syntax checking information may be incorrect. [/home/deepaung/Courses/hw-syn-lab-i/final-project/verilog/top.v:]
WARNING: [filemgmt 56-199] Attempt to get parsing info during refresh. "On-the-fly" syntax checking information may be incorrect. [/home/deepaung/Courses/hw-syn-lab-i/final-project/verilog/top.v:]
WARNING: [filemgmt 56-199] Attempt to get parsing info during refresh. "On-the-fly" syntax checking information may be incorrect. [/home/deepaung/Courses/hw-syn-lab-i/final-project/verilog/top.v:]
WARNING: [filemgmt 56-199] Attempt to get parsing info during refresh. "On-the-fly" syntax checking information may be incorrect. [/home/deepaung/Courses/hw-syn-lab-i/final-project/verilog/clock_gen.v:]
WARNING: [filemgmt 56-199] Attempt to get parsing info during refresh. "On-the-fly" syntax checking information may be incorrect. [/home/deepaung/Courses/hw-syn-lab-i/final-project/verilog/vga_controller.v:]
WARNING: [filemgmt 56-199] Attempt to get parsing info during refresh. "On-the-fly" syntax checking information may be incorrect. [/home/deepaung/Courses/hw-syn-lab-i/final-project/verilog/top.v:]
WARNING: [filemgmt 56-199] Attempt to get parsing info during refresh. "On-the-fly" syntax checking information may be incorrect. [/home/deepaung/Courses/hw-syn-lab-i/final-project/verilog/top.v:]
WARNING: [filemgmt 56-199] Attempt to get parsing info during refresh. "On-the-fly" syntax checking information may be incorrect. [/home/deepaung/Courses/hw-syn-lab-i/final-project/verilog/top.v:]
WARNING: [filemgmt 56-199] Attempt to get parsing info during refresh. "On-the-fly" syntax checking information may be incorrect. [/home/deepaung/Courses/hw-syn-lab-i/final-project/verilog/clock_gen.v:]
WARNING: [filemgmt 56-199] Attempt to get parsing info during refresh. "On-the-fly" syntax checking information may be incorrect. [/home/deepaung/Courses/hw-syn-lab-i/final-project/verilog/vga_controller.v:]
WARNING: [filemgmt 56-199] Attempt to get parsing info during refresh. "On-the-fly" syntax checking information may be incorrect. [/home/deepaung/Courses/hw-syn-lab-i/final-project/verilog/clock_gen.v:]
WARNING: [filemgmt 56-199] Attempt to get parsing info during refresh. "On-the-fly" syntax checking information may be incorrect. [/home/deepaung/Courses/hw-syn-lab-i/final-project/verilog/clock_gen.v:]
open_hw_manager
connect_hw_server -allow_non_jtag
INFO: [Labtools 27-2285] Connecting to hw_server url TCP:localhost:3121
INFO: [Labtools 27-2222] Launching hw_server...
INFO: [Labtools 27-2221] Launch Output:

****** Xilinx hw_server v2025.2
  **** Build date : Oct 28 2025 at 16:07:00
    ** Copyright 1986-2022 Xilinx, Inc. All Rights Reserved.


INFO: [Labtools 27-3415] Connecting to cs_server url TCP:localhost:0
INFO: [Labtools 27-3417] Launching cs_server...
INFO: [Labtools 27-2221] Launch Output:


******** Xilinx cs_server v2025.2.0
  ****** Build date   : Nov 14 2025-06:16:52
    **** Build number : 2025.2.1763075812
      ** Copyright 2017-2022 Xilinx, Inc. All Rights Reserved.
      ** Copyright 2022-2026 Advanced Micro Devices, Inc. All Rights Reserved.



open_hw_target
INFO: [Labtoolstcl 44-466] Opening hw_target localhost:3121/xilinx_tcf/Digilent/210183B81EE0A
set_property PROGRAM.FILE {/home/deepaung/Courses/hw-syn-lab-i/final-project/vivado/vivado.runs/impl_1/top.bit} [get_hw_devices xc7a35t_0]
current_hw_device [get_hw_devices xc7a35t_0]
refresh_hw_device -update_hw_probes false [lindex [get_hw_devices xc7a35t_0] 0]
INFO: [Labtools 27-1435] Device xc7a35t (JTAG device index = 0) is not programmed (DONE status = 0).
set_property PROBES.FILE {} [get_hw_devices xc7a35t_0]
set_property FULL_PROBES.FILE {} [get_hw_devices xc7a35t_0]
set_property PROGRAM.FILE {/home/deepaung/Courses/hw-syn-lab-i/final-project/vivado/vivado.runs/impl_1/top.bit} [get_hw_devices xc7a35t_0]
program_hw_devices [get_hw_devices xc7a35t_0]
INFO: [Labtools 27-3164] End of startup status: HIGH
refresh_hw_device [lindex [get_hw_devices xc7a35t_0] 0]
INFO: [Labtools 27-1434] Device xc7a35t (JTAG device index = 0) is programmed with a design that has no supported soft debug core(s) in it.
ERROR: [Labtoolstcl 44-513] HW Target shutdown. Closing target: localhost:3121/xilinx_tcf/Digilent/210183B81EE0A
WARNING: [IP_Flow 19-4067] Ignoring invalid widget type specified checkbox.Providing a default widget
WARNING: [filemgmt 56-199] Attempt to get parsing info during refresh. "On-the-fly" syntax checking information may be incorrect. [/home/deepaung/Courses/hw-syn-lab-i/final-project/verilog/top.v:]
WARNING: [filemgmt 56-199] Attempt to get parsing info during refresh. "On-the-fly" syntax checking information may be incorrect. [/home/deepaung/Courses/hw-syn-lab-i/final-project/verilog/clock_gen.v:]
WARNING: [filemgmt 56-199] Attempt to get parsing info during refresh. "On-the-fly" syntax checking information may be incorrect. [/home/deepaung/Courses/hw-syn-lab-i/final-project/verilog/vga_controller.v:]
WARNING: [filemgmt 56-199] Attempt to get parsing info during refresh. "On-the-fly" syntax checking information may be incorrect. [/home/deepaung/Courses/hw-syn-lab-i/final-project/verilog/top.v:]
WARNING: [filemgmt 56-199] Attempt to get parsing info during refresh. "On-the-fly" syntax checking information may be incorrect. [/home/deepaung/Courses/hw-syn-lab-i/final-project/verilog/top.v:]
WARNING: [filemgmt 56-199] Attempt to get parsing info during refresh. "On-the-fly" syntax checking information may be incorrect. [/home/deepaung/Courses/hw-syn-lab-i/final-project/verilog/top.v:]
WARNING: [filemgmt 56-199] Attempt to get parsing info during refresh. "On-the-fly" syntax checking information may be incorrect. [/home/deepaung/Courses/hw-syn-lab-i/final-project/verilog/clock_gen.v:]
WARNING: [filemgmt 56-199] Attempt to get parsing info during refresh. "On-the-fly" syntax checking information may be incorrect. [/home/deepaung/Courses/hw-syn-lab-i/final-project/verilog/vga_controller.v:]
WARNING: [filemgmt 56-199] Attempt to get parsing info during refresh. "On-the-fly" syntax checking information may be incorrect. [/home/deepaung/Courses/hw-syn-lab-i/final-project/verilog/vga_controller.v:]
WARNING: [filemgmt 56-199] Attempt to get parsing info during refresh. "On-the-fly" syntax checking information may be incorrect. [/home/deepaung/Courses/hw-syn-lab-i/final-project/verilog/vga_controller.v:]
WARNING: [filemgmt 56-199] Attempt to get parsing info during refresh. "On-the-fly" syntax checking information may be incorrect. [/home/deepaung/Courses/hw-syn-lab-i/final-project/verilog/top.v:]
WARNING: [filemgmt 56-199] Attempt to get parsing info during refresh. "On-the-fly" syntax checking information may be incorrect. [/home/deepaung/Courses/hw-syn-lab-i/final-project/verilog/clock_gen.v:]
WARNING: [filemgmt 56-199] Attempt to get parsing info during refresh. "On-the-fly" syntax checking information may be incorrect. [/home/deepaung/Courses/hw-syn-lab-i/final-project/verilog/vga_controller.v:]
WARNING: [filemgmt 56-199] Attempt to get parsing info during refresh. "On-the-fly" syntax checking information may be incorrect. [/home/deepaung/Courses/hw-syn-lab-i/final-project/verilog/clock_gen.v:]
WARNING: [filemgmt 56-199] Attempt to get parsing info during refresh. "On-the-fly" syntax checking information may be incorrect. [/home/deepaung/Courses/hw-syn-lab-i/final-project/verilog/clock_gen.v:]
WARNING: [filemgmt 56-199] Attempt to get parsing info during refresh. "On-the-fly" syntax checking information may be incorrect. [/home/deepaung/Courses/hw-syn-lab-i/final-project/verilog/top.v:]
WARNING: [filemgmt 56-199] Attempt to get parsing info during refresh. "On-the-fly" syntax checking information may be incorrect. [/home/deepaung/Courses/hw-syn-lab-i/final-project/verilog/clock_gen.v:]
WARNING: [filemgmt 56-199] Attempt to get parsing info during refresh. "On-the-fly" syntax checking information may be incorrect. [/home/deepaung/Courses/hw-syn-lab-i/final-project/verilog/vga_controller.v:]
WARNING: [filemgmt 56-199] Attempt to get parsing info during refresh. "On-the-fly" syntax checking information may be incorrect. [/home/deepaung/Courses/hw-syn-lab-i/final-project/verilog/top.v:]
WARNING: [filemgmt 56-199] Attempt to get parsing info during refresh. "On-the-fly" syntax checking information may be incorrect. [/home/deepaung/Courses/hw-syn-lab-i/final-project/verilog/top.v:]
WARNING: [filemgmt 56-199] Attempt to get parsing info during refresh. "On-the-fly" syntax checking information may be incorrect. [/home/deepaung/Courses/hw-syn-lab-i/final-project/verilog/top.v:]
WARNING: [filemgmt 56-199] Attempt to get parsing info during refresh. "On-the-fly" syntax checking information may be incorrect. [/home/deepaung/Courses/hw-syn-lab-i/final-project/verilog/clock_gen.v:]
WARNING: [filemgmt 56-199] Attempt to get parsing info during refresh. "On-the-fly" syntax checking information may be incorrect. [/home/deepaung/Courses/hw-syn-lab-i/final-project/verilog/vga_controller.v:]
WARNING: [filemgmt 56-199] Attempt to get parsing info during refresh. "On-the-fly" syntax checking information may be incorrect. [/home/deepaung/Courses/hw-syn-lab-i/final-project/verilog/top.v:]
WARNING: [filemgmt 56-199] Attempt to get parsing info during refresh. "On-the-fly" syntax checking information may be incorrect. [/home/deepaung/Courses/hw-syn-lab-i/final-project/verilog/top.v:]
WARNING: [filemgmt 56-199] Attempt to get parsing info during refresh. "On-the-fly" syntax checking information may be incorrect. [/home/deepaung/Courses/hw-syn-lab-i/final-project/verilog/top.v:]
WARNING: [filemgmt 56-199] Attempt to get parsing info during refresh. "On-the-fly" syntax checking information may be incorrect. [/home/deepaung/Courses/hw-syn-lab-i/final-project/verilog/clock_gen.v:]
WARNING: [filemgmt 56-199] Attempt to get parsing info during refresh. "On-the-fly" syntax checking information may be incorrect. [/home/deepaung/Courses/hw-syn-lab-i/final-project/verilog/vga_controller.v:]
WARNING: [filemgmt 56-199] Attempt to get parsing info during refresh. "On-the-fly" syntax checking information may be incorrect. [/home/deepaung/Courses/hw-syn-lab-i/final-project/verilog/clock_gen.v:]
WARNING: [filemgmt 56-199] Attempt to get parsing info during refresh. "On-the-fly" syntax checking information may be incorrect. [/home/deepaung/Courses/hw-syn-lab-i/final-project/verilog/clock_gen.v:]
WARNING: [filemgmt 56-199] Attempt to get parsing info during refresh. "On-the-fly" syntax checking information may be incorrect. [/home/deepaung/Courses/hw-syn-lab-i/final-project/verilog/top.v:]
WARNING: [filemgmt 56-199] Attempt to get parsing info during refresh. "On-the-fly" syntax checking information may be incorrect. [/home/deepaung/Courses/hw-syn-lab-i/final-project/verilog/clock_gen.v:]
WARNING: [filemgmt 56-199] Attempt to get parsing info during refresh. "On-the-fly" syntax checking information may be incorrect. [/home/deepaung/Courses/hw-syn-lab-i/final-project/verilog/vga_controller.v:]
WARNING: [filemgmt 56-199] Attempt to get parsing info during refresh. "On-the-fly" syntax checking information may be incorrect. [/home/deepaung/Courses/hw-syn-lab-i/final-project/verilog/top.v:]
WARNING: [filemgmt 56-199] Attempt to get parsing info during refresh. "On-the-fly" syntax checking information may be incorrect. [/home/deepaung/Courses/hw-syn-lab-i/final-project/verilog/top.v:]
WARNING: [filemgmt 56-199] Attempt to get parsing info during refresh. "On-the-fly" syntax checking information may be incorrect. [/home/deepaung/Courses/hw-syn-lab-i/final-project/verilog/top.v:]
WARNING: [filemgmt 56-199] Attempt to get parsing info during refresh. "On-the-fly" syntax checking information may be incorrect. [/home/deepaung/Courses/hw-syn-lab-i/final-project/verilog/clock_gen.v:]
WARNING: [filemgmt 56-199] Attempt to get parsing info during refresh. "On-the-fly" syntax checking information may be incorrect. [/home/deepaung/Courses/hw-syn-lab-i/final-project/verilog/vga_controller.v:]
WARNING: [filemgmt 56-199] Attempt to get parsing info during refresh. "On-the-fly" syntax checking information may be incorrect. [/home/deepaung/Courses/hw-syn-lab-i/final-project/verilog/top.v:]
WARNING: [filemgmt 56-199] Attempt to get parsing info during refresh. "On-the-fly" syntax checking information may be incorrect. [/home/deepaung/Courses/hw-syn-lab-i/final-project/verilog/top.v:]
WARNING: [filemgmt 56-199] Attempt to get parsing info during refresh. "On-the-fly" syntax checking information may be incorrect. [/home/deepaung/Courses/hw-syn-lab-i/final-project/verilog/top.v:]
WARNING: [filemgmt 56-199] Attempt to get parsing info during refresh. "On-the-fly" syntax checking information may be incorrect. [/home/deepaung/Courses/hw-syn-lab-i/final-project/verilog/clock_gen.v:]
WARNING: [filemgmt 56-199] Attempt to get parsing info during refresh. "On-the-fly" syntax checking information may be incorrect. [/home/deepaung/Courses/hw-syn-lab-i/final-project/verilog/vga_controller.v:]
WARNING: [filemgmt 56-199] Attempt to get parsing info during refresh. "On-the-fly" syntax checking information may be incorrect. [/home/deepaung/Courses/hw-syn-lab-i/final-project/verilog/clock_gen.v:]
WARNING: [filemgmt 56-199] Attempt to get parsing info during refresh. "On-the-fly" syntax checking information may be incorrect. [/home/deepaung/Courses/hw-syn-lab-i/final-project/verilog/clock_gen.v:]
WARNING: [filemgmt 56-199] Attempt to get parsing info during refresh. "On-the-fly" syntax checking information may be incorrect. [/home/deepaung/Courses/hw-syn-lab-i/final-project/verilog/top.v:]
WARNING: [filemgmt 56-199] Attempt to get parsing info during refresh. "On-the-fly" syntax checking information may be incorrect. [/home/deepaung/Courses/hw-syn-lab-i/final-project/verilog/clock_gen.v:]
WARNING: [filemgmt 56-199] Attempt to get parsing info during refresh. "On-the-fly" syntax checking information may be incorrect. [/home/deepaung/Courses/hw-syn-lab-i/final-project/verilog/vga_controller.v:]
WARNING: [filemgmt 56-199] Attempt to get parsing info during refresh. "On-the-fly" syntax checking information may be incorrect. [/home/deepaung/Courses/hw-syn-lab-i/final-project/verilog/top.v:]
WARNING: [filemgmt 56-199] Attempt to get parsing info during refresh. "On-the-fly" syntax checking information may be incorrect. [/home/deepaung/Courses/hw-syn-lab-i/final-project/verilog/top.v:]
WARNING: [filemgmt 56-199] Attempt to get parsing info during refresh. "On-the-fly" syntax checking information may be incorrect. [/home/deepaung/Courses/hw-syn-lab-i/final-project/verilog/top.v:]
WARNING: [filemgmt 56-199] Attempt to get parsing info during refresh. "On-the-fly" syntax checking information may be incorrect. [/home/deepaung/Courses/hw-syn-lab-i/final-project/verilog/clock_gen.v:]
WARNING: [filemgmt 56-199] Attempt to get parsing info during refresh. "On-the-fly" syntax checking information may be incorrect. [/home/deepaung/Courses/hw-syn-lab-i/final-project/verilog/vga_controller.v:]
WARNING: [filemgmt 56-199] Attempt to get parsing info during refresh. "On-the-fly" syntax checking information may be incorrect. [/home/deepaung/Courses/hw-syn-lab-i/final-project/verilog/clock_gen.v:]
WARNING: [filemgmt 56-199] Attempt to get parsing info during refresh. "On-the-fly" syntax checking information may be incorrect. [/home/deepaung/Courses/hw-syn-lab-i/final-project/verilog/clock_gen.v:]
WARNING: [filemgmt 56-199] Attempt to get parsing info during refresh. "On-the-fly" syntax checking information may be incorrect. [/home/deepaung/Courses/hw-syn-lab-i/final-project/verilog/top.v:]
WARNING: [filemgmt 56-199] Attempt to get parsing info during refresh. "On-the-fly" syntax checking information may be incorrect. [/home/deepaung/Courses/hw-syn-lab-i/final-project/verilog/clock_gen.v:]
WARNING: [filemgmt 56-199] Attempt to get parsing info during refresh. "On-the-fly" syntax checking information may be incorrect. [/home/deepaung/Courses/hw-syn-lab-i/final-project/verilog/vga_controller.v:]
WARNING: [filemgmt 56-199] Attempt to get parsing info during refresh. "On-the-fly" syntax checking information may be incorrect. [/home/deepaung/Courses/hw-syn-lab-i/final-project/verilog/vga_controller.v:]
WARNING: [filemgmt 56-199] Attempt to get parsing info during refresh. "On-the-fly" syntax checking information may be incorrect. [/home/deepaung/Courses/hw-syn-lab-i/final-project/verilog/vga_controller.v:]
create_ip -name ila -vendor xilinx.com -library ip -version 6.2 -module_name ila_data_out
set_property -dict [list \
  CONFIG.C_NUM_OF_PROBES {2} \
  CONFIG.C_PROBE0_WIDTH {17} \
  CONFIG.C_PROBE1_WIDTH {12} \
] [get_ips ila_data_out]
WARNING: [filemgmt 56-199] Attempt to get parsing info during refresh. "On-the-fly" syntax checking information may be incorrect. [/home/deepaung/Courses/hw-syn-lab-i/final-project/verilog/top.v:]
WARNING: [filemgmt 56-199] Attempt to get parsing info during refresh. "On-the-fly" syntax checking information may be incorrect. [/home/deepaung/Courses/hw-syn-lab-i/final-project/verilog/clock_gen.v:]
WARNING: [filemgmt 56-199] Attempt to get parsing info during refresh. "On-the-fly" syntax checking information may be incorrect. [/home/deepaung/Courses/hw-syn-lab-i/final-project/verilog/vga_controller.v:]
WARNING: [filemgmt 56-199] Attempt to get parsing info during refresh. "On-the-fly" syntax checking information may be incorrect. [/home/deepaung/Courses/hw-syn-lab-i/final-project/verilog/vga_controller.v:]
WARNING: [filemgmt 56-199] Attempt to get parsing info during refresh. "On-the-fly" syntax checking information may be incorrect. [/home/deepaung/Courses/hw-syn-lab-i/final-project/verilog/vga_controller.v:]
generate_target {instantiation_template} [get_files /home/deepaung/Courses/hw-syn-lab-i/final-project/vivado/vivado.srcs/sources_1/ip/ila_data_out/ila_data_out.xci]
INFO: [IP_Flow 19-1686] Generating 'Instantiation Template' target for IP 'ila_data_out'...
WARNING: [filemgmt 56-199] Attempt to get parsing info during refresh. "On-the-fly" syntax checking information may be incorrect. [/home/deepaung/Courses/hw-syn-lab-i/final-project/verilog/top.v:]
WARNING: [filemgmt 56-199] Attempt to get parsing info during refresh. "On-the-fly" syntax checking information may be incorrect. [/home/deepaung/Courses/hw-syn-lab-i/final-project/verilog/clock_gen.v:]
WARNING: [filemgmt 56-199] Attempt to get parsing info during refresh. "On-the-fly" syntax checking information may be incorrect. [/home/deepaung/Courses/hw-syn-lab-i/final-project/verilog/vga_controller.v:]
WARNING: [filemgmt 56-199] Attempt to get parsing info during refresh. "On-the-fly" syntax checking information may be incorrect. [/home/deepaung/Courses/hw-syn-lab-i/final-project/verilog/top.v:]
WARNING: [filemgmt 56-199] Attempt to get parsing info during refresh. "On-the-fly" syntax checking information may be incorrect. [/home/deepaung/Courses/hw-syn-lab-i/final-project/verilog/top.v:]
WARNING: [filemgmt 56-199] Attempt to get parsing info during refresh. "On-the-fly" syntax checking information may be incorrect. [/home/deepaung/Courses/hw-syn-lab-i/final-project/verilog/top.v:]
WARNING: [filemgmt 56-199] Attempt to get parsing info during refresh. "On-the-fly" syntax checking information may be incorrect. [/home/deepaung/Courses/hw-syn-lab-i/final-project/verilog/clock_gen.v:]
WARNING: [filemgmt 56-199] Attempt to get parsing info during refresh. "On-the-fly" syntax checking information may be incorrect. [/home/deepaung/Courses/hw-syn-lab-i/final-project/verilog/vga_controller.v:]
WARNING: [filemgmt 56-199] Attempt to get parsing info during refresh. "On-the-fly" syntax checking information may be incorrect. [/home/deepaung/Courses/hw-syn-lab-i/final-project/verilog/clock_gen.v:]
WARNING: [filemgmt 56-199] Attempt to get parsing info during refresh. "On-the-fly" syntax checking information may be incorrect. [/home/deepaung/Courses/hw-syn-lab-i/final-project/verilog/clock_gen.v:]
update_compile_order -fileset sources_1
generate_target all [get_files  /home/deepaung/Courses/hw-syn-lab-i/final-project/vivado/vivado.srcs/sources_1/ip/ila_data_out/ila_data_out.xci]
INFO: [IP_Flow 19-1686] Generating 'Synthesis' target for IP 'ila_data_out'...
WARNING: [IP_Flow 19-4994] Overwriting existing constraint file '/home/deepaung/Courses/hw-syn-lab-i/final-project/vivado/vivado.gen/sources_1/ip/ila_data_out/ila_data_out_ooc.xdc'
INFO: [IP_Flow 19-1686] Generating 'Simulation' target for IP 'ila_data_out'...
WARNING: [filemgmt 56-199] Attempt to get parsing info during refresh. "On-the-fly" syntax checking information may be incorrect. [/home/deepaung/Courses/hw-syn-lab-i/final-project/verilog/top.v:]
WARNING: [filemgmt 56-199] Attempt to get parsing info during refresh. "On-the-fly" syntax checking information may be incorrect. [/home/deepaung/Courses/hw-syn-lab-i/final-project/verilog/clock_gen.v:]
WARNING: [filemgmt 56-199] Attempt to get parsing info during refresh. "On-the-fly" syntax checking information may be incorrect. [/home/deepaung/Courses/hw-syn-lab-i/final-project/verilog/vga_controller.v:]
WARNING: [filemgmt 56-199] Attempt to get parsing info during refresh. "On-the-fly" syntax checking information may be incorrect. [/home/deepaung/Courses/hw-syn-lab-i/final-project/verilog/top.v:]
WARNING: [filemgmt 56-199] Attempt to get parsing info during refresh. "On-the-fly" syntax checking information may be incorrect. [/home/deepaung/Courses/hw-syn-lab-i/final-project/verilog/top.v:]
INFO: [IP_Flow 19-1686] Generating 'Implementation' target for IP 'ila_data_out'...
INFO: [IP_Flow 19-1686] Generating 'Change Log' target for IP 'ila_data_out'...
catch { config_ip_cache -export [get_ips -all ila_data_out] }
export_ip_user_files -of_objects [get_files /home/deepaung/Courses/hw-syn-lab-i/final-project/vivado/vivado.srcs/sources_1/ip/ila_data_out/ila_data_out.xci] -no_script -sync -force -quiet
create_ip_run [get_files -of_objects [get_fileset sources_1] /home/deepaung/Courses/hw-syn-lab-i/final-project/vivado/vivado.srcs/sources_1/ip/ila_data_out/ila_data_out.xci]
launch_runs ila_data_out_synth_1 -jobs 8
[Tue Apr 21 15:26:42 2026] Launched ila_data_out_synth_1...
Run output will be captured here: /home/deepaung/Courses/hw-syn-lab-i/final-project/vivado/vivado.runs/ila_data_out_synth_1/runme.log
export_simulation -lib_map_path [list {modelsim=/home/deepaung/Courses/hw-syn-lab-i/final-project/vivado/vivado.cache/compile_simlib/modelsim} {questa=/home/deepaung/Courses/hw-syn-lab-i/final-project/vivado/vivado.cache/compile_simlib/questa} {xcelium=/home/deepaung/Courses/hw-syn-lab-i/final-project/vivado/vivado.cache/compile_simlib/xcelium} {vcs=/home/deepaung/Courses/hw-syn-lab-i/final-project/vivado/vivado.cache/compile_simlib/vcs} {riviera=/home/deepaung/Courses/hw-syn-lab-i/final-project/vivado/vivado.cache/compile_simlib/riviera}] -of_objects [get_files /home/deepaung/Courses/hw-syn-lab-i/final-project/vivado/vivado.srcs/sources_1/ip/ila_data_out/ila_data_out.xci] -directory /home/deepaung/Courses/hw-syn-lab-i/final-project/vivado/vivado.ip_user_files/sim_scripts -ip_user_files_dir /home/deepaung/Courses/hw-syn-lab-i/final-project/vivado/vivado.ip_user_files -ipstatic_source_dir /home/deepaung/Courses/hw-syn-lab-i/final-project/vivado/vivado.ip_user_files/ipstatic -use_ip_compiled_libs -force -quiet
WARNING: [filemgmt 56-199] Attempt to get parsing info during refresh. "On-the-fly" syntax checking information may be incorrect. [/home/deepaung/Courses/hw-syn-lab-i/final-project/verilog/top.v:]
WARNING: [filemgmt 56-199] Attempt to get parsing info during refresh. "On-the-fly" syntax checking information may be incorrect. [/home/deepaung/Courses/hw-syn-lab-i/final-project/verilog/clock_gen.v:]
WARNING: [filemgmt 56-199] Attempt to get parsing info during refresh. "On-the-fly" syntax checking information may be incorrect. [/home/deepaung/Courses/hw-syn-lab-i/final-project/verilog/vga_controller.v:]
WARNING: [filemgmt 56-199] Attempt to get parsing info during refresh. "On-the-fly" syntax checking information may be incorrect. [/home/deepaung/Courses/hw-syn-lab-i/final-project/verilog/top.v:]
WARNING: [filemgmt 56-199] Attempt to get parsing info during refresh. "On-the-fly" syntax checking information may be incorrect. [/home/deepaung/Courses/hw-syn-lab-i/final-project/verilog/top.v:]
WARNING: [filemgmt 56-199] Attempt to get parsing info during refresh. "On-the-fly" syntax checking information may be incorrect. [/home/deepaung/Courses/hw-syn-lab-i/final-project/verilog/top.v:]
WARNING: [filemgmt 56-199] Attempt to get parsing info during refresh. "On-the-fly" syntax checking information may be incorrect. [/home/deepaung/Courses/hw-syn-lab-i/final-project/verilog/clock_gen.v:]
WARNING: [filemgmt 56-199] Attempt to get parsing info during refresh. "On-the-fly" syntax checking information may be incorrect. [/home/deepaung/Courses/hw-syn-lab-i/final-project/verilog/vga_controller.v:]
WARNING: [filemgmt 56-199] Attempt to get parsing info during refresh. "On-the-fly" syntax checking information may be incorrect. [/home/deepaung/Courses/hw-syn-lab-i/final-project/verilog/clock_gen.v:]
WARNING: [filemgmt 56-199] Attempt to get parsing info during refresh. "On-the-fly" syntax checking information may be incorrect. [/home/deepaung/Courses/hw-syn-lab-i/final-project/verilog/clock_gen.v:]
WARNING: [filemgmt 56-199] Attempt to get parsing info during refresh. "On-the-fly" syntax checking information may be incorrect. [/home/deepaung/Courses/hw-syn-lab-i/final-project/verilog/top.v:]
WARNING: [filemgmt 56-199] Attempt to get parsing info during refresh. "On-the-fly" syntax checking information may be incorrect. [/home/deepaung/Courses/hw-syn-lab-i/final-project/verilog/clock_gen.v:]
WARNING: [filemgmt 56-199] Attempt to get parsing info during refresh. "On-the-fly" syntax checking information may be incorrect. [/home/deepaung/Courses/hw-syn-lab-i/final-project/verilog/vga_controller.v:]
WARNING: [filemgmt 56-199] Attempt to get parsing info during refresh. "On-the-fly" syntax checking information may be incorrect. [/home/deepaung/Courses/hw-syn-lab-i/final-project/verilog/top.v:]
WARNING: [filemgmt 56-199] Attempt to get parsing info during refresh. "On-the-fly" syntax checking information may be incorrect. [/home/deepaung/Courses/hw-syn-lab-i/final-project/verilog/top.v:]
close_hw_manager
WARNING: [IP_Flow 19-4067] Ignoring invalid widget type specified checkbox.Providing a default widget
WARNING: [filemgmt 56-199] Attempt to get parsing info during refresh. "On-the-fly" syntax checking information may be incorrect. [/home/deepaung/Courses/hw-syn-lab-i/final-project/verilog/top.v:]
WARNING: [filemgmt 56-199] Attempt to get parsing info during refresh. "On-the-fly" syntax checking information may be incorrect. [/home/deepaung/Courses/hw-syn-lab-i/final-project/verilog/clock_gen.v:]
WARNING: [filemgmt 56-199] Attempt to get parsing info during refresh. "On-the-fly" syntax checking information may be incorrect. [/home/deepaung/Courses/hw-syn-lab-i/final-project/verilog/vga_controller.v:]
WARNING: [filemgmt 56-199] Attempt to get parsing info during refresh. "On-the-fly" syntax checking information may be incorrect. [/home/deepaung/Courses/hw-syn-lab-i/final-project/verilog/top.v:]
WARNING: [filemgmt 56-199] Attempt to get parsing info during refresh. "On-the-fly" syntax checking information may be incorrect. [/home/deepaung/Courses/hw-syn-lab-i/final-project/verilog/top.v:]
WARNING: [filemgmt 56-199] Attempt to get parsing info during refresh. "On-the-fly" syntax checking information may be incorrect. [/home/deepaung/Courses/hw-syn-lab-i/final-project/verilog/top.v:]
WARNING: [filemgmt 56-199] Attempt to get parsing info during refresh. "On-the-fly" syntax checking information may be incorrect. [/home/deepaung/Courses/hw-syn-lab-i/final-project/verilog/clock_gen.v:]
WARNING: [filemgmt 56-199] Attempt to get parsing info during refresh. "On-the-fly" syntax checking information may be incorrect. [/home/deepaung/Courses/hw-syn-lab-i/final-project/verilog/vga_controller.v:]
WARNING: [filemgmt 56-199] Attempt to get parsing info during refresh. "On-the-fly" syntax checking information may be incorrect. [/home/deepaung/Courses/hw-syn-lab-i/final-project/verilog/clock_gen.v:]
WARNING: [filemgmt 56-199] Attempt to get parsing info during refresh. "On-the-fly" syntax checking information may be incorrect. [/home/deepaung/Courses/hw-syn-lab-i/final-project/verilog/clock_gen.v:]
WARNING: [filemgmt 56-199] Attempt to get parsing info during refresh. "On-the-fly" syntax checking information may be incorrect. [/home/deepaung/Courses/hw-syn-lab-i/final-project/verilog/top.v:]
WARNING: [filemgmt 56-199] Attempt to get parsing info during refresh. "On-the-fly" syntax checking information may be incorrect. [/home/deepaung/Courses/hw-syn-lab-i/final-project/verilog/clock_gen.v:]
WARNING: [filemgmt 56-199] Attempt to get parsing info during refresh. "On-the-fly" syntax checking information may be incorrect. [/home/deepaung/Courses/hw-syn-lab-i/final-project/verilog/vga_controller.v:]
WARNING: [filemgmt 56-199] Attempt to get parsing info during refresh. "On-the-fly" syntax checking information may be incorrect. [/home/deepaung/Courses/hw-syn-lab-i/final-project/verilog/vga_controller.v:]
WARNING: [filemgmt 56-199] Attempt to get parsing info during refresh. "On-the-fly" syntax checking information may be incorrect. [/home/deepaung/Courses/hw-syn-lab-i/final-project/verilog/vga_controller.v:]
WARNING: [filemgmt 56-199] Attempt to get parsing info during refresh. "On-the-fly" syntax checking information may be incorrect. [/home/deepaung/Courses/hw-syn-lab-i/final-project/verilog/top.v:]
WARNING: [filemgmt 56-199] Attempt to get parsing info during refresh. "On-the-fly" syntax checking information may be incorrect. [/home/deepaung/Courses/hw-syn-lab-i/final-project/verilog/clock_gen.v:]
WARNING: [filemgmt 56-199] Attempt to get parsing info during refresh. "On-the-fly" syntax checking information may be incorrect. [/home/deepaung/Courses/hw-syn-lab-i/final-project/verilog/vga_controller.v:]
WARNING: [filemgmt 56-199] Attempt to get parsing info during refresh. "On-the-fly" syntax checking information may be incorrect. [/home/deepaung/Courses/hw-syn-lab-i/final-project/verilog/top.v:]
WARNING: [filemgmt 56-199] Attempt to get parsing info during refresh. "On-the-fly" syntax checking information may be incorrect. [/home/deepaung/Courses/hw-syn-lab-i/final-project/verilog/top.v:]
WARNING: [filemgmt 56-199] Attempt to get parsing info during refresh. "On-the-fly" syntax checking information may be incorrect. [/home/deepaung/Courses/hw-syn-lab-i/final-project/verilog/top.v:]
WARNING: [filemgmt 56-199] Attempt to get parsing info during refresh. "On-the-fly" syntax checking information may be incorrect. [/home/deepaung/Courses/hw-syn-lab-i/final-project/verilog/clock_gen.v:]
WARNING: [filemgmt 56-199] Attempt to get parsing info during refresh. "On-the-fly" syntax checking information may be incorrect. [/home/deepaung/Courses/hw-syn-lab-i/final-project/verilog/vga_controller.v:]
WARNING: [filemgmt 56-199] Attempt to get parsing info during refresh. "On-the-fly" syntax checking information may be incorrect. [/home/deepaung/Courses/hw-syn-lab-i/final-project/verilog/clock_gen.v:]
WARNING: [filemgmt 56-199] Attempt to get parsing info during refresh. "On-the-fly" syntax checking information may be incorrect. [/home/deepaung/Courses/hw-syn-lab-i/final-project/verilog/clock_gen.v:]
WARNING: [filemgmt 56-199] Attempt to get parsing info during refresh. "On-the-fly" syntax checking information may be incorrect. [/home/deepaung/Courses/hw-syn-lab-i/final-project/verilog/top.v:]
WARNING: [filemgmt 56-199] Attempt to get parsing info during refresh. "On-the-fly" syntax checking information may be incorrect. [/home/deepaung/Courses/hw-syn-lab-i/final-project/verilog/clock_gen.v:]
WARNING: [filemgmt 56-199] Attempt to get parsing info during refresh. "On-the-fly" syntax checking information may be incorrect. [/home/deepaung/Courses/hw-syn-lab-i/final-project/verilog/vga_controller.v:]
WARNING: [filemgmt 56-199] Attempt to get parsing info during refresh. "On-the-fly" syntax checking information may be incorrect. [/home/deepaung/Courses/hw-syn-lab-i/final-project/verilog/vga_controller.v:]
WARNING: [filemgmt 56-199] Attempt to get parsing info during refresh. "On-the-fly" syntax checking information may be incorrect. [/home/deepaung/Courses/hw-syn-lab-i/final-project/verilog/vga_controller.v:]
WARNING: [filemgmt 56-199] Attempt to get parsing info during refresh. "On-the-fly" syntax checking information may be incorrect. [/home/deepaung/Courses/hw-syn-lab-i/final-project/verilog/top.v:]
WARNING: [filemgmt 56-199] Attempt to get parsing info during refresh. "On-the-fly" syntax checking information may be incorrect. [/home/deepaung/Courses/hw-syn-lab-i/final-project/verilog/clock_gen.v:]
WARNING: [filemgmt 56-199] Attempt to get parsing info during refresh. "On-the-fly" syntax checking information may be incorrect. [/home/deepaung/Courses/hw-syn-lab-i/final-project/verilog/vga_controller.v:]
WARNING: [filemgmt 56-199] Attempt to get parsing info during refresh. "On-the-fly" syntax checking information may be incorrect. [/home/deepaung/Courses/hw-syn-lab-i/final-project/verilog/top.v:]
WARNING: [filemgmt 56-199] Attempt to get parsing info during refresh. "On-the-fly" syntax checking information may be incorrect. [/home/deepaung/Courses/hw-syn-lab-i/final-project/verilog/top.v:]
WARNING: [filemgmt 56-199] Attempt to get parsing info during refresh. "On-the-fly" syntax checking information may be incorrect. [/home/deepaung/Courses/hw-syn-lab-i/final-project/verilog/top.v:]
WARNING: [filemgmt 56-199] Attempt to get parsing info during refresh. "On-the-fly" syntax checking information may be incorrect. [/home/deepaung/Courses/hw-syn-lab-i/final-project/verilog/clock_gen.v:]
WARNING: [filemgmt 56-199] Attempt to get parsing info during refresh. "On-the-fly" syntax checking information may be incorrect. [/home/deepaung/Courses/hw-syn-lab-i/final-project/verilog/vga_controller.v:]
WARNING: [filemgmt 56-199] Attempt to get parsing info during refresh. "On-the-fly" syntax checking information may be incorrect. [/home/deepaung/Courses/hw-syn-lab-i/final-project/verilog/top.v:]
WARNING: [filemgmt 56-199] Attempt to get parsing info during refresh. "On-the-fly" syntax checking information may be incorrect. [/home/deepaung/Courses/hw-syn-lab-i/final-project/verilog/top.v:]
WARNING: [filemgmt 56-199] Attempt to get parsing info during refresh. "On-the-fly" syntax checking information may be incorrect. [/home/deepaung/Courses/hw-syn-lab-i/final-project/verilog/top.v:]
WARNING: [filemgmt 56-199] Attempt to get parsing info during refresh. "On-the-fly" syntax checking information may be incorrect. [/home/deepaung/Courses/hw-syn-lab-i/final-project/verilog/clock_gen.v:]
WARNING: [filemgmt 56-199] Attempt to get parsing info during refresh. "On-the-fly" syntax checking information may be incorrect. [/home/deepaung/Courses/hw-syn-lab-i/final-project/verilog/vga_controller.v:]
WARNING: [filemgmt 56-199] Attempt to get parsing info during refresh. "On-the-fly" syntax checking information may be incorrect. [/home/deepaung/Courses/hw-syn-lab-i/final-project/verilog/clock_gen.v:]
WARNING: [filemgmt 56-199] Attempt to get parsing info during refresh. "On-the-fly" syntax checking information may be incorrect. [/home/deepaung/Courses/hw-syn-lab-i/final-project/verilog/clock_gen.v:]
WARNING: [filemgmt 56-199] Attempt to get parsing info during refresh. "On-the-fly" syntax checking information may be incorrect. [/home/deepaung/Courses/hw-syn-lab-i/final-project/verilog/top.v:]
WARNING: [filemgmt 56-199] Attempt to get parsing info during refresh. "On-the-fly" syntax checking information may be incorrect. [/home/deepaung/Courses/hw-syn-lab-i/final-project/verilog/clock_gen.v:]
WARNING: [filemgmt 56-199] Attempt to get parsing info during refresh. "On-the-fly" syntax checking information may be incorrect. [/home/deepaung/Courses/hw-syn-lab-i/final-project/verilog/vga_controller.v:]
WARNING: [filemgmt 56-199] Attempt to get parsing info during refresh. "On-the-fly" syntax checking information may be incorrect. [/home/deepaung/Courses/hw-syn-lab-i/final-project/verilog/top.v:]
WARNING: [filemgmt 56-199] Attempt to get parsing info during refresh. "On-the-fly" syntax checking information may be incorrect. [/home/deepaung/Courses/hw-syn-lab-i/final-project/verilog/top.v:]
WARNING: [filemgmt 56-199] Attempt to get parsing info during refresh. "On-the-fly" syntax checking information may be incorrect. [/home/deepaung/Courses/hw-syn-lab-i/final-project/verilog/top.v:]
WARNING: [filemgmt 56-199] Attempt to get parsing info during refresh. "On-the-fly" syntax checking information may be incorrect. [/home/deepaung/Courses/hw-syn-lab-i/final-project/verilog/clock_gen.v:]
WARNING: [filemgmt 56-199] Attempt to get parsing info during refresh. "On-the-fly" syntax checking information may be incorrect. [/home/deepaung/Courses/hw-syn-lab-i/final-project/verilog/vga_controller.v:]
WARNING: [filemgmt 56-199] Attempt to get parsing info during refresh. "On-the-fly" syntax checking information may be incorrect. [/home/deepaung/Courses/hw-syn-lab-i/final-project/verilog/top.v:]
WARNING: [filemgmt 56-199] Attempt to get parsing info during refresh. "On-the-fly" syntax checking information may be incorrect. [/home/deepaung/Courses/hw-syn-lab-i/final-project/verilog/top.v:]
WARNING: [filemgmt 56-199] Attempt to get parsing info during refresh. "On-the-fly" syntax checking information may be incorrect. [/home/deepaung/Courses/hw-syn-lab-i/final-project/verilog/top.v:]
WARNING: [filemgmt 56-199] Attempt to get parsing info during refresh. "On-the-fly" syntax checking information may be incorrect. [/home/deepaung/Courses/hw-syn-lab-i/final-project/verilog/clock_gen.v:]
WARNING: [filemgmt 56-199] Attempt to get parsing info during refresh. "On-the-fly" syntax checking information may be incorrect. [/home/deepaung/Courses/hw-syn-lab-i/final-project/verilog/vga_controller.v:]
WARNING: [filemgmt 56-199] Attempt to get parsing info during refresh. "On-the-fly" syntax checking information may be incorrect. [/home/deepaung/Courses/hw-syn-lab-i/final-project/verilog/clock_gen.v:]
WARNING: [filemgmt 56-199] Attempt to get parsing info during refresh. "On-the-fly" syntax checking information may be incorrect. [/home/deepaung/Courses/hw-syn-lab-i/final-project/verilog/clock_gen.v:]
WARNING: [filemgmt 56-199] Attempt to get parsing info during refresh. "On-the-fly" syntax checking information may be incorrect. [/home/deepaung/Courses/hw-syn-lab-i/final-project/verilog/top.v:]
WARNING: [filemgmt 56-199] Attempt to get parsing info during refresh. "On-the-fly" syntax checking information may be incorrect. [/home/deepaung/Courses/hw-syn-lab-i/final-project/verilog/clock_gen.v:]
WARNING: [filemgmt 56-199] Attempt to get parsing info during refresh. "On-the-fly" syntax checking information may be incorrect. [/home/deepaung/Courses/hw-syn-lab-i/final-project/verilog/vga_controller.v:]
WARNING: [filemgmt 56-199] Attempt to get parsing info during refresh. "On-the-fly" syntax checking information may be incorrect. [/home/deepaung/Courses/hw-syn-lab-i/final-project/verilog/top.v:]
WARNING: [filemgmt 56-199] Attempt to get parsing info during refresh. "On-the-fly" syntax checking information may be incorrect. [/home/deepaung/Courses/hw-syn-lab-i/final-project/verilog/top.v:]
WARNING: [filemgmt 56-199] Attempt to get parsing info during refresh. "On-the-fly" syntax checking information may be incorrect. [/home/deepaung/Courses/hw-syn-lab-i/final-project/verilog/top.v:]
WARNING: [filemgmt 56-199] Attempt to get parsing info during refresh. "On-the-fly" syntax checking information may be incorrect. [/home/deepaung/Courses/hw-syn-lab-i/final-project/verilog/clock_gen.v:]
WARNING: [filemgmt 56-199] Attempt to get parsing info during refresh. "On-the-fly" syntax checking information may be incorrect. [/home/deepaung/Courses/hw-syn-lab-i/final-project/verilog/vga_controller.v:]
WARNING: [filemgmt 56-199] Attempt to get parsing info during refresh. "On-the-fly" syntax checking information may be incorrect. [/home/deepaung/Courses/hw-syn-lab-i/final-project/verilog/top.v:]
WARNING: [filemgmt 56-199] Attempt to get parsing info during refresh. "On-the-fly" syntax checking information may be incorrect. [/home/deepaung/Courses/hw-syn-lab-i/final-project/verilog/top.v:]
WARNING: [filemgmt 56-199] Attempt to get parsing info during refresh. "On-the-fly" syntax checking information may be incorrect. [/home/deepaung/Courses/hw-syn-lab-i/final-project/verilog/top.v:]
WARNING: [filemgmt 56-199] Attempt to get parsing info during refresh. "On-the-fly" syntax checking information may be incorrect. [/home/deepaung/Courses/hw-syn-lab-i/final-project/verilog/clock_gen.v:]
WARNING: [filemgmt 56-199] Attempt to get parsing info during refresh. "On-the-fly" syntax checking information may be incorrect. [/home/deepaung/Courses/hw-syn-lab-i/final-project/verilog/vga_controller.v:]
WARNING: [filemgmt 56-199] Attempt to get parsing info during refresh. "On-the-fly" syntax checking information may be incorrect. [/home/deepaung/Courses/hw-syn-lab-i/final-project/verilog/clock_gen.v:]
WARNING: [filemgmt 56-199] Attempt to get parsing info during refresh. "On-the-fly" syntax checking information may be incorrect. [/home/deepaung/Courses/hw-syn-lab-i/final-project/verilog/clock_gen.v:]
WARNING: [filemgmt 56-199] Attempt to get parsing info during refresh. "On-the-fly" syntax checking information may be incorrect. [/home/deepaung/Courses/hw-syn-lab-i/final-project/verilog/top.v:]
WARNING: [filemgmt 56-199] Attempt to get parsing info during refresh. "On-the-fly" syntax checking information may be incorrect. [/home/deepaung/Courses/hw-syn-lab-i/final-project/verilog/clock_gen.v:]
WARNING: [filemgmt 56-199] Attempt to get parsing info during refresh. "On-the-fly" syntax checking information may be incorrect. [/home/deepaung/Courses/hw-syn-lab-i/final-project/verilog/vga_controller.v:]
WARNING: [filemgmt 56-199] Attempt to get parsing info during refresh. "On-the-fly" syntax checking information may be incorrect. [/home/deepaung/Courses/hw-syn-lab-i/final-project/verilog/vga_controller.v:]
WARNING: [filemgmt 56-199] Attempt to get parsing info during refresh. "On-the-fly" syntax checking information may be incorrect. [/home/deepaung/Courses/hw-syn-lab-i/final-project/verilog/vga_controller.v:]
WARNING: [filemgmt 56-199] Attempt to get parsing info during refresh. "On-the-fly" syntax checking information may be incorrect. [/home/deepaung/Courses/hw-syn-lab-i/final-project/verilog/top.v:]
WARNING: [filemgmt 56-199] Attempt to get parsing info during refresh. "On-the-fly" syntax checking information may be incorrect. [/home/deepaung/Courses/hw-syn-lab-i/final-project/verilog/clock_gen.v:]
WARNING: [filemgmt 56-199] Attempt to get parsing info during refresh. "On-the-fly" syntax checking information may be incorrect. [/home/deepaung/Courses/hw-syn-lab-i/final-project/verilog/vga_controller.v:]
WARNING: [filemgmt 56-199] Attempt to get parsing info during refresh. "On-the-fly" syntax checking information may be incorrect. [/home/deepaung/Courses/hw-syn-lab-i/final-project/verilog/top.v:]
WARNING: [filemgmt 56-199] Attempt to get parsing info during refresh. "On-the-fly" syntax checking information may be incorrect. [/home/deepaung/Courses/hw-syn-lab-i/final-project/verilog/top.v:]
WARNING: [filemgmt 56-199] Attempt to get parsing info during refresh. "On-the-fly" syntax checking information may be incorrect. [/home/deepaung/Courses/hw-syn-lab-i/final-project/verilog/top.v:]
WARNING: [filemgmt 56-199] Attempt to get parsing info during refresh. "On-the-fly" syntax checking information may be incorrect. [/home/deepaung/Courses/hw-syn-lab-i/final-project/verilog/clock_gen.v:]
WARNING: [filemgmt 56-199] Attempt to get parsing info during refresh. "On-the-fly" syntax checking information may be incorrect. [/home/deepaung/Courses/hw-syn-lab-i/final-project/verilog/vga_controller.v:]
WARNING: [filemgmt 56-199] Attempt to get parsing info during refresh. "On-the-fly" syntax checking information may be incorrect. [/home/deepaung/Courses/hw-syn-lab-i/final-project/verilog/clock_gen.v:]
WARNING: [filemgmt 56-199] Attempt to get parsing info during refresh. "On-the-fly" syntax checking information may be incorrect. [/home/deepaung/Courses/hw-syn-lab-i/final-project/verilog/clock_gen.v:]
reset_run impl_1 -prev_step 
launch_runs impl_1 -to_step write_bitstream -jobs 8
[Tue Apr 21 15:28:28 2026] Launched impl_1...
Run output will be captured here: /home/deepaung/Courses/hw-syn-lab-i/final-project/vivado/vivado.runs/impl_1/runme.log
WARNING: [filemgmt 56-199] Attempt to get parsing info during refresh. "On-the-fly" syntax checking information may be incorrect. [/home/deepaung/Courses/hw-syn-lab-i/final-project/verilog/top.v:]
WARNING: [filemgmt 56-199] Attempt to get parsing info during refresh. "On-the-fly" syntax checking information may be incorrect. [/home/deepaung/Courses/hw-syn-lab-i/final-project/verilog/clock_gen.v:]
WARNING: [filemgmt 56-199] Attempt to get parsing info during refresh. "On-the-fly" syntax checking information may be incorrect. [/home/deepaung/Courses/hw-syn-lab-i/final-project/verilog/vga_controller.v:]
WARNING: [filemgmt 56-199] Attempt to get parsing info during refresh. "On-the-fly" syntax checking information may be incorrect. [/home/deepaung/Courses/hw-syn-lab-i/final-project/verilog/top.v:]
WARNING: [filemgmt 56-199] Attempt to get parsing info during refresh. "On-the-fly" syntax checking information may be incorrect. [/home/deepaung/Courses/hw-syn-lab-i/final-project/verilog/top.v:]
WARNING: [filemgmt 56-199] Attempt to get parsing info during refresh. "On-the-fly" syntax checking information may be incorrect. [/home/deepaung/Courses/hw-syn-lab-i/final-project/verilog/top.v:]
WARNING: [filemgmt 56-199] Attempt to get parsing info during refresh. "On-the-fly" syntax checking information may be incorrect. [/home/deepaung/Courses/hw-syn-lab-i/final-project/verilog/clock_gen.v:]
WARNING: [filemgmt 56-199] Attempt to get parsing info during refresh. "On-the-fly" syntax checking information may be incorrect. [/home/deepaung/Courses/hw-syn-lab-i/final-project/verilog/vga_controller.v:]
WARNING: [filemgmt 56-199] Attempt to get parsing info during refresh. "On-the-fly" syntax checking information may be incorrect. [/home/deepaung/Courses/hw-syn-lab-i/final-project/verilog/top.v:]
WARNING: [filemgmt 56-199] Attempt to get parsing info during refresh. "On-the-fly" syntax checking information may be incorrect. [/home/deepaung/Courses/hw-syn-lab-i/final-project/verilog/top.v:]
WARNING: [filemgmt 56-199] Attempt to get parsing info during refresh. "On-the-fly" syntax checking information may be incorrect. [/home/deepaung/Courses/hw-syn-lab-i/final-project/verilog/top.v:]
WARNING: [filemgmt 56-199] Attempt to get parsing info during refresh. "On-the-fly" syntax checking information may be incorrect. [/home/deepaung/Courses/hw-syn-lab-i/final-project/verilog/clock_gen.v:]
WARNING: [filemgmt 56-199] Attempt to get parsing info during refresh. "On-the-fly" syntax checking information may be incorrect. [/home/deepaung/Courses/hw-syn-lab-i/final-project/verilog/vga_controller.v:]
WARNING: [filemgmt 56-199] Attempt to get parsing info during refresh. "On-the-fly" syntax checking information may be incorrect. [/home/deepaung/Courses/hw-syn-lab-i/final-project/verilog/top.v:]
WARNING: [filemgmt 56-199] Attempt to get parsing info during refresh. "On-the-fly" syntax checking information may be incorrect. [/home/deepaung/Courses/hw-syn-lab-i/final-project/verilog/top.v:]
WARNING: [filemgmt 56-199] Attempt to get parsing info during refresh. "On-the-fly" syntax checking information may be incorrect. [/home/deepaung/Courses/hw-syn-lab-i/final-project/verilog/top.v:]
WARNING: [filemgmt 56-199] Attempt to get parsing info during refresh. "On-the-fly" syntax checking information may be incorrect. [/home/deepaung/Courses/hw-syn-lab-i/final-project/verilog/clock_gen.v:]
WARNING: [filemgmt 56-199] Attempt to get parsing info during refresh. "On-the-fly" syntax checking information may be incorrect. [/home/deepaung/Courses/hw-syn-lab-i/final-project/verilog/vga_controller.v:]
WARNING: [filemgmt 56-199] Attempt to get parsing info during refresh. "On-the-fly" syntax checking information may be incorrect. [/home/deepaung/Courses/hw-syn-lab-i/final-project/verilog/top.v:]
WARNING: [filemgmt 56-199] Attempt to get parsing info during refresh. "On-the-fly" syntax checking information may be incorrect. [/home/deepaung/Courses/hw-syn-lab-i/final-project/verilog/top.v:]
WARNING: [filemgmt 56-199] Attempt to get parsing info during refresh. "On-the-fly" syntax checking information may be incorrect. [/home/deepaung/Courses/hw-syn-lab-i/final-project/verilog/top.v:]
WARNING: [filemgmt 56-199] Attempt to get parsing info during refresh. "On-the-fly" syntax checking information may be incorrect. [/home/deepaung/Courses/hw-syn-lab-i/final-project/verilog/clock_gen.v:]
WARNING: [filemgmt 56-199] Attempt to get parsing info during refresh. "On-the-fly" syntax checking information may be incorrect. [/home/deepaung/Courses/hw-syn-lab-i/final-project/verilog/vga_controller.v:]
WARNING: [filemgmt 56-199] Attempt to get parsing info during refresh. "On-the-fly" syntax checking information may be incorrect. [/home/deepaung/Courses/hw-syn-lab-i/final-project/verilog/top.v:]
WARNING: [filemgmt 56-199] Attempt to get parsing info during refresh. "On-the-fly" syntax checking information may be incorrect. [/home/deepaung/Courses/hw-syn-lab-i/final-project/verilog/top.v:]
open_hw_manager
connect_hw_server -allow_non_jtag
INFO: [Labtools 27-2285] Connecting to hw_server url TCP:localhost:3121
INFO: [Labtools 27-2222] Launching hw_server...
INFO: [Labtools 27-2221] Launch Output:

****** Xilinx hw_server v2025.2
  **** Build date : Oct 28 2025 at 16:07:00
    ** Copyright 1986-2022 Xilinx, Inc. All Rights Reserved.


INFO: [Labtools 27-3415] Connecting to cs_server url TCP:localhost:0
INFO: [Labtools 27-3417] Launching cs_server...
INFO: [Labtools 27-2221] Launch Output:


******** Xilinx cs_server v2025.2.0
  ****** Build date   : Nov 14 2025-06:16:52
    **** Build number : 2025.2.1763075812
      ** Copyright 2017-2022 Xilinx, Inc. All Rights Reserved.
      ** Copyright 2022-2026 Advanced Micro Devices, Inc. All Rights Reserved.



disconnect_hw_server localhost:3121
connect_hw_server -allow_non_jtag
INFO: [Labtools 27-2285] Connecting to hw_server url TCP:localhost:3121
INFO: [Labtools 27-3415] Connecting to cs_server url TCP:localhost:0
INFO: [Labtools 27-3417] Launching cs_server...
INFO: [Labtools 27-2221] Launch Output:


******** Xilinx cs_server v2025.2.0
  ****** Build date   : Nov 14 2025-06:16:52
    **** Build number : 2025.2.1763075812
      ** Copyright 2017-2022 Xilinx, Inc. All Rights Reserved.
      ** Copyright 2022-2026 Advanced Micro Devices, Inc. All Rights Reserved.



open_hw_target
INFO: [Labtoolstcl 44-466] Opening hw_target localhost:3121/xilinx_tcf/Digilent/210183B81EE0A
set_property PROGRAM.FILE {/home/deepaung/Courses/hw-syn-lab-i/final-project/vivado/vivado.runs/impl_1/top.bit} [get_hw_devices xc7a35t_0]
current_hw_device [get_hw_devices xc7a35t_0]
refresh_hw_device -update_hw_probes false [lindex [get_hw_devices xc7a35t_0] 0]
INFO: [Labtools 27-1435] Device xc7a35t (JTAG device index = 0) is not programmed (DONE status = 0).
set_property PROBES.FILE {} [get_hw_devices xc7a35t_0]
set_property FULL_PROBES.FILE {} [get_hw_devices xc7a35t_0]
set_property PROGRAM.FILE {/home/deepaung/Courses/hw-syn-lab-i/final-project/vivado/vivado.runs/impl_1/top.bit} [get_hw_devices xc7a35t_0]
program_hw_devices [get_hw_devices xc7a35t_0]
INFO: [Labtools 27-3164] End of startup status: HIGH
refresh_hw_device [lindex [get_hw_devices xc7a35t_0] 0]
INFO: [Labtools 27-1434] Device xc7a35t (JTAG device index = 0) is programmed with a design that has no supported soft debug core(s) in it.
close_hw_manager
WARNING: [IP_Flow 19-4067] Ignoring invalid widget type specified checkbox.Providing a default widget
WARNING: [IP_Flow 19-4067] Ignoring invalid widget type specified checkbox.Providing a default widget
WARNING: [filemgmt 56-199] Attempt to get parsing info during refresh. "On-the-fly" syntax checking information may be incorrect. [/home/deepaung/Courses/hw-syn-lab-i/final-project/verilog/top.v:]
WARNING: [filemgmt 56-199] Attempt to get parsing info during refresh. "On-the-fly" syntax checking information may be incorrect. [/home/deepaung/Courses/hw-syn-lab-i/final-project/verilog/clock_gen.v:]
WARNING: [filemgmt 56-199] Attempt to get parsing info during refresh. "On-the-fly" syntax checking information may be incorrect. [/home/deepaung/Courses/hw-syn-lab-i/final-project/verilog/vga_controller.v:]
WARNING: [filemgmt 56-199] Attempt to get parsing info during refresh. "On-the-fly" syntax checking information may be incorrect. [/home/deepaung/Courses/hw-syn-lab-i/final-project/verilog/vga_controller.v:]
WARNING: [filemgmt 56-199] Attempt to get parsing info during refresh. "On-the-fly" syntax checking information may be incorrect. [/home/deepaung/Courses/hw-syn-lab-i/final-project/verilog/vga_controller.v:]
WARNING: [filemgmt 56-199] Attempt to get parsing info during refresh. "On-the-fly" syntax checking information may be incorrect. [/home/deepaung/Courses/hw-syn-lab-i/final-project/verilog/top.v:]
WARNING: [filemgmt 56-199] Attempt to get parsing info during refresh. "On-the-fly" syntax checking information may be incorrect. [/home/deepaung/Courses/hw-syn-lab-i/final-project/verilog/clock_gen.v:]
WARNING: [filemgmt 56-199] Attempt to get parsing info during refresh. "On-the-fly" syntax checking information may be incorrect. [/home/deepaung/Courses/hw-syn-lab-i/final-project/verilog/vga_controller.v:]
WARNING: [filemgmt 56-199] Attempt to get parsing info during refresh. "On-the-fly" syntax checking information may be incorrect. [/home/deepaung/Courses/hw-syn-lab-i/final-project/verilog/top.v:]
WARNING: [filemgmt 56-199] Attempt to get parsing info during refresh. "On-the-fly" syntax checking information may be incorrect. [/home/deepaung/Courses/hw-syn-lab-i/final-project/verilog/top.v:]
WARNING: [filemgmt 56-199] Attempt to get parsing info during refresh. "On-the-fly" syntax checking information may be incorrect. [/home/deepaung/Courses/hw-syn-lab-i/final-project/verilog/top.v:]
WARNING: [filemgmt 56-199] Attempt to get parsing info during refresh. "On-the-fly" syntax checking information may be incorrect. [/home/deepaung/Courses/hw-syn-lab-i/final-project/verilog/clock_gen.v:]
WARNING: [filemgmt 56-199] Attempt to get parsing info during refresh. "On-the-fly" syntax checking information may be incorrect. [/home/deepaung/Courses/hw-syn-lab-i/final-project/verilog/vga_controller.v:]
WARNING: [filemgmt 56-199] Attempt to get parsing info during refresh. "On-the-fly" syntax checking information may be incorrect. [/home/deepaung/Courses/hw-syn-lab-i/final-project/verilog/clock_gen.v:]
WARNING: [filemgmt 56-199] Attempt to get parsing info during refresh. "On-the-fly" syntax checking information may be incorrect. [/home/deepaung/Courses/hw-syn-lab-i/final-project/verilog/clock_gen.v:]
WARNING: [filemgmt 56-199] Attempt to get parsing info during refresh. "On-the-fly" syntax checking information may be incorrect. [/home/deepaung/Courses/hw-syn-lab-i/final-project/verilog/top.v:]
WARNING: [filemgmt 56-199] Attempt to get parsing info during refresh. "On-the-fly" syntax checking information may be incorrect. [/home/deepaung/Courses/hw-syn-lab-i/final-project/verilog/clock_gen.v:]
WARNING: [filemgmt 56-199] Attempt to get parsing info during refresh. "On-the-fly" syntax checking information may be incorrect. [/home/deepaung/Courses/hw-syn-lab-i/final-project/verilog/vga_controller.v:]
WARNING: [filemgmt 56-199] Attempt to get parsing info during refresh. "On-the-fly" syntax checking information may be incorrect. [/home/deepaung/Courses/hw-syn-lab-i/final-project/verilog/top.v:]
WARNING: [filemgmt 56-199] Attempt to get parsing info during refresh. "On-the-fly" syntax checking information may be incorrect. [/home/deepaung/Courses/hw-syn-lab-i/final-project/verilog/top.v:]
WARNING: [filemgmt 56-199] Attempt to get parsing info during refresh. "On-the-fly" syntax checking information may be incorrect. [/home/deepaung/Courses/hw-syn-lab-i/final-project/verilog/top.v:]
WARNING: [filemgmt 56-199] Attempt to get parsing info during refresh. "On-the-fly" syntax checking information may be incorrect. [/home/deepaung/Courses/hw-syn-lab-i/final-project/verilog/clock_gen.v:]
WARNING: [filemgmt 56-199] Attempt to get parsing info during refresh. "On-the-fly" syntax checking information may be incorrect. [/home/deepaung/Courses/hw-syn-lab-i/final-project/verilog/vga_controller.v:]
WARNING: [filemgmt 56-199] Attempt to get parsing info during refresh. "On-the-fly" syntax checking information may be incorrect. [/home/deepaung/Courses/hw-syn-lab-i/final-project/verilog/clock_gen.v:]
WARNING: [filemgmt 56-199] Attempt to get parsing info during refresh. "On-the-fly" syntax checking information may be incorrect. [/home/deepaung/Courses/hw-syn-lab-i/final-project/verilog/clock_gen.v:]
WARNING: [filemgmt 56-199] Attempt to get parsing info during refresh. "On-the-fly" syntax checking information may be incorrect. [/home/deepaung/Courses/hw-syn-lab-i/final-project/verilog/top.v:]
WARNING: [filemgmt 56-199] Attempt to get parsing info during refresh. "On-the-fly" syntax checking information may be incorrect. [/home/deepaung/Courses/hw-syn-lab-i/final-project/verilog/clock_gen.v:]
WARNING: [filemgmt 56-199] Attempt to get parsing info during refresh. "On-the-fly" syntax checking information may be incorrect. [/home/deepaung/Courses/hw-syn-lab-i/final-project/verilog/vga_controller.v:]
WARNING: [filemgmt 56-199] Attempt to get parsing info during refresh. "On-the-fly" syntax checking information may be incorrect. [/home/deepaung/Courses/hw-syn-lab-i/final-project/verilog/top.v:]
WARNING: [filemgmt 56-199] Attempt to get parsing info during refresh. "On-the-fly" syntax checking information may be incorrect. [/home/deepaung/Courses/hw-syn-lab-i/final-project/verilog/top.v:]
WARNING: [filemgmt 56-199] Attempt to get parsing info during refresh. "On-the-fly" syntax checking information may be incorrect. [/home/deepaung/Courses/hw-syn-lab-i/final-project/verilog/top.v:]
WARNING: [filemgmt 56-199] Attempt to get parsing info during refresh. "On-the-fly" syntax checking information may be incorrect. [/home/deepaung/Courses/hw-syn-lab-i/final-project/verilog/clock_gen.v:]
WARNING: [filemgmt 56-199] Attempt to get parsing info during refresh. "On-the-fly" syntax checking information may be incorrect. [/home/deepaung/Courses/hw-syn-lab-i/final-project/verilog/vga_controller.v:]
WARNING: [filemgmt 56-199] Attempt to get parsing info during refresh. "On-the-fly" syntax checking information may be incorrect. [/home/deepaung/Courses/hw-syn-lab-i/final-project/verilog/top.v:]
WARNING: [filemgmt 56-199] Attempt to get parsing info during refresh. "On-the-fly" syntax checking information may be incorrect. [/home/deepaung/Courses/hw-syn-lab-i/final-project/verilog/top.v:]
WARNING: [filemgmt 56-199] Attempt to get parsing info during refresh. "On-the-fly" syntax checking information may be incorrect. [/home/deepaung/Courses/hw-syn-lab-i/final-project/verilog/top.v:]
WARNING: [filemgmt 56-199] Attempt to get parsing info during refresh. "On-the-fly" syntax checking information may be incorrect. [/home/deepaung/Courses/hw-syn-lab-i/final-project/verilog/clock_gen.v:]
WARNING: [filemgmt 56-199] Attempt to get parsing info during refresh. "On-the-fly" syntax checking information may be incorrect. [/home/deepaung/Courses/hw-syn-lab-i/final-project/verilog/vga_controller.v:]
WARNING: [filemgmt 56-199] Attempt to get parsing info during refresh. "On-the-fly" syntax checking information may be incorrect. [/home/deepaung/Courses/hw-syn-lab-i/final-project/verilog/top.v:]
WARNING: [filemgmt 56-199] Attempt to get parsing info during refresh. "On-the-fly" syntax checking information may be incorrect. [/home/deepaung/Courses/hw-syn-lab-i/final-project/verilog/top.v:]
WARNING: [filemgmt 56-199] Attempt to get parsing info during refresh. "On-the-fly" syntax checking information may be incorrect. [/home/deepaung/Courses/hw-syn-lab-i/final-project/verilog/top.v:]
WARNING: [filemgmt 56-199] Attempt to get parsing info during refresh. "On-the-fly" syntax checking information may be incorrect. [/home/deepaung/Courses/hw-syn-lab-i/final-project/verilog/clock_gen.v:]
WARNING: [filemgmt 56-199] Attempt to get parsing info during refresh. "On-the-fly" syntax checking information may be incorrect. [/home/deepaung/Courses/hw-syn-lab-i/final-project/verilog/vga_controller.v:]
WARNING: [filemgmt 56-199] Attempt to get parsing info during refresh. "On-the-fly" syntax checking information may be incorrect. [/home/deepaung/Courses/hw-syn-lab-i/final-project/verilog/clock_gen.v:]
WARNING: [filemgmt 56-199] Attempt to get parsing info during refresh. "On-the-fly" syntax checking information may be incorrect. [/home/deepaung/Courses/hw-syn-lab-i/final-project/verilog/clock_gen.v:]
WARNING: [filemgmt 56-199] Attempt to get parsing info during refresh. "On-the-fly" syntax checking information may be incorrect. [/home/deepaung/Courses/hw-syn-lab-i/final-project/verilog/top.v:]
WARNING: [filemgmt 56-199] Attempt to get parsing info during refresh. "On-the-fly" syntax checking information may be incorrect. [/home/deepaung/Courses/hw-syn-lab-i/final-project/verilog/clock_gen.v:]
WARNING: [filemgmt 56-199] Attempt to get parsing info during refresh. "On-the-fly" syntax checking information may be incorrect. [/home/deepaung/Courses/hw-syn-lab-i/final-project/verilog/vga_controller.v:]
WARNING: [filemgmt 56-199] Attempt to get parsing info during refresh. "On-the-fly" syntax checking information may be incorrect. [/home/deepaung/Courses/hw-syn-lab-i/final-project/verilog/vga_controller.v:]
WARNING: [filemgmt 56-199] Attempt to get parsing info during refresh. "On-the-fly" syntax checking information may be incorrect. [/home/deepaung/Courses/hw-syn-lab-i/final-project/verilog/vga_controller.v:]
WARNING: [filemgmt 56-199] Attempt to get parsing info during refresh. "On-the-fly" syntax checking information may be incorrect. [/home/deepaung/Courses/hw-syn-lab-i/final-project/verilog/top.v:]
WARNING: [filemgmt 56-199] Attempt to get parsing info during refresh. "On-the-fly" syntax checking information may be incorrect. [/home/deepaung/Courses/hw-syn-lab-i/final-project/verilog/clock_gen.v:]
WARNING: [filemgmt 56-199] Attempt to get parsing info during refresh. "On-the-fly" syntax checking information may be incorrect. [/home/deepaung/Courses/hw-syn-lab-i/final-project/verilog/vga_controller.v:]
WARNING: [filemgmt 56-199] Attempt to get parsing info during refresh. "On-the-fly" syntax checking information may be incorrect. [/home/deepaung/Courses/hw-syn-lab-i/final-project/verilog/top.v:]
WARNING: [filemgmt 56-199] Attempt to get parsing info during refresh. "On-the-fly" syntax checking information may be incorrect. [/home/deepaung/Courses/hw-syn-lab-i/final-project/verilog/top.v:]
WARNING: [filemgmt 56-199] Attempt to get parsing info during refresh. "On-the-fly" syntax checking information may be incorrect. [/home/deepaung/Courses/hw-syn-lab-i/final-project/verilog/top.v:]
WARNING: [filemgmt 56-199] Attempt to get parsing info during refresh. "On-the-fly" syntax checking information may be incorrect. [/home/deepaung/Courses/hw-syn-lab-i/final-project/verilog/clock_gen.v:]
WARNING: [filemgmt 56-199] Attempt to get parsing info during refresh. "On-the-fly" syntax checking information may be incorrect. [/home/deepaung/Courses/hw-syn-lab-i/final-project/verilog/vga_controller.v:]
WARNING: [filemgmt 56-199] Attempt to get parsing info during refresh. "On-the-fly" syntax checking information may be incorrect. [/home/deepaung/Courses/hw-syn-lab-i/final-project/verilog/clock_gen.v:]
WARNING: [filemgmt 56-199] Attempt to get parsing info during refresh. "On-the-fly" syntax checking information may be incorrect. [/home/deepaung/Courses/hw-syn-lab-i/final-project/verilog/clock_gen.v:]
WARNING: [filemgmt 56-199] Attempt to get parsing info during refresh. "On-the-fly" syntax checking information may be incorrect. [/home/deepaung/Courses/hw-syn-lab-i/final-project/verilog/top.v:]
WARNING: [filemgmt 56-199] Attempt to get parsing info during refresh. "On-the-fly" syntax checking information may be incorrect. [/home/deepaung/Courses/hw-syn-lab-i/final-project/verilog/clock_gen.v:]
WARNING: [filemgmt 56-199] Attempt to get parsing info during refresh. "On-the-fly" syntax checking information may be incorrect. [/home/deepaung/Courses/hw-syn-lab-i/final-project/verilog/vga_controller.v:]
WARNING: [filemgmt 56-199] Attempt to get parsing info during refresh. "On-the-fly" syntax checking information may be incorrect. [/home/deepaung/Courses/hw-syn-lab-i/final-project/verilog/vga_controller.v:]
WARNING: [filemgmt 56-199] Attempt to get parsing info during refresh. "On-the-fly" syntax checking information may be incorrect. [/home/deepaung/Courses/hw-syn-lab-i/final-project/verilog/vga_controller.v:]
WARNING: [filemgmt 56-199] Attempt to get parsing info during refresh. "On-the-fly" syntax checking information may be incorrect. [/home/deepaung/Courses/hw-syn-lab-i/final-project/verilog/top.v:]
WARNING: [filemgmt 56-199] Attempt to get parsing info during refresh. "On-the-fly" syntax checking information may be incorrect. [/home/deepaung/Courses/hw-syn-lab-i/final-project/verilog/clock_gen.v:]
WARNING: [filemgmt 56-199] Attempt to get parsing info during refresh. "On-the-fly" syntax checking information may be incorrect. [/home/deepaung/Courses/hw-syn-lab-i/final-project/verilog/vga_controller.v:]
WARNING: [filemgmt 56-199] Attempt to get parsing info during refresh. "On-the-fly" syntax checking information may be incorrect. [/home/deepaung/Courses/hw-syn-lab-i/final-project/verilog/top.v:]
WARNING: [filemgmt 56-199] Attempt to get parsing info during refresh. "On-the-fly" syntax checking information may be incorrect. [/home/deepaung/Courses/hw-syn-lab-i/final-project/verilog/top.v:]
WARNING: [filemgmt 56-199] Attempt to get parsing info during refresh. "On-the-fly" syntax checking information may be incorrect. [/home/deepaung/Courses/hw-syn-lab-i/final-project/verilog/top.v:]
WARNING: [filemgmt 56-199] Attempt to get parsing info during refresh. "On-the-fly" syntax checking information may be incorrect. [/home/deepaung/Courses/hw-syn-lab-i/final-project/verilog/clock_gen.v:]
WARNING: [filemgmt 56-199] Attempt to get parsing info during refresh. "On-the-fly" syntax checking information may be incorrect. [/home/deepaung/Courses/hw-syn-lab-i/final-project/verilog/vga_controller.v:]
WARNING: [filemgmt 56-199] Attempt to get parsing info during refresh. "On-the-fly" syntax checking information may be incorrect. [/home/deepaung/Courses/hw-syn-lab-i/final-project/verilog/clock_gen.v:]
WARNING: [filemgmt 56-199] Attempt to get parsing info during refresh. "On-the-fly" syntax checking information may be incorrect. [/home/deepaung/Courses/hw-syn-lab-i/final-project/verilog/clock_gen.v:]
WARNING: [filemgmt 56-199] Attempt to get parsing info during refresh. "On-the-fly" syntax checking information may be incorrect. [/home/deepaung/Courses/hw-syn-lab-i/final-project/verilog/top.v:]
WARNING: [filemgmt 56-199] Attempt to get parsing info during refresh. "On-the-fly" syntax checking information may be incorrect. [/home/deepaung/Courses/hw-syn-lab-i/final-project/verilog/clock_gen.v:]
WARNING: [filemgmt 56-199] Attempt to get parsing info during refresh. "On-the-fly" syntax checking information may be incorrect. [/home/deepaung/Courses/hw-syn-lab-i/final-project/verilog/vga_controller.v:]
WARNING: [filemgmt 56-199] Attempt to get parsing info during refresh. "On-the-fly" syntax checking information may be incorrect. [/home/deepaung/Courses/hw-syn-lab-i/final-project/verilog/top.v:]
WARNING: [filemgmt 56-199] Attempt to get parsing info during refresh. "On-the-fly" syntax checking information may be incorrect. [/home/deepaung/Courses/hw-syn-lab-i/final-project/verilog/top.v:]
WARNING: [filemgmt 56-199] Attempt to get parsing info during refresh. "On-the-fly" syntax checking information may be incorrect. [/home/deepaung/Courses/hw-syn-lab-i/final-project/verilog/top.v:]
WARNING: [filemgmt 56-199] Attempt to get parsing info during refresh. "On-the-fly" syntax checking information may be incorrect. [/home/deepaung/Courses/hw-syn-lab-i/final-project/verilog/clock_gen.v:]
WARNING: [filemgmt 56-199] Attempt to get parsing info during refresh. "On-the-fly" syntax checking information may be incorrect. [/home/deepaung/Courses/hw-syn-lab-i/final-project/verilog/vga_controller.v:]
WARNING: [filemgmt 56-199] Attempt to get parsing info during refresh. "On-the-fly" syntax checking information may be incorrect. [/home/deepaung/Courses/hw-syn-lab-i/final-project/verilog/clock_gen.v:]
WARNING: [filemgmt 56-199] Attempt to get parsing info during refresh. "On-the-fly" syntax checking information may be incorrect. [/home/deepaung/Courses/hw-syn-lab-i/final-project/verilog/clock_gen.v:]
WARNING: [filemgmt 56-199] Attempt to get parsing info during refresh. "On-the-fly" syntax checking information may be incorrect. [/home/deepaung/Courses/hw-syn-lab-i/final-project/verilog/top.v:]
WARNING: [filemgmt 56-199] Attempt to get parsing info during refresh. "On-the-fly" syntax checking information may be incorrect. [/home/deepaung/Courses/hw-syn-lab-i/final-project/verilog/clock_gen.v:]
WARNING: [filemgmt 56-199] Attempt to get parsing info during refresh. "On-the-fly" syntax checking information may be incorrect. [/home/deepaung/Courses/hw-syn-lab-i/final-project/verilog/vga_controller.v:]
WARNING: [filemgmt 56-199] Attempt to get parsing info during refresh. "On-the-fly" syntax checking information may be incorrect. [/home/deepaung/Courses/hw-syn-lab-i/final-project/verilog/vga_controller.v:]
WARNING: [filemgmt 56-199] Attempt to get parsing info during refresh. "On-the-fly" syntax checking information may be incorrect. [/home/deepaung/Courses/hw-syn-lab-i/final-project/verilog/vga_controller.v:]
WARNING: [filemgmt 56-199] Attempt to get parsing info during refresh. "On-the-fly" syntax checking information may be incorrect. [/home/deepaung/Courses/hw-syn-lab-i/final-project/verilog/top.v:]
WARNING: [filemgmt 56-199] Attempt to get parsing info during refresh. "On-the-fly" syntax checking information may be incorrect. [/home/deepaung/Courses/hw-syn-lab-i/final-project/verilog/clock_gen.v:]
WARNING: [filemgmt 56-199] Attempt to get parsing info during refresh. "On-the-fly" syntax checking information may be incorrect. [/home/deepaung/Courses/hw-syn-lab-i/final-project/verilog/vga_controller.v:]
WARNING: [filemgmt 56-199] Attempt to get parsing info during refresh. "On-the-fly" syntax checking information may be incorrect. [/home/deepaung/Courses/hw-syn-lab-i/final-project/verilog/vga_controller.v:]
WARNING: [filemgmt 56-199] Attempt to get parsing info during refresh. "On-the-fly" syntax checking information may be incorrect. [/home/deepaung/Courses/hw-syn-lab-i/final-project/verilog/vga_controller.v:]
WARNING: [filemgmt 56-199] Attempt to get parsing info during refresh. "On-the-fly" syntax checking information may be incorrect. [/home/deepaung/Courses/hw-syn-lab-i/final-project/verilog/top.v:]
WARNING: [filemgmt 56-199] Attempt to get parsing info during refresh. "On-the-fly" syntax checking information may be incorrect. [/home/deepaung/Courses/hw-syn-lab-i/final-project/verilog/clock_gen.v:]
WARNING: [filemgmt 56-199] Attempt to get parsing info during refresh. "On-the-fly" syntax checking information may be incorrect. [/home/deepaung/Courses/hw-syn-lab-i/final-project/verilog/vga_controller.v:]
WARNING: [filemgmt 56-199] Attempt to get parsing info during refresh. "On-the-fly" syntax checking information may be incorrect. [/home/deepaung/Courses/hw-syn-lab-i/final-project/verilog/clock_gen.v:]
WARNING: [filemgmt 56-199] Attempt to get parsing info during refresh. "On-the-fly" syntax checking information may be incorrect. [/home/deepaung/Courses/hw-syn-lab-i/final-project/verilog/clock_gen.v:]
WARNING: [filemgmt 56-199] Attempt to get parsing info during refresh. "On-the-fly" syntax checking information may be incorrect. [/home/deepaung/Courses/hw-syn-lab-i/final-project/verilog/top.v:]
WARNING: [filemgmt 56-199] Attempt to get parsing info during refresh. "On-the-fly" syntax checking information may be incorrect. [/home/deepaung/Courses/hw-syn-lab-i/final-project/verilog/clock_gen.v:]
WARNING: [filemgmt 56-199] Attempt to get parsing info during refresh. "On-the-fly" syntax checking information may be incorrect. [/home/deepaung/Courses/hw-syn-lab-i/final-project/verilog/vga_controller.v:]
WARNING: [filemgmt 56-199] Attempt to get parsing info during refresh. "On-the-fly" syntax checking information may be incorrect. [/home/deepaung/Courses/hw-syn-lab-i/final-project/verilog/top.v:]
WARNING: [filemgmt 56-199] Attempt to get parsing info during refresh. "On-the-fly" syntax checking information may be incorrect. [/home/deepaung/Courses/hw-syn-lab-i/final-project/verilog/top.v:]
WARNING: [filemgmt 56-199] Attempt to get parsing info during refresh. "On-the-fly" syntax checking information may be incorrect. [/home/deepaung/Courses/hw-syn-lab-i/final-project/verilog/top.v:]
WARNING: [filemgmt 56-199] Attempt to get parsing info during refresh. "On-the-fly" syntax checking information may be incorrect. [/home/deepaung/Courses/hw-syn-lab-i/final-project/verilog/clock_gen.v:]
WARNING: [filemgmt 56-199] Attempt to get parsing info during refresh. "On-the-fly" syntax checking information may be incorrect. [/home/deepaung/Courses/hw-syn-lab-i/final-project/verilog/vga_controller.v:]
WARNING: [filemgmt 56-199] Attempt to get parsing info during refresh. "On-the-fly" syntax checking information may be incorrect. [/home/deepaung/Courses/hw-syn-lab-i/final-project/verilog/top.v:]
WARNING: [filemgmt 56-199] Attempt to get parsing info during refresh. "On-the-fly" syntax checking information may be incorrect. [/home/deepaung/Courses/hw-syn-lab-i/final-project/verilog/top.v:]
WARNING: [filemgmt 56-199] Attempt to get parsing info during refresh. "On-the-fly" syntax checking information may be incorrect. [/home/deepaung/Courses/hw-syn-lab-i/final-project/verilog/top.v:]
WARNING: [filemgmt 56-199] Attempt to get parsing info during refresh. "On-the-fly" syntax checking information may be incorrect. [/home/deepaung/Courses/hw-syn-lab-i/final-project/verilog/clock_gen.v:]
WARNING: [filemgmt 56-199] Attempt to get parsing info during refresh. "On-the-fly" syntax checking information may be incorrect. [/home/deepaung/Courses/hw-syn-lab-i/final-project/verilog/vga_controller.v:]
WARNING: [filemgmt 56-199] Attempt to get parsing info during refresh. "On-the-fly" syntax checking information may be incorrect. [/home/deepaung/Courses/hw-syn-lab-i/final-project/verilog/clock_gen.v:]
WARNING: [filemgmt 56-199] Attempt to get parsing info during refresh. "On-the-fly" syntax checking information may be incorrect. [/home/deepaung/Courses/hw-syn-lab-i/final-project/verilog/clock_gen.v:]
WARNING: [filemgmt 56-199] Attempt to get parsing info during refresh. "On-the-fly" syntax checking information may be incorrect. [/home/deepaung/Courses/hw-syn-lab-i/final-project/verilog/top.v:]
WARNING: [filemgmt 56-199] Attempt to get parsing info during refresh. "On-the-fly" syntax checking information may be incorrect. [/home/deepaung/Courses/hw-syn-lab-i/final-project/verilog/clock_gen.v:]
WARNING: [filemgmt 56-199] Attempt to get parsing info during refresh. "On-the-fly" syntax checking information may be incorrect. [/home/deepaung/Courses/hw-syn-lab-i/final-project/verilog/vga_controller.v:]
WARNING: [filemgmt 56-199] Attempt to get parsing info during refresh. "On-the-fly" syntax checking information may be incorrect. [/home/deepaung/Courses/hw-syn-lab-i/final-project/verilog/top.v:]
WARNING: [filemgmt 56-199] Attempt to get parsing info during refresh. "On-the-fly" syntax checking information may be incorrect. [/home/deepaung/Courses/hw-syn-lab-i/final-project/verilog/top.v:]
WARNING: [filemgmt 56-199] Attempt to get parsing info during refresh. "On-the-fly" syntax checking information may be incorrect. [/home/deepaung/Courses/hw-syn-lab-i/final-project/verilog/top.v:]
WARNING: [filemgmt 56-199] Attempt to get parsing info during refresh. "On-the-fly" syntax checking information may be incorrect. [/home/deepaung/Courses/hw-syn-lab-i/final-project/verilog/clock_gen.v:]
WARNING: [filemgmt 56-199] Attempt to get parsing info during refresh. "On-the-fly" syntax checking information may be incorrect. [/home/deepaung/Courses/hw-syn-lab-i/final-project/verilog/vga_controller.v:]
WARNING: [filemgmt 56-199] Attempt to get parsing info during refresh. "On-the-fly" syntax checking information may be incorrect. [/home/deepaung/Courses/hw-syn-lab-i/final-project/verilog/vga_controller.v:]
WARNING: [filemgmt 56-199] Attempt to get parsing info during refresh. "On-the-fly" syntax checking information may be incorrect. [/home/deepaung/Courses/hw-syn-lab-i/final-project/verilog/vga_controller.v:]
WARNING: [filemgmt 56-199] Attempt to get parsing info during refresh. "On-the-fly" syntax checking information may be incorrect. [/home/deepaung/Courses/hw-syn-lab-i/final-project/verilog/top.v:]
WARNING: [filemgmt 56-199] Attempt to get parsing info during refresh. "On-the-fly" syntax checking information may be incorrect. [/home/deepaung/Courses/hw-syn-lab-i/final-project/verilog/clock_gen.v:]
WARNING: [filemgmt 56-199] Attempt to get parsing info during refresh. "On-the-fly" syntax checking information may be incorrect. [/home/deepaung/Courses/hw-syn-lab-i/final-project/verilog/vga_controller.v:]
WARNING: [filemgmt 56-199] Attempt to get parsing info during refresh. "On-the-fly" syntax checking information may be incorrect. [/home/deepaung/Courses/hw-syn-lab-i/final-project/verilog/clock_gen.v:]
WARNING: [filemgmt 56-199] Attempt to get parsing info during refresh. "On-the-fly" syntax checking information may be incorrect. [/home/deepaung/Courses/hw-syn-lab-i/final-project/verilog/clock_gen.v:]
WARNING: [filemgmt 56-199] Attempt to get parsing info during refresh. "On-the-fly" syntax checking information may be incorrect. [/home/deepaung/Courses/hw-syn-lab-i/final-project/verilog/top.v:]
WARNING: [filemgmt 56-199] Attempt to get parsing info during refresh. "On-the-fly" syntax checking information may be incorrect. [/home/deepaung/Courses/hw-syn-lab-i/final-project/verilog/clock_gen.v:]
WARNING: [filemgmt 56-199] Attempt to get parsing info during refresh. "On-the-fly" syntax checking information may be incorrect. [/home/deepaung/Courses/hw-syn-lab-i/final-project/verilog/vga_controller.v:]
WARNING: [filemgmt 56-199] Attempt to get parsing info during refresh. "On-the-fly" syntax checking information may be incorrect. [/home/deepaung/Courses/hw-syn-lab-i/final-project/verilog/top.v:]
WARNING: [filemgmt 56-199] Attempt to get parsing info during refresh. "On-the-fly" syntax checking information may be incorrect. [/home/deepaung/Courses/hw-syn-lab-i/final-project/verilog/top.v:]
WARNING: [filemgmt 56-199] Attempt to get parsing info during refresh. "On-the-fly" syntax checking information may be incorrect. [/home/deepaung/Courses/hw-syn-lab-i/final-project/verilog/top.v:]
WARNING: [filemgmt 56-199] Attempt to get parsing info during refresh. "On-the-fly" syntax checking information may be incorrect. [/home/deepaung/Courses/hw-syn-lab-i/final-project/verilog/clock_gen.v:]
WARNING: [filemgmt 56-199] Attempt to get parsing info during refresh. "On-the-fly" syntax checking information may be incorrect. [/home/deepaung/Courses/hw-syn-lab-i/final-project/verilog/vga_controller.v:]
WARNING: [filemgmt 56-199] Attempt to get parsing info during refresh. "On-the-fly" syntax checking information may be incorrect. [/home/deepaung/Courses/hw-syn-lab-i/final-project/verilog/top.v:]
WARNING: [filemgmt 56-199] Attempt to get parsing info during refresh. "On-the-fly" syntax checking information may be incorrect. [/home/deepaung/Courses/hw-syn-lab-i/final-project/verilog/top.v:]
WARNING: [filemgmt 56-199] Attempt to get parsing info during refresh. "On-the-fly" syntax checking information may be incorrect. [/home/deepaung/Courses/hw-syn-lab-i/final-project/verilog/top.v:]
WARNING: [filemgmt 56-199] Attempt to get parsing info during refresh. "On-the-fly" syntax checking information may be incorrect. [/home/deepaung/Courses/hw-syn-lab-i/final-project/verilog/clock_gen.v:]
WARNING: [filemgmt 56-199] Attempt to get parsing info during refresh. "On-the-fly" syntax checking information may be incorrect. [/home/deepaung/Courses/hw-syn-lab-i/final-project/verilog/vga_controller.v:]
WARNING: [filemgmt 56-199] Attempt to get parsing info during refresh. "On-the-fly" syntax checking information may be incorrect. [/home/deepaung/Courses/hw-syn-lab-i/final-project/verilog/vga_controller.v:]
WARNING: [filemgmt 56-199] Attempt to get parsing info during refresh. "On-the-fly" syntax checking information may be incorrect. [/home/deepaung/Courses/hw-syn-lab-i/final-project/verilog/vga_controller.v:]
WARNING: [filemgmt 56-199] Attempt to get parsing info during refresh. "On-the-fly" syntax checking information may be incorrect. [/home/deepaung/Courses/hw-syn-lab-i/final-project/verilog/top.v:]
WARNING: [filemgmt 56-199] Attempt to get parsing info during refresh. "On-the-fly" syntax checking information may be incorrect. [/home/deepaung/Courses/hw-syn-lab-i/final-project/verilog/clock_gen.v:]
WARNING: [filemgmt 56-199] Attempt to get parsing info during refresh. "On-the-fly" syntax checking information may be incorrect. [/home/deepaung/Courses/hw-syn-lab-i/final-project/verilog/vga_controller.v:]
WARNING: [filemgmt 56-199] Attempt to get parsing info during refresh. "On-the-fly" syntax checking information may be incorrect. [/home/deepaung/Courses/hw-syn-lab-i/final-project/verilog/clock_gen.v:]
WARNING: [filemgmt 56-199] Attempt to get parsing info during refresh. "On-the-fly" syntax checking information may be incorrect. [/home/deepaung/Courses/hw-syn-lab-i/final-project/verilog/clock_gen.v:]
WARNING: [filemgmt 56-199] Attempt to get parsing info during refresh. "On-the-fly" syntax checking information may be incorrect. [/home/deepaung/Courses/hw-syn-lab-i/final-project/verilog/top.v:]
WARNING: [filemgmt 56-199] Attempt to get parsing info during refresh. "On-the-fly" syntax checking information may be incorrect. [/home/deepaung/Courses/hw-syn-lab-i/final-project/verilog/clock_gen.v:]
WARNING: [filemgmt 56-199] Attempt to get parsing info during refresh. "On-the-fly" syntax checking information may be incorrect. [/home/deepaung/Courses/hw-syn-lab-i/final-project/verilog/vga_controller.v:]
WARNING: [filemgmt 56-199] Attempt to get parsing info during refresh. "On-the-fly" syntax checking information may be incorrect. [/home/deepaung/Courses/hw-syn-lab-i/final-project/verilog/vga_controller.v:]
WARNING: [filemgmt 56-199] Attempt to get parsing info during refresh. "On-the-fly" syntax checking information may be incorrect. [/home/deepaung/Courses/hw-syn-lab-i/final-project/verilog/vga_controller.v:]
WARNING: [filemgmt 56-199] Attempt to get parsing info during refresh. "On-the-fly" syntax checking information may be incorrect. [/home/deepaung/Courses/hw-syn-lab-i/final-project/verilog/top.v:]
WARNING: [filemgmt 56-199] Attempt to get parsing info during refresh. "On-the-fly" syntax checking information may be incorrect. [/home/deepaung/Courses/hw-syn-lab-i/final-project/verilog/clock_gen.v:]
WARNING: [filemgmt 56-199] Attempt to get parsing info during refresh. "On-the-fly" syntax checking information may be incorrect. [/home/deepaung/Courses/hw-syn-lab-i/final-project/verilog/vga_controller.v:]
WARNING: [filemgmt 56-199] Attempt to get parsing info during refresh. "On-the-fly" syntax checking information may be incorrect. [/home/deepaung/Courses/hw-syn-lab-i/final-project/verilog/top.v:]
WARNING: [filemgmt 56-199] Attempt to get parsing info during refresh. "On-the-fly" syntax checking information may be incorrect. [/home/deepaung/Courses/hw-syn-lab-i/final-project/verilog/top.v:]
WARNING: [filemgmt 56-199] Attempt to get parsing info during refresh. "On-the-fly" syntax checking information may be incorrect. [/home/deepaung/Courses/hw-syn-lab-i/final-project/verilog/top.v:]
WARNING: [filemgmt 56-199] Attempt to get parsing info during refresh. "On-the-fly" syntax checking information may be incorrect. [/home/deepaung/Courses/hw-syn-lab-i/final-project/verilog/clock_gen.v:]
WARNING: [filemgmt 56-199] Attempt to get parsing info during refresh. "On-the-fly" syntax checking information may be incorrect. [/home/deepaung/Courses/hw-syn-lab-i/final-project/verilog/vga_controller.v:]
WARNING: [filemgmt 56-199] Attempt to get parsing info during refresh. "On-the-fly" syntax checking information may be incorrect. [/home/deepaung/Courses/hw-syn-lab-i/final-project/verilog/clock_gen.v:]
WARNING: [filemgmt 56-199] Attempt to get parsing info during refresh. "On-the-fly" syntax checking information may be incorrect. [/home/deepaung/Courses/hw-syn-lab-i/final-project/verilog/clock_gen.v:]
WARNING: [filemgmt 56-199] Attempt to get parsing info during refresh. "On-the-fly" syntax checking information may be incorrect. [/home/deepaung/Courses/hw-syn-lab-i/final-project/verilog/top.v:]
WARNING: [filemgmt 56-199] Attempt to get parsing info during refresh. "On-the-fly" syntax checking information may be incorrect. [/home/deepaung/Courses/hw-syn-lab-i/final-project/verilog/clock_gen.v:]
WARNING: [filemgmt 56-199] Attempt to get parsing info during refresh. "On-the-fly" syntax checking information may be incorrect. [/home/deepaung/Courses/hw-syn-lab-i/final-project/verilog/vga_controller.v:]
WARNING: [filemgmt 56-199] Attempt to get parsing info during refresh. "On-the-fly" syntax checking information may be incorrect. [/home/deepaung/Courses/hw-syn-lab-i/final-project/verilog/vga_controller.v:]
WARNING: [filemgmt 56-199] Attempt to get parsing info during refresh. "On-the-fly" syntax checking information may be incorrect. [/home/deepaung/Courses/hw-syn-lab-i/final-project/verilog/vga_controller.v:]
WARNING: [filemgmt 56-199] Attempt to get parsing info during refresh. "On-the-fly" syntax checking information may be incorrect. [/home/deepaung/Courses/hw-syn-lab-i/final-project/verilog/top.v:]
WARNING: [filemgmt 56-199] Attempt to get parsing info during refresh. "On-the-fly" syntax checking information may be incorrect. [/home/deepaung/Courses/hw-syn-lab-i/final-project/verilog/clock_gen.v:]
WARNING: [filemgmt 56-199] Attempt to get parsing info during refresh. "On-the-fly" syntax checking information may be incorrect. [/home/deepaung/Courses/hw-syn-lab-i/final-project/verilog/vga_controller.v:]
WARNING: [filemgmt 56-199] Attempt to get parsing info during refresh. "On-the-fly" syntax checking information may be incorrect. [/home/deepaung/Courses/hw-syn-lab-i/final-project/verilog/clock_gen.v:]
WARNING: [filemgmt 56-199] Attempt to get parsing info during refresh. "On-the-fly" syntax checking information may be incorrect. [/home/deepaung/Courses/hw-syn-lab-i/final-project/verilog/clock_gen.v:]
WARNING: [filemgmt 56-199] Attempt to get parsing info during refresh. "On-the-fly" syntax checking information may be incorrect. [/home/deepaung/Courses/hw-syn-lab-i/final-project/verilog/top.v:]
WARNING: [filemgmt 56-199] Attempt to get parsing info during refresh. "On-the-fly" syntax checking information may be incorrect. [/home/deepaung/Courses/hw-syn-lab-i/final-project/verilog/clock_gen.v:]
WARNING: [filemgmt 56-199] Attempt to get parsing info during refresh. "On-the-fly" syntax checking information may be incorrect. [/home/deepaung/Courses/hw-syn-lab-i/final-project/verilog/vga_controller.v:]
WARNING: [filemgmt 56-199] Attempt to get parsing info during refresh. "On-the-fly" syntax checking information may be incorrect. [/home/deepaung/Courses/hw-syn-lab-i/final-project/verilog/top.v:]
WARNING: [filemgmt 56-199] Attempt to get parsing info during refresh. "On-the-fly" syntax checking information may be incorrect. [/home/deepaung/Courses/hw-syn-lab-i/final-project/verilog/top.v:]
WARNING: [filemgmt 56-199] Attempt to get parsing info during refresh. "On-the-fly" syntax checking information may be incorrect. [/home/deepaung/Courses/hw-syn-lab-i/final-project/verilog/top.v:]
WARNING: [filemgmt 56-199] Attempt to get parsing info during refresh. "On-the-fly" syntax checking information may be incorrect. [/home/deepaung/Courses/hw-syn-lab-i/final-project/verilog/clock_gen.v:]
WARNING: [filemgmt 56-199] Attempt to get parsing info during refresh. "On-the-fly" syntax checking information may be incorrect. [/home/deepaung/Courses/hw-syn-lab-i/final-project/verilog/vga_controller.v:]
WARNING: [filemgmt 56-199] Attempt to get parsing info during refresh. "On-the-fly" syntax checking information may be incorrect. [/home/deepaung/Courses/hw-syn-lab-i/final-project/verilog/vga_controller.v:]
WARNING: [filemgmt 56-199] Attempt to get parsing info during refresh. "On-the-fly" syntax checking information may be incorrect. [/home/deepaung/Courses/hw-syn-lab-i/final-project/verilog/vga_controller.v:]
WARNING: [filemgmt 56-199] Attempt to get parsing info during refresh. "On-the-fly" syntax checking information may be incorrect. [/home/deepaung/Courses/hw-syn-lab-i/final-project/verilog/top.v:]
WARNING: [filemgmt 56-199] Attempt to get parsing info during refresh. "On-the-fly" syntax checking information may be incorrect. [/home/deepaung/Courses/hw-syn-lab-i/final-project/verilog/clock_gen.v:]
WARNING: [filemgmt 56-199] Attempt to get parsing info during refresh. "On-the-fly" syntax checking information may be incorrect. [/home/deepaung/Courses/hw-syn-lab-i/final-project/verilog/vga_controller.v:]
WARNING: [filemgmt 56-199] Attempt to get parsing info during refresh. "On-the-fly" syntax checking information may be incorrect. [/home/deepaung/Courses/hw-syn-lab-i/final-project/verilog/clock_gen.v:]
WARNING: [filemgmt 56-199] Attempt to get parsing info during refresh. "On-the-fly" syntax checking information may be incorrect. [/home/deepaung/Courses/hw-syn-lab-i/final-project/verilog/clock_gen.v:]
WARNING: [filemgmt 56-199] Attempt to get parsing info during refresh. "On-the-fly" syntax checking information may be incorrect. [/home/deepaung/Courses/hw-syn-lab-i/final-project/verilog/top.v:]
WARNING: [filemgmt 56-199] Attempt to get parsing info during refresh. "On-the-fly" syntax checking information may be incorrect. [/home/deepaung/Courses/hw-syn-lab-i/final-project/verilog/clock_gen.v:]
WARNING: [filemgmt 56-199] Attempt to get parsing info during refresh. "On-the-fly" syntax checking information may be incorrect. [/home/deepaung/Courses/hw-syn-lab-i/final-project/verilog/vga_controller.v:]
WARNING: [filemgmt 56-199] Attempt to get parsing info during refresh. "On-the-fly" syntax checking information may be incorrect. [/home/deepaung/Courses/hw-syn-lab-i/final-project/verilog/top.v:]
WARNING: [filemgmt 56-199] Attempt to get parsing info during refresh. "On-the-fly" syntax checking information may be incorrect. [/home/deepaung/Courses/hw-syn-lab-i/final-project/verilog/top.v:]
WARNING: [filemgmt 56-199] Attempt to get parsing info during refresh. "On-the-fly" syntax checking information may be incorrect. [/home/deepaung/Courses/hw-syn-lab-i/final-project/verilog/top.v:]
WARNING: [filemgmt 56-199] Attempt to get parsing info during refresh. "On-the-fly" syntax checking information may be incorrect. [/home/deepaung/Courses/hw-syn-lab-i/final-project/verilog/clock_gen.v:]
WARNING: [filemgmt 56-199] Attempt to get parsing info during refresh. "On-the-fly" syntax checking information may be incorrect. [/home/deepaung/Courses/hw-syn-lab-i/final-project/verilog/vga_controller.v:]
WARNING: [filemgmt 56-199] Attempt to get parsing info during refresh. "On-the-fly" syntax checking information may be incorrect. [/home/deepaung/Courses/hw-syn-lab-i/final-project/verilog/vga_controller.v:]
WARNING: [filemgmt 56-199] Attempt to get parsing info during refresh. "On-the-fly" syntax checking information may be incorrect. [/home/deepaung/Courses/hw-syn-lab-i/final-project/verilog/vga_controller.v:]
WARNING: [filemgmt 56-199] Attempt to get parsing info during refresh. "On-the-fly" syntax checking information may be incorrect. [/home/deepaung/Courses/hw-syn-lab-i/final-project/verilog/top.v:]
WARNING: [filemgmt 56-199] Attempt to get parsing info during refresh. "On-the-fly" syntax checking information may be incorrect. [/home/deepaung/Courses/hw-syn-lab-i/final-project/verilog/clock_gen.v:]
WARNING: [filemgmt 56-199] Attempt to get parsing info during refresh. "On-the-fly" syntax checking information may be incorrect. [/home/deepaung/Courses/hw-syn-lab-i/final-project/verilog/vga_controller.v:]
WARNING: [filemgmt 56-199] Attempt to get parsing info during refresh. "On-the-fly" syntax checking information may be incorrect. [/home/deepaung/Courses/hw-syn-lab-i/final-project/verilog/top.v:]
WARNING: [filemgmt 56-199] Attempt to get parsing info during refresh. "On-the-fly" syntax checking information may be incorrect. [/home/deepaung/Courses/hw-syn-lab-i/final-project/verilog/top.v:]
WARNING: [filemgmt 56-199] Attempt to get parsing info during refresh. "On-the-fly" syntax checking information may be incorrect. [/home/deepaung/Courses/hw-syn-lab-i/final-project/verilog/top.v:]
WARNING: [filemgmt 56-199] Attempt to get parsing info during refresh. "On-the-fly" syntax checking information may be incorrect. [/home/deepaung/Courses/hw-syn-lab-i/final-project/verilog/clock_gen.v:]
WARNING: [filemgmt 56-199] Attempt to get parsing info during refresh. "On-the-fly" syntax checking information may be incorrect. [/home/deepaung/Courses/hw-syn-lab-i/final-project/verilog/vga_controller.v:]
WARNING: [filemgmt 56-199] Attempt to get parsing info during refresh. "On-the-fly" syntax checking information may be incorrect. [/home/deepaung/Courses/hw-syn-lab-i/final-project/verilog/clock_gen.v:]
WARNING: [filemgmt 56-199] Attempt to get parsing info during refresh. "On-the-fly" syntax checking information may be incorrect. [/home/deepaung/Courses/hw-syn-lab-i/final-project/verilog/clock_gen.v:]
WARNING: [filemgmt 56-199] Attempt to get parsing info during refresh. "On-the-fly" syntax checking information may be incorrect. [/home/deepaung/Courses/hw-syn-lab-i/final-project/verilog/top.v:]
WARNING: [filemgmt 56-199] Attempt to get parsing info during refresh. "On-the-fly" syntax checking information may be incorrect. [/home/deepaung/Courses/hw-syn-lab-i/final-project/verilog/clock_gen.v:]
WARNING: [filemgmt 56-199] Attempt to get parsing info during refresh. "On-the-fly" syntax checking information may be incorrect. [/home/deepaung/Courses/hw-syn-lab-i/final-project/verilog/vga_controller.v:]
WARNING: [filemgmt 56-199] Attempt to get parsing info during refresh. "On-the-fly" syntax checking information may be incorrect. [/home/deepaung/Courses/hw-syn-lab-i/final-project/verilog/top.v:]
WARNING: [filemgmt 56-199] Attempt to get parsing info during refresh. "On-the-fly" syntax checking information may be incorrect. [/home/deepaung/Courses/hw-syn-lab-i/final-project/verilog/top.v:]
WARNING: [filemgmt 56-199] Attempt to get parsing info during refresh. "On-the-fly" syntax checking information may be incorrect. [/home/deepaung/Courses/hw-syn-lab-i/final-project/verilog/top.v:]
WARNING: [filemgmt 56-199] Attempt to get parsing info during refresh. "On-the-fly" syntax checking information may be incorrect. [/home/deepaung/Courses/hw-syn-lab-i/final-project/verilog/clock_gen.v:]
WARNING: [filemgmt 56-199] Attempt to get parsing info during refresh. "On-the-fly" syntax checking information may be incorrect. [/home/deepaung/Courses/hw-syn-lab-i/final-project/verilog/vga_controller.v:]
WARNING: [filemgmt 56-199] Attempt to get parsing info during refresh. "On-the-fly" syntax checking information may be incorrect. [/home/deepaung/Courses/hw-syn-lab-i/final-project/verilog/top.v:]
WARNING: [filemgmt 56-199] Attempt to get parsing info during refresh. "On-the-fly" syntax checking information may be incorrect. [/home/deepaung/Courses/hw-syn-lab-i/final-project/verilog/top.v:]
WARNING: [filemgmt 56-199] Attempt to get parsing info during refresh. "On-the-fly" syntax checking information may be incorrect. [/home/deepaung/Courses/hw-syn-lab-i/final-project/verilog/top.v:]
WARNING: [filemgmt 56-199] Attempt to get parsing info during refresh. "On-the-fly" syntax checking information may be incorrect. [/home/deepaung/Courses/hw-syn-lab-i/final-project/verilog/clock_gen.v:]
WARNING: [filemgmt 56-199] Attempt to get parsing info during refresh. "On-the-fly" syntax checking information may be incorrect. [/home/deepaung/Courses/hw-syn-lab-i/final-project/verilog/vga_controller.v:]
WARNING: [filemgmt 56-199] Attempt to get parsing info during refresh. "On-the-fly" syntax checking information may be incorrect. [/home/deepaung/Courses/hw-syn-lab-i/final-project/verilog/clock_gen.v:]
WARNING: [filemgmt 56-199] Attempt to get parsing info during refresh. "On-the-fly" syntax checking information may be incorrect. [/home/deepaung/Courses/hw-syn-lab-i/final-project/verilog/clock_gen.v:]
WARNING: [filemgmt 56-199] Attempt to get parsing info during refresh. "On-the-fly" syntax checking information may be incorrect. [/home/deepaung/Courses/hw-syn-lab-i/final-project/verilog/top.v:]
WARNING: [filemgmt 56-199] Attempt to get parsing info during refresh. "On-the-fly" syntax checking information may be incorrect. [/home/deepaung/Courses/hw-syn-lab-i/final-project/verilog/clock_gen.v:]
WARNING: [filemgmt 56-199] Attempt to get parsing info during refresh. "On-the-fly" syntax checking information may be incorrect. [/home/deepaung/Courses/hw-syn-lab-i/final-project/verilog/vga_controller.v:]
WARNING: [filemgmt 56-199] Attempt to get parsing info during refresh. "On-the-fly" syntax checking information may be incorrect. [/home/deepaung/Courses/hw-syn-lab-i/final-project/verilog/top.v:]
WARNING: [filemgmt 56-199] Attempt to get parsing info during refresh. "On-the-fly" syntax checking information may be incorrect. [/home/deepaung/Courses/hw-syn-lab-i/final-project/verilog/top.v:]
WARNING: [filemgmt 56-199] Attempt to get parsing info during refresh. "On-the-fly" syntax checking information may be incorrect. [/home/deepaung/Courses/hw-syn-lab-i/final-project/verilog/top.v:]
WARNING: [filemgmt 56-199] Attempt to get parsing info during refresh. "On-the-fly" syntax checking information may be incorrect. [/home/deepaung/Courses/hw-syn-lab-i/final-project/verilog/clock_gen.v:]
WARNING: [filemgmt 56-199] Attempt to get parsing info during refresh. "On-the-fly" syntax checking information may be incorrect. [/home/deepaung/Courses/hw-syn-lab-i/final-project/verilog/vga_controller.v:]
WARNING: [filemgmt 56-199] Attempt to get parsing info during refresh. "On-the-fly" syntax checking information may be incorrect. [/home/deepaung/Courses/hw-syn-lab-i/final-project/verilog/top.v:]
WARNING: [filemgmt 56-199] Attempt to get parsing info during refresh. "On-the-fly" syntax checking information may be incorrect. [/home/deepaung/Courses/hw-syn-lab-i/final-project/verilog/top.v:]
WARNING: [filemgmt 56-199] Attempt to get parsing info during refresh. "On-the-fly" syntax checking information may be incorrect. [/home/deepaung/Courses/hw-syn-lab-i/final-project/verilog/top.v:]
WARNING: [filemgmt 56-199] Attempt to get parsing info during refresh. "On-the-fly" syntax checking information may be incorrect. [/home/deepaung/Courses/hw-syn-lab-i/final-project/verilog/clock_gen.v:]
WARNING: [filemgmt 56-199] Attempt to get parsing info during refresh. "On-the-fly" syntax checking information may be incorrect. [/home/deepaung/Courses/hw-syn-lab-i/final-project/verilog/vga_controller.v:]
WARNING: [filemgmt 56-199] Attempt to get parsing info during refresh. "On-the-fly" syntax checking information may be incorrect. [/home/deepaung/Courses/hw-syn-lab-i/final-project/verilog/clock_gen.v:]
WARNING: [filemgmt 56-199] Attempt to get parsing info during refresh. "On-the-fly" syntax checking information may be incorrect. [/home/deepaung/Courses/hw-syn-lab-i/final-project/verilog/clock_gen.v:]
WARNING: [filemgmt 56-199] Attempt to get parsing info during refresh. "On-the-fly" syntax checking information may be incorrect. [/home/deepaung/Courses/hw-syn-lab-i/final-project/verilog/top.v:]
WARNING: [filemgmt 56-199] Attempt to get parsing info during refresh. "On-the-fly" syntax checking information may be incorrect. [/home/deepaung/Courses/hw-syn-lab-i/final-project/verilog/clock_gen.v:]
WARNING: [filemgmt 56-199] Attempt to get parsing info during refresh. "On-the-fly" syntax checking information may be incorrect. [/home/deepaung/Courses/hw-syn-lab-i/final-project/verilog/vga_controller.v:]
WARNING: [filemgmt 56-199] Attempt to get parsing info during refresh. "On-the-fly" syntax checking information may be incorrect. [/home/deepaung/Courses/hw-syn-lab-i/final-project/verilog/top.v:]
WARNING: [filemgmt 56-199] Attempt to get parsing info during refresh. "On-the-fly" syntax checking information may be incorrect. [/home/deepaung/Courses/hw-syn-lab-i/final-project/verilog/top.v:]
WARNING: [filemgmt 56-199] Attempt to get parsing info during refresh. "On-the-fly" syntax checking information may be incorrect. [/home/deepaung/Courses/hw-syn-lab-i/final-project/verilog/top.v:]
WARNING: [filemgmt 56-199] Attempt to get parsing info during refresh. "On-the-fly" syntax checking information may be incorrect. [/home/deepaung/Courses/hw-syn-lab-i/final-project/verilog/clock_gen.v:]
WARNING: [filemgmt 56-199] Attempt to get parsing info during refresh. "On-the-fly" syntax checking information may be incorrect. [/home/deepaung/Courses/hw-syn-lab-i/final-project/verilog/vga_controller.v:]
WARNING: [filemgmt 56-199] Attempt to get parsing info during refresh. "On-the-fly" syntax checking information may be incorrect. [/home/deepaung/Courses/hw-syn-lab-i/final-project/verilog/top.v:]
WARNING: [filemgmt 56-199] Attempt to get parsing info during refresh. "On-the-fly" syntax checking information may be incorrect. [/home/deepaung/Courses/hw-syn-lab-i/final-project/verilog/top.v:]
WARNING: [filemgmt 56-199] Attempt to get parsing info during refresh. "On-the-fly" syntax checking information may be incorrect. [/home/deepaung/Courses/hw-syn-lab-i/final-project/verilog/top.v:]
WARNING: [filemgmt 56-199] Attempt to get parsing info during refresh. "On-the-fly" syntax checking information may be incorrect. [/home/deepaung/Courses/hw-syn-lab-i/final-project/verilog/clock_gen.v:]
WARNING: [filemgmt 56-199] Attempt to get parsing info during refresh. "On-the-fly" syntax checking information may be incorrect. [/home/deepaung/Courses/hw-syn-lab-i/final-project/verilog/vga_controller.v:]
WARNING: [filemgmt 56-199] Attempt to get parsing info during refresh. "On-the-fly" syntax checking information may be incorrect. [/home/deepaung/Courses/hw-syn-lab-i/final-project/verilog/clock_gen.v:]
WARNING: [filemgmt 56-199] Attempt to get parsing info during refresh. "On-the-fly" syntax checking information may be incorrect. [/home/deepaung/Courses/hw-syn-lab-i/final-project/verilog/clock_gen.v:]
WARNING: [filemgmt 56-199] Attempt to get parsing info during refresh. "On-the-fly" syntax checking information may be incorrect. [/home/deepaung/Courses/hw-syn-lab-i/final-project/verilog/top.v:]
WARNING: [filemgmt 56-199] Attempt to get parsing info during refresh. "On-the-fly" syntax checking information may be incorrect. [/home/deepaung/Courses/hw-syn-lab-i/final-project/verilog/clock_gen.v:]
WARNING: [filemgmt 56-199] Attempt to get parsing info during refresh. "On-the-fly" syntax checking information may be incorrect. [/home/deepaung/Courses/hw-syn-lab-i/final-project/verilog/vga_controller.v:]
WARNING: [filemgmt 56-199] Attempt to get parsing info during refresh. "On-the-fly" syntax checking information may be incorrect. [/home/deepaung/Courses/hw-syn-lab-i/final-project/verilog/top.v:]
WARNING: [filemgmt 56-199] Attempt to get parsing info during refresh. "On-the-fly" syntax checking information may be incorrect. [/home/deepaung/Courses/hw-syn-lab-i/final-project/verilog/top.v:]
export_ip_user_files -of_objects  [get_files /home/deepaung/Courses/hw-syn-lab-i/final-project/vivado/vivado.srcs/sources_1/ip/ila_data_out/ila_data_out.xci] -no_script -reset -force -quiet
remove_files  -fileset ila_data_out /home/deepaung/Courses/hw-syn-lab-i/final-project/vivado/vivado.srcs/sources_1/ip/ila_data_out/ila_data_out.xci
INFO: [Project 1-386] Moving file '/home/deepaung/Courses/hw-syn-lab-i/final-project/vivado/vivado.srcs/sources_1/ip/ila_data_out/ila_data_out.xci' from fileset 'ila_data_out' to fileset 'sources_1'.
WARNING: [filemgmt 56-199] Attempt to get parsing info during refresh. "On-the-fly" syntax checking information may be incorrect. [/home/deepaung/Courses/hw-syn-lab-i/final-project/verilog/top.v:]
WARNING: [filemgmt 56-199] Attempt to get parsing info during refresh. "On-the-fly" syntax checking information may be incorrect. [/home/deepaung/Courses/hw-syn-lab-i/final-project/verilog/clock_gen.v:]
WARNING: [filemgmt 56-199] Attempt to get parsing info during refresh. "On-the-fly" syntax checking information may be incorrect. [/home/deepaung/Courses/hw-syn-lab-i/final-project/verilog/vga_controller.v:]
WARNING: [filemgmt 56-199] Attempt to get parsing info during refresh. "On-the-fly" syntax checking information may be incorrect. [/home/deepaung/Courses/hw-syn-lab-i/final-project/verilog/vga_controller.v:]
WARNING: [filemgmt 56-199] Attempt to get parsing info during refresh. "On-the-fly" syntax checking information may be incorrect. [/home/deepaung/Courses/hw-syn-lab-i/final-project/verilog/vga_controller.v:]
WARNING: [filemgmt 56-199] Attempt to get parsing info during refresh. "On-the-fly" syntax checking information may be incorrect. [/home/deepaung/Courses/hw-syn-lab-i/final-project/verilog/top.v:]
WARNING: [filemgmt 56-199] Attempt to get parsing info during refresh. "On-the-fly" syntax checking information may be incorrect. [/home/deepaung/Courses/hw-syn-lab-i/final-project/verilog/clock_gen.v:]
WARNING: [filemgmt 56-199] Attempt to get parsing info during refresh. "On-the-fly" syntax checking information may be incorrect. [/home/deepaung/Courses/hw-syn-lab-i/final-project/verilog/vga_controller.v:]
WARNING: [filemgmt 56-199] Attempt to get parsing info during refresh. "On-the-fly" syntax checking information may be incorrect. [/home/deepaung/Courses/hw-syn-lab-i/final-project/verilog/clock_gen.v:]
WARNING: [filemgmt 56-199] Attempt to get parsing info during refresh. "On-the-fly" syntax checking information may be incorrect. [/home/deepaung/Courses/hw-syn-lab-i/final-project/verilog/clock_gen.v:]
WARNING: [filemgmt 56-199] Attempt to get parsing info during refresh. "On-the-fly" syntax checking information may be incorrect. [/home/deepaung/Courses/hw-syn-lab-i/final-project/verilog/top.v:]
WARNING: [filemgmt 56-199] Attempt to get parsing info during refresh. "On-the-fly" syntax checking information may be incorrect. [/home/deepaung/Courses/hw-syn-lab-i/final-project/verilog/clock_gen.v:]
WARNING: [filemgmt 56-199] Attempt to get parsing info during refresh. "On-the-fly" syntax checking information may be incorrect. [/home/deepaung/Courses/hw-syn-lab-i/final-project/verilog/vga_controller.v:]
WARNING: [filemgmt 56-199] Attempt to get parsing info during refresh. "On-the-fly" syntax checking information may be incorrect. [/home/deepaung/Courses/hw-syn-lab-i/final-project/verilog/top.v:]
WARNING: [filemgmt 56-199] Attempt to get parsing info during refresh. "On-the-fly" syntax checking information may be incorrect. [/home/deepaung/Courses/hw-syn-lab-i/final-project/verilog/top.v:]
WARNING: [IP_Flow 19-4067] Ignoring invalid widget type specified checkbox.Providing a default widget
WARNING: [IP_Flow 19-4067] Ignoring invalid widget type specified checkbox.Providing a default widget
create_ip -name blk_mem_gen -vendor xilinx.com -library ip -version 8.4 -module_name blk_mem_gen_0
set_property -dict [list \
  CONFIG.Memory_Type {Simple_Dual_Port_RAM} \
  CONFIG.Write_Depth_A {76800} \
  CONFIG.Write_Width_A {12} \
] [get_ips blk_mem_gen_0]
generate_target {instantiation_template} [get_files /home/deepaung/Courses/hw-syn-lab-i/final-project/vivado/vivado.srcs/sources_1/ip/blk_mem_gen_0/blk_mem_gen_0.xci]
INFO: [IP_Flow 19-1686] Generating 'Instantiation Template' target for IP 'blk_mem_gen_0'...
WARNING: [filemgmt 56-199] Attempt to get parsing info during refresh. "On-the-fly" syntax checking information may be incorrect. [/home/deepaung/Courses/hw-syn-lab-i/final-project/verilog/top.v:]
WARNING: [filemgmt 56-199] Attempt to get parsing info during refresh. "On-the-fly" syntax checking information may be incorrect. [/home/deepaung/Courses/hw-syn-lab-i/final-project/verilog/clock_gen.v:]
WARNING: [filemgmt 56-199] Attempt to get parsing info during refresh. "On-the-fly" syntax checking information may be incorrect. [/home/deepaung/Courses/hw-syn-lab-i/final-project/verilog/vga_controller.v:]
WARNING: [filemgmt 56-199] Attempt to get parsing info during refresh. "On-the-fly" syntax checking information may be incorrect. [/home/deepaung/Courses/hw-syn-lab-i/final-project/verilog/top.v:]
WARNING: [filemgmt 56-199] Attempt to get parsing info during refresh. "On-the-fly" syntax checking information may be incorrect. [/home/deepaung/Courses/hw-syn-lab-i/final-project/verilog/top.v:]
WARNING: [filemgmt 56-199] Attempt to get parsing info during refresh. "On-the-fly" syntax checking information may be incorrect. [/home/deepaung/Courses/hw-syn-lab-i/final-project/verilog/top.v:]
WARNING: [filemgmt 56-199] Attempt to get parsing info during refresh. "On-the-fly" syntax checking information may be incorrect. [/home/deepaung/Courses/hw-syn-lab-i/final-project/verilog/clock_gen.v:]
WARNING: [filemgmt 56-199] Attempt to get parsing info during refresh. "On-the-fly" syntax checking information may be incorrect. [/home/deepaung/Courses/hw-syn-lab-i/final-project/verilog/vga_controller.v:]
WARNING: [filemgmt 56-199] Attempt to get parsing info during refresh. "On-the-fly" syntax checking information may be incorrect. [/home/deepaung/Courses/hw-syn-lab-i/final-project/verilog/top.v:]
WARNING: [filemgmt 56-199] Attempt to get parsing info during refresh. "On-the-fly" syntax checking information may be incorrect. [/home/deepaung/Courses/hw-syn-lab-i/final-project/verilog/top.v:]
WARNING: [filemgmt 56-199] Attempt to get parsing info during refresh. "On-the-fly" syntax checking information may be incorrect. [/home/deepaung/Courses/hw-syn-lab-i/final-project/verilog/top.v:]
WARNING: [filemgmt 56-199] Attempt to get parsing info during refresh. "On-the-fly" syntax checking information may be incorrect. [/home/deepaung/Courses/hw-syn-lab-i/final-project/verilog/clock_gen.v:]
WARNING: [filemgmt 56-199] Attempt to get parsing info during refresh. "On-the-fly" syntax checking information may be incorrect. [/home/deepaung/Courses/hw-syn-lab-i/final-project/verilog/vga_controller.v:]
WARNING: [filemgmt 56-199] Attempt to get parsing info during refresh. "On-the-fly" syntax checking information may be incorrect. [/home/deepaung/Courses/hw-syn-lab-i/final-project/verilog/clock_gen.v:]
WARNING: [filemgmt 56-199] Attempt to get parsing info during refresh. "On-the-fly" syntax checking information may be incorrect. [/home/deepaung/Courses/hw-syn-lab-i/final-project/verilog/clock_gen.v:]
generate_target all [get_files  /home/deepaung/Courses/hw-syn-lab-i/final-project/vivado/vivado.srcs/sources_1/ip/blk_mem_gen_0/blk_mem_gen_0.xci]
INFO: [IP_Flow 19-1686] Generating 'Synthesis' target for IP 'blk_mem_gen_0'...
INFO: [IP_Flow 19-1686] Generating 'Simulation' target for IP 'blk_mem_gen_0'...
INFO: [IP_Flow 19-1686] Generating 'Miscellaneous' target for IP 'blk_mem_gen_0'...
INFO: [IP_Flow 19-1686] Generating 'Change Log' target for IP 'blk_mem_gen_0'...
catch { config_ip_cache -export [get_ips -all blk_mem_gen_0] }
export_ip_user_files -of_objects [get_files /home/deepaung/Courses/hw-syn-lab-i/final-project/vivado/vivado.srcs/sources_1/ip/blk_mem_gen_0/blk_mem_gen_0.xci] -no_script -sync -force -quiet
create_ip_run [get_files -of_objects [get_fileset sources_1] /home/deepaung/Courses/hw-syn-lab-i/final-project/vivado/vivado.srcs/sources_1/ip/blk_mem_gen_0/blk_mem_gen_0.xci]
launch_runs blk_mem_gen_0_synth_1 -jobs 8
[Tue Apr 21 15:47:48 2026] Launched blk_mem_gen_0_synth_1...
Run output will be captured here: /home/deepaung/Courses/hw-syn-lab-i/final-project/vivado/vivado.runs/blk_mem_gen_0_synth_1/runme.log
WARNING: [filemgmt 56-199] Attempt to get parsing info during refresh. "On-the-fly" syntax checking information may be incorrect. [/home/deepaung/Courses/hw-syn-lab-i/final-project/verilog/top.v:]
WARNING: [filemgmt 56-199] Attempt to get parsing info during refresh. "On-the-fly" syntax checking information may be incorrect. [/home/deepaung/Courses/hw-syn-lab-i/final-project/verilog/clock_gen.v:]
WARNING: [filemgmt 56-199] Attempt to get parsing info during refresh. "On-the-fly" syntax checking information may be incorrect. [/home/deepaung/Courses/hw-syn-lab-i/final-project/verilog/vga_controller.v:]
WARNING: [filemgmt 56-199] Attempt to get parsing info during refresh. "On-the-fly" syntax checking information may be incorrect. [/home/deepaung/Courses/hw-syn-lab-i/final-project/verilog/top.v:]
WARNING: [filemgmt 56-199] Attempt to get parsing info during refresh. "On-the-fly" syntax checking information may be incorrect. [/home/deepaung/Courses/hw-syn-lab-i/final-project/verilog/top.v:]
export_simulation -lib_map_path [list {modelsim=/home/deepaung/Courses/hw-syn-lab-i/final-project/vivado/vivado.cache/compile_simlib/modelsim} {questa=/home/deepaung/Courses/hw-syn-lab-i/final-project/vivado/vivado.cache/compile_simlib/questa} {xcelium=/home/deepaung/Courses/hw-syn-lab-i/final-project/vivado/vivado.cache/compile_simlib/xcelium} {vcs=/home/deepaung/Courses/hw-syn-lab-i/final-project/vivado/vivado.cache/compile_simlib/vcs} {riviera=/home/deepaung/Courses/hw-syn-lab-i/final-project/vivado/vivado.cache/compile_simlib/riviera}] -of_objects [get_files /home/deepaung/Courses/hw-syn-lab-i/final-project/vivado/vivado.srcs/sources_1/ip/blk_mem_gen_0/blk_mem_gen_0.xci] -directory /home/deepaung/Courses/hw-syn-lab-i/final-project/vivado/vivado.ip_user_files/sim_scripts -ip_user_files_dir /home/deepaung/Courses/hw-syn-lab-i/final-project/vivado/vivado.ip_user_files -ipstatic_source_dir /home/deepaung/Courses/hw-syn-lab-i/final-project/vivado/vivado.ip_user_files/ipstatic -use_ip_compiled_libs -force -quiet
WARNING: [filemgmt 56-199] Attempt to get parsing info during refresh. "On-the-fly" syntax checking information may be incorrect. [/home/deepaung/Courses/hw-syn-lab-i/final-project/verilog/top.v:]
WARNING: [filemgmt 56-199] Attempt to get parsing info during refresh. "On-the-fly" syntax checking information may be incorrect. [/home/deepaung/Courses/hw-syn-lab-i/final-project/verilog/clock_gen.v:]
WARNING: [filemgmt 56-199] Attempt to get parsing info during refresh. "On-the-fly" syntax checking information may be incorrect. [/home/deepaung/Courses/hw-syn-lab-i/final-project/verilog/vga_controller.v:]
WARNING: [filemgmt 56-199] Attempt to get parsing info during refresh. "On-the-fly" syntax checking information may be incorrect. [/home/deepaung/Courses/hw-syn-lab-i/final-project/verilog/top.v:]
WARNING: [filemgmt 56-199] Attempt to get parsing info during refresh. "On-the-fly" syntax checking information may be incorrect. [/home/deepaung/Courses/hw-syn-lab-i/final-project/verilog/top.v:]
WARNING: [filemgmt 56-199] Attempt to get parsing info during refresh. "On-the-fly" syntax checking information may be incorrect. [/home/deepaung/Courses/hw-syn-lab-i/final-project/verilog/top.v:]
WARNING: [filemgmt 56-199] Attempt to get parsing info during refresh. "On-the-fly" syntax checking information may be incorrect. [/home/deepaung/Courses/hw-syn-lab-i/final-project/verilog/clock_gen.v:]
WARNING: [filemgmt 56-199] Attempt to get parsing info during refresh. "On-the-fly" syntax checking information may be incorrect. [/home/deepaung/Courses/hw-syn-lab-i/final-project/verilog/vga_controller.v:]
WARNING: [filemgmt 56-199] Attempt to get parsing info during refresh. "On-the-fly" syntax checking information may be incorrect. [/home/deepaung/Courses/hw-syn-lab-i/final-project/verilog/vga_controller.v:]
WARNING: [filemgmt 56-199] Attempt to get parsing info during refresh. "On-the-fly" syntax checking information may be incorrect. [/home/deepaung/Courses/hw-syn-lab-i/final-project/verilog/vga_controller.v:]
WARNING: [filemgmt 56-199] Attempt to get parsing info during refresh. "On-the-fly" syntax checking information may be incorrect. [/home/deepaung/Courses/hw-syn-lab-i/final-project/verilog/top.v:]
WARNING: [filemgmt 56-199] Attempt to get parsing info during refresh. "On-the-fly" syntax checking information may be incorrect. [/home/deepaung/Courses/hw-syn-lab-i/final-project/verilog/clock_gen.v:]
WARNING: [filemgmt 56-199] Attempt to get parsing info during refresh. "On-the-fly" syntax checking information may be incorrect. [/home/deepaung/Courses/hw-syn-lab-i/final-project/verilog/vga_controller.v:]
WARNING: [filemgmt 56-199] Attempt to get parsing info during refresh. "On-the-fly" syntax checking information may be incorrect. [/home/deepaung/Courses/hw-syn-lab-i/final-project/verilog/vga_controller.v:]
WARNING: [filemgmt 56-199] Attempt to get parsing info during refresh. "On-the-fly" syntax checking information may be incorrect. [/home/deepaung/Courses/hw-syn-lab-i/final-project/verilog/vga_controller.v:]
WARNING: [filemgmt 56-199] Attempt to get parsing info during refresh. "On-the-fly" syntax checking information may be incorrect. [/home/deepaung/Courses/hw-syn-lab-i/final-project/verilog/top.v:]
WARNING: [filemgmt 56-199] Attempt to get parsing info during refresh. "On-the-fly" syntax checking information may be incorrect. [/home/deepaung/Courses/hw-syn-lab-i/final-project/verilog/clock_gen.v:]
WARNING: [filemgmt 56-199] Attempt to get parsing info during refresh. "On-the-fly" syntax checking information may be incorrect. [/home/deepaung/Courses/hw-syn-lab-i/final-project/verilog/vga_controller.v:]
WARNING: [filemgmt 56-199] Attempt to get parsing info during refresh. "On-the-fly" syntax checking information may be incorrect. [/home/deepaung/Courses/hw-syn-lab-i/final-project/verilog/top.v:]
WARNING: [filemgmt 56-199] Attempt to get parsing info during refresh. "On-the-fly" syntax checking information may be incorrect. [/home/deepaung/Courses/hw-syn-lab-i/final-project/verilog/top.v:]
WARNING: [filemgmt 56-199] Attempt to get parsing info during refresh. "On-the-fly" syntax checking information may be incorrect. [/home/deepaung/Courses/hw-syn-lab-i/final-project/verilog/top.v:]
WARNING: [filemgmt 56-199] Attempt to get parsing info during refresh. "On-the-fly" syntax checking information may be incorrect. [/home/deepaung/Courses/hw-syn-lab-i/final-project/verilog/clock_gen.v:]
WARNING: [filemgmt 56-199] Attempt to get parsing info during refresh. "On-the-fly" syntax checking information may be incorrect. [/home/deepaung/Courses/hw-syn-lab-i/final-project/verilog/vga_controller.v:]
WARNING: [filemgmt 56-199] Attempt to get parsing info during refresh. "On-the-fly" syntax checking information may be incorrect. [/home/deepaung/Courses/hw-syn-lab-i/final-project/verilog/clock_gen.v:]
WARNING: [filemgmt 56-199] Attempt to get parsing info during refresh. "On-the-fly" syntax checking information may be incorrect. [/home/deepaung/Courses/hw-syn-lab-i/final-project/verilog/clock_gen.v:]
WARNING: [filemgmt 56-199] Attempt to get parsing info during refresh. "On-the-fly" syntax checking information may be incorrect. [/home/deepaung/Courses/hw-syn-lab-i/final-project/verilog/top.v:]
WARNING: [filemgmt 56-199] Attempt to get parsing info during refresh. "On-the-fly" syntax checking information may be incorrect. [/home/deepaung/Courses/hw-syn-lab-i/final-project/verilog/clock_gen.v:]
WARNING: [filemgmt 56-199] Attempt to get parsing info during refresh. "On-the-fly" syntax checking information may be incorrect. [/home/deepaung/Courses/hw-syn-lab-i/final-project/verilog/vga_controller.v:]
WARNING: [filemgmt 56-199] Attempt to get parsing info during refresh. "On-the-fly" syntax checking information may be incorrect. [/home/deepaung/Courses/hw-syn-lab-i/final-project/verilog/top.v:]
WARNING: [filemgmt 56-199] Attempt to get parsing info during refresh. "On-the-fly" syntax checking information may be incorrect. [/home/deepaung/Courses/hw-syn-lab-i/final-project/verilog/top.v:]
WARNING: [filemgmt 56-199] Attempt to get parsing info during refresh. "On-the-fly" syntax checking information may be incorrect. [/home/deepaung/Courses/hw-syn-lab-i/final-project/verilog/top.v:]
WARNING: [filemgmt 56-199] Attempt to get parsing info during refresh. "On-the-fly" syntax checking information may be incorrect. [/home/deepaung/Courses/hw-syn-lab-i/final-project/verilog/clock_gen.v:]
WARNING: [filemgmt 56-199] Attempt to get parsing info during refresh. "On-the-fly" syntax checking information may be incorrect. [/home/deepaung/Courses/hw-syn-lab-i/final-project/verilog/vga_controller.v:]
WARNING: [filemgmt 56-199] Attempt to get parsing info during refresh. "On-the-fly" syntax checking information may be incorrect. [/home/deepaung/Courses/hw-syn-lab-i/final-project/verilog/top.v:]
WARNING: [filemgmt 56-199] Attempt to get parsing info during refresh. "On-the-fly" syntax checking information may be incorrect. [/home/deepaung/Courses/hw-syn-lab-i/final-project/verilog/top.v:]
WARNING: [filemgmt 56-199] Attempt to get parsing info during refresh. "On-the-fly" syntax checking information may be incorrect. [/home/deepaung/Courses/hw-syn-lab-i/final-project/verilog/top.v:]
WARNING: [filemgmt 56-199] Attempt to get parsing info during refresh. "On-the-fly" syntax checking information may be incorrect. [/home/deepaung/Courses/hw-syn-lab-i/final-project/verilog/clock_gen.v:]
WARNING: [filemgmt 56-199] Attempt to get parsing info during refresh. "On-the-fly" syntax checking information may be incorrect. [/home/deepaung/Courses/hw-syn-lab-i/final-project/verilog/vga_controller.v:]
WARNING: [filemgmt 56-199] Attempt to get parsing info during refresh. "On-the-fly" syntax checking information may be incorrect. [/home/deepaung/Courses/hw-syn-lab-i/final-project/verilog/clock_gen.v:]
WARNING: [filemgmt 56-199] Attempt to get parsing info during refresh. "On-the-fly" syntax checking information may be incorrect. [/home/deepaung/Courses/hw-syn-lab-i/final-project/verilog/clock_gen.v:]
WARNING: [filemgmt 56-199] Attempt to get parsing info during refresh. "On-the-fly" syntax checking information may be incorrect. [/home/deepaung/Courses/hw-syn-lab-i/final-project/verilog/top.v:]
WARNING: [filemgmt 56-199] Attempt to get parsing info during refresh. "On-the-fly" syntax checking information may be incorrect. [/home/deepaung/Courses/hw-syn-lab-i/final-project/verilog/clock_gen.v:]
WARNING: [filemgmt 56-199] Attempt to get parsing info during refresh. "On-the-fly" syntax checking information may be incorrect. [/home/deepaung/Courses/hw-syn-lab-i/final-project/verilog/vga_controller.v:]
WARNING: [filemgmt 56-199] Attempt to get parsing info during refresh. "On-the-fly" syntax checking information may be incorrect. [/home/deepaung/Courses/hw-syn-lab-i/final-project/verilog/top.v:]
WARNING: [filemgmt 56-199] Attempt to get parsing info during refresh. "On-the-fly" syntax checking information may be incorrect. [/home/deepaung/Courses/hw-syn-lab-i/final-project/verilog/top.v:]
WARNING: [filemgmt 56-199] Attempt to get parsing info during refresh. "On-the-fly" syntax checking information may be incorrect. [/home/deepaung/Courses/hw-syn-lab-i/final-project/verilog/top.v:]
WARNING: [filemgmt 56-199] Attempt to get parsing info during refresh. "On-the-fly" syntax checking information may be incorrect. [/home/deepaung/Courses/hw-syn-lab-i/final-project/verilog/clock_gen.v:]
WARNING: [filemgmt 56-199] Attempt to get parsing info during refresh. "On-the-fly" syntax checking information may be incorrect. [/home/deepaung/Courses/hw-syn-lab-i/final-project/verilog/vga_controller.v:]
WARNING: [filemgmt 56-199] Attempt to get parsing info during refresh. "On-the-fly" syntax checking information may be incorrect. [/home/deepaung/Courses/hw-syn-lab-i/final-project/verilog/top.v:]
WARNING: [filemgmt 56-199] Attempt to get parsing info during refresh. "On-the-fly" syntax checking information may be incorrect. [/home/deepaung/Courses/hw-syn-lab-i/final-project/verilog/top.v:]
WARNING: [filemgmt 56-199] Attempt to get parsing info during refresh. "On-the-fly" syntax checking information may be incorrect. [/home/deepaung/Courses/hw-syn-lab-i/final-project/verilog/top.v:]
WARNING: [filemgmt 56-199] Attempt to get parsing info during refresh. "On-the-fly" syntax checking information may be incorrect. [/home/deepaung/Courses/hw-syn-lab-i/final-project/verilog/clock_gen.v:]
WARNING: [filemgmt 56-199] Attempt to get parsing info during refresh. "On-the-fly" syntax checking information may be incorrect. [/home/deepaung/Courses/hw-syn-lab-i/final-project/verilog/vga_controller.v:]
WARNING: [filemgmt 56-199] Attempt to get parsing info during refresh. "On-the-fly" syntax checking information may be incorrect. [/home/deepaung/Courses/hw-syn-lab-i/final-project/verilog/clock_gen.v:]
WARNING: [filemgmt 56-199] Attempt to get parsing info during refresh. "On-the-fly" syntax checking information may be incorrect. [/home/deepaung/Courses/hw-syn-lab-i/final-project/verilog/clock_gen.v:]
WARNING: [filemgmt 56-199] Attempt to get parsing info during refresh. "On-the-fly" syntax checking information may be incorrect. [/home/deepaung/Courses/hw-syn-lab-i/final-project/verilog/top.v:]
WARNING: [filemgmt 56-199] Attempt to get parsing info during refresh. "On-the-fly" syntax checking information may be incorrect. [/home/deepaung/Courses/hw-syn-lab-i/final-project/verilog/clock_gen.v:]
WARNING: [filemgmt 56-199] Attempt to get parsing info during refresh. "On-the-fly" syntax checking information may be incorrect. [/home/deepaung/Courses/hw-syn-lab-i/final-project/verilog/vga_controller.v:]
WARNING: [filemgmt 56-199] Attempt to get parsing info during refresh. "On-the-fly" syntax checking information may be incorrect. [/home/deepaung/Courses/hw-syn-lab-i/final-project/verilog/top.v:]
WARNING: [filemgmt 56-199] Attempt to get parsing info during refresh. "On-the-fly" syntax checking information may be incorrect. [/home/deepaung/Courses/hw-syn-lab-i/final-project/verilog/top.v:]
WARNING: [filemgmt 56-199] Attempt to get parsing info during refresh. "On-the-fly" syntax checking information may be incorrect. [/home/deepaung/Courses/hw-syn-lab-i/final-project/verilog/top.v:]
WARNING: [filemgmt 56-199] Attempt to get parsing info during refresh. "On-the-fly" syntax checking information may be incorrect. [/home/deepaung/Courses/hw-syn-lab-i/final-project/verilog/clock_gen.v:]
WARNING: [filemgmt 56-199] Attempt to get parsing info during refresh. "On-the-fly" syntax checking information may be incorrect. [/home/deepaung/Courses/hw-syn-lab-i/final-project/verilog/vga_controller.v:]
WARNING: [filemgmt 56-199] Attempt to get parsing info during refresh. "On-the-fly" syntax checking information may be incorrect. [/home/deepaung/Courses/hw-syn-lab-i/final-project/verilog/clock_gen.v:]
WARNING: [filemgmt 56-199] Attempt to get parsing info during refresh. "On-the-fly" syntax checking information may be incorrect. [/home/deepaung/Courses/hw-syn-lab-i/final-project/verilog/clock_gen.v:]
WARNING: [filemgmt 56-199] Attempt to get parsing info during refresh. "On-the-fly" syntax checking information may be incorrect. [/home/deepaung/Courses/hw-syn-lab-i/final-project/verilog/top.v:]
WARNING: [filemgmt 56-199] Attempt to get parsing info during refresh. "On-the-fly" syntax checking information may be incorrect. [/home/deepaung/Courses/hw-syn-lab-i/final-project/verilog/clock_gen.v:]
WARNING: [filemgmt 56-199] Attempt to get parsing info during refresh. "On-the-fly" syntax checking information may be incorrect. [/home/deepaung/Courses/hw-syn-lab-i/final-project/verilog/vga_controller.v:]
WARNING: [filemgmt 56-199] Attempt to get parsing info during refresh. "On-the-fly" syntax checking information may be incorrect. [/home/deepaung/Courses/hw-syn-lab-i/final-project/verilog/vga_controller.v:]
WARNING: [filemgmt 56-199] Attempt to get parsing info during refresh. "On-the-fly" syntax checking information may be incorrect. [/home/deepaung/Courses/hw-syn-lab-i/final-project/verilog/vga_controller.v:]
WARNING: [filemgmt 56-199] Attempt to get parsing info during refresh. "On-the-fly" syntax checking information may be incorrect. [/home/deepaung/Courses/hw-syn-lab-i/final-project/verilog/top.v:]
WARNING: [filemgmt 56-199] Attempt to get parsing info during refresh. "On-the-fly" syntax checking information may be incorrect. [/home/deepaung/Courses/hw-syn-lab-i/final-project/verilog/clock_gen.v:]
WARNING: [filemgmt 56-199] Attempt to get parsing info during refresh. "On-the-fly" syntax checking information may be incorrect. [/home/deepaung/Courses/hw-syn-lab-i/final-project/verilog/vga_controller.v:]
WARNING: [filemgmt 56-199] Attempt to get parsing info during refresh. "On-the-fly" syntax checking information may be incorrect. [/home/deepaung/Courses/hw-syn-lab-i/final-project/verilog/vga_controller.v:]
WARNING: [filemgmt 56-199] Attempt to get parsing info during refresh. "On-the-fly" syntax checking information may be incorrect. [/home/deepaung/Courses/hw-syn-lab-i/final-project/verilog/vga_controller.v:]
WARNING: [filemgmt 56-199] Attempt to get parsing info during refresh. "On-the-fly" syntax checking information may be incorrect. [/home/deepaung/Courses/hw-syn-lab-i/final-project/verilog/top.v:]
WARNING: [filemgmt 56-199] Attempt to get parsing info during refresh. "On-the-fly" syntax checking information may be incorrect. [/home/deepaung/Courses/hw-syn-lab-i/final-project/verilog/clock_gen.v:]
WARNING: [filemgmt 56-199] Attempt to get parsing info during refresh. "On-the-fly" syntax checking information may be incorrect. [/home/deepaung/Courses/hw-syn-lab-i/final-project/verilog/vga_controller.v:]
WARNING: [filemgmt 56-199] Attempt to get parsing info during refresh. "On-the-fly" syntax checking information may be incorrect. [/home/deepaung/Courses/hw-syn-lab-i/final-project/verilog/top.v:]
WARNING: [filemgmt 56-199] Attempt to get parsing info during refresh. "On-the-fly" syntax checking information may be incorrect. [/home/deepaung/Courses/hw-syn-lab-i/final-project/verilog/top.v:]
WARNING: [filemgmt 56-199] Attempt to get parsing info during refresh. "On-the-fly" syntax checking information may be incorrect. [/home/deepaung/Courses/hw-syn-lab-i/final-project/verilog/top.v:]
WARNING: [filemgmt 56-199] Attempt to get parsing info during refresh. "On-the-fly" syntax checking information may be incorrect. [/home/deepaung/Courses/hw-syn-lab-i/final-project/verilog/clock_gen.v:]
WARNING: [filemgmt 56-199] Attempt to get parsing info during refresh. "On-the-fly" syntax checking information may be incorrect. [/home/deepaung/Courses/hw-syn-lab-i/final-project/verilog/vga_controller.v:]
WARNING: [filemgmt 56-199] Attempt to get parsing info during refresh. "On-the-fly" syntax checking information may be incorrect. [/home/deepaung/Courses/hw-syn-lab-i/final-project/verilog/clock_gen.v:]
WARNING: [filemgmt 56-199] Attempt to get parsing info during refresh. "On-the-fly" syntax checking information may be incorrect. [/home/deepaung/Courses/hw-syn-lab-i/final-project/verilog/clock_gen.v:]
WARNING: [filemgmt 56-199] Attempt to get parsing info during refresh. "On-the-fly" syntax checking information may be incorrect. [/home/deepaung/Courses/hw-syn-lab-i/final-project/verilog/top.v:]
WARNING: [filemgmt 56-199] Attempt to get parsing info during refresh. "On-the-fly" syntax checking information may be incorrect. [/home/deepaung/Courses/hw-syn-lab-i/final-project/verilog/clock_gen.v:]
WARNING: [filemgmt 56-199] Attempt to get parsing info during refresh. "On-the-fly" syntax checking information may be incorrect. [/home/deepaung/Courses/hw-syn-lab-i/final-project/verilog/vga_controller.v:]
WARNING: [filemgmt 56-199] Attempt to get parsing info during refresh. "On-the-fly" syntax checking information may be incorrect. [/home/deepaung/Courses/hw-syn-lab-i/final-project/verilog/top.v:]
WARNING: [filemgmt 56-199] Attempt to get parsing info during refresh. "On-the-fly" syntax checking information may be incorrect. [/home/deepaung/Courses/hw-syn-lab-i/final-project/verilog/top.v:]
WARNING: [filemgmt 56-199] Attempt to get parsing info during refresh. "On-the-fly" syntax checking information may be incorrect. [/home/deepaung/Courses/hw-syn-lab-i/final-project/verilog/top.v:]
WARNING: [filemgmt 56-199] Attempt to get parsing info during refresh. "On-the-fly" syntax checking information may be incorrect. [/home/deepaung/Courses/hw-syn-lab-i/final-project/verilog/clock_gen.v:]
WARNING: [filemgmt 56-199] Attempt to get parsing info during refresh. "On-the-fly" syntax checking information may be incorrect. [/home/deepaung/Courses/hw-syn-lab-i/final-project/verilog/vga_controller.v:]
WARNING: [filemgmt 56-199] Attempt to get parsing info during refresh. "On-the-fly" syntax checking information may be incorrect. [/home/deepaung/Courses/hw-syn-lab-i/final-project/verilog/clock_gen.v:]
WARNING: [filemgmt 56-199] Attempt to get parsing info during refresh. "On-the-fly" syntax checking information may be incorrect. [/home/deepaung/Courses/hw-syn-lab-i/final-project/verilog/clock_gen.v:]
WARNING: [filemgmt 56-199] Attempt to get parsing info during refresh. "On-the-fly" syntax checking information may be incorrect. [/home/deepaung/Courses/hw-syn-lab-i/final-project/verilog/top.v:]
WARNING: [filemgmt 56-199] Attempt to get parsing info during refresh. "On-the-fly" syntax checking information may be incorrect. [/home/deepaung/Courses/hw-syn-lab-i/final-project/verilog/clock_gen.v:]
WARNING: [filemgmt 56-199] Attempt to get parsing info during refresh. "On-the-fly" syntax checking information may be incorrect. [/home/deepaung/Courses/hw-syn-lab-i/final-project/verilog/vga_controller.v:]
WARNING: [filemgmt 56-199] Attempt to get parsing info during refresh. "On-the-fly" syntax checking information may be incorrect. [/home/deepaung/Courses/hw-syn-lab-i/final-project/verilog/top.v:]
WARNING: [filemgmt 56-199] Attempt to get parsing info during refresh. "On-the-fly" syntax checking information may be incorrect. [/home/deepaung/Courses/hw-syn-lab-i/final-project/verilog/top.v:]
WARNING: [filemgmt 56-199] Attempt to get parsing info during refresh. "On-the-fly" syntax checking information may be incorrect. [/home/deepaung/Courses/hw-syn-lab-i/final-project/verilog/top.v:]
WARNING: [filemgmt 56-199] Attempt to get parsing info during refresh. "On-the-fly" syntax checking information may be incorrect. [/home/deepaung/Courses/hw-syn-lab-i/final-project/verilog/clock_gen.v:]
WARNING: [filemgmt 56-199] Attempt to get parsing info during refresh. "On-the-fly" syntax checking information may be incorrect. [/home/deepaung/Courses/hw-syn-lab-i/final-project/verilog/vga_controller.v:]
WARNING: [filemgmt 56-199] Attempt to get parsing info during refresh. "On-the-fly" syntax checking information may be incorrect. [/home/deepaung/Courses/hw-syn-lab-i/final-project/verilog/top.v:]
WARNING: [filemgmt 56-199] Attempt to get parsing info during refresh. "On-the-fly" syntax checking information may be incorrect. [/home/deepaung/Courses/hw-syn-lab-i/final-project/verilog/top.v:]
WARNING: [filemgmt 56-199] Attempt to get parsing info during refresh. "On-the-fly" syntax checking information may be incorrect. [/home/deepaung/Courses/hw-syn-lab-i/final-project/verilog/top.v:]
WARNING: [filemgmt 56-199] Attempt to get parsing info during refresh. "On-the-fly" syntax checking information may be incorrect. [/home/deepaung/Courses/hw-syn-lab-i/final-project/verilog/clock_gen.v:]
WARNING: [filemgmt 56-199] Attempt to get parsing info during refresh. "On-the-fly" syntax checking information may be incorrect. [/home/deepaung/Courses/hw-syn-lab-i/final-project/verilog/vga_controller.v:]
WARNING: [filemgmt 56-199] Attempt to get parsing info during refresh. "On-the-fly" syntax checking information may be incorrect. [/home/deepaung/Courses/hw-syn-lab-i/final-project/verilog/top.v:]
WARNING: [filemgmt 56-199] Attempt to get parsing info during refresh. "On-the-fly" syntax checking information may be incorrect. [/home/deepaung/Courses/hw-syn-lab-i/final-project/verilog/top.v:]
WARNING: [filemgmt 56-199] Attempt to get parsing info during refresh. "On-the-fly" syntax checking information may be incorrect. [/home/deepaung/Courses/hw-syn-lab-i/final-project/verilog/top.v:]
WARNING: [filemgmt 56-199] Attempt to get parsing info during refresh. "On-the-fly" syntax checking information may be incorrect. [/home/deepaung/Courses/hw-syn-lab-i/final-project/verilog/clock_gen.v:]
WARNING: [filemgmt 56-199] Attempt to get parsing info during refresh. "On-the-fly" syntax checking information may be incorrect. [/home/deepaung/Courses/hw-syn-lab-i/final-project/verilog/vga_controller.v:]
WARNING: [filemgmt 56-199] Attempt to get parsing info during refresh. "On-the-fly" syntax checking information may be incorrect. [/home/deepaung/Courses/hw-syn-lab-i/final-project/verilog/clock_gen.v:]
WARNING: [filemgmt 56-199] Attempt to get parsing info during refresh. "On-the-fly" syntax checking information may be incorrect. [/home/deepaung/Courses/hw-syn-lab-i/final-project/verilog/clock_gen.v:]
reset_run impl_1 -prev_step 
launch_runs impl_1 -to_step write_bitstream -jobs 8
[Tue Apr 21 15:49:53 2026] Launched impl_1...
Run output will be captured here: /home/deepaung/Courses/hw-syn-lab-i/final-project/vivado/vivado.runs/impl_1/runme.log
open_hw_manager
connect_hw_server -allow_non_jtag
INFO: [Labtools 27-2285] Connecting to hw_server url TCP:localhost:3121
INFO: [Labtools 27-2222] Launching hw_server...
INFO: [Labtools 27-2221] Launch Output:

****** Xilinx hw_server v2025.2
  **** Build date : Oct 28 2025 at 16:07:00
    ** Copyright 1986-2022 Xilinx, Inc. All Rights Reserved.


INFO: [Labtools 27-3415] Connecting to cs_server url TCP:localhost:0
INFO: [Labtools 27-3417] Launching cs_server...
INFO: [Labtools 27-2221] Launch Output:


******** Xilinx cs_server v2025.2.0
  ****** Build date   : Nov 14 2025-06:16:52
    **** Build number : 2025.2.1763075812
      ** Copyright 2017-2022 Xilinx, Inc. All Rights Reserved.
      ** Copyright 2022-2026 Advanced Micro Devices, Inc. All Rights Reserved.



open_hw_target
INFO: [Labtoolstcl 44-466] Opening hw_target localhost:3121/xilinx_tcf/Digilent/210183B81EE0A
set_property PROGRAM.FILE {/home/deepaung/Courses/hw-syn-lab-i/final-project/vivado/vivado.runs/impl_1/top.bit} [get_hw_devices xc7a35t_0]
current_hw_device [get_hw_devices xc7a35t_0]
refresh_hw_device -update_hw_probes false [lindex [get_hw_devices xc7a35t_0] 0]
INFO: [Labtools 27-1434] Device xc7a35t (JTAG device index = 0) is programmed with a design that has no supported soft debug core(s) in it.
set_property PROBES.FILE {} [get_hw_devices xc7a35t_0]
set_property FULL_PROBES.FILE {} [get_hw_devices xc7a35t_0]
set_property PROGRAM.FILE {/home/deepaung/Courses/hw-syn-lab-i/final-project/vivado/vivado.runs/impl_1/top.bit} [get_hw_devices xc7a35t_0]
program_hw_devices [get_hw_devices xc7a35t_0]
INFO: [Labtools 27-3164] End of startup status: HIGH
refresh_hw_device [lindex [get_hw_devices xc7a35t_0] 0]
INFO: [Labtools 27-1434] Device xc7a35t (JTAG device index = 0) is programmed with a design that has no supported soft debug core(s) in it.
set_property PROBES.FILE {} [get_hw_devices xc7a35t_0]
set_property FULL_PROBES.FILE {} [get_hw_devices xc7a35t_0]
set_property PROGRAM.FILE {/home/deepaung/Courses/hw-syn-lab-i/final-project/vivado/vivado.runs/impl_1/top.bit} [get_hw_devices xc7a35t_0]
program_hw_devices [get_hw_devices xc7a35t_0]
INFO: [Labtools 27-3164] End of startup status: HIGH
refresh_hw_device [lindex [get_hw_devices xc7a35t_0] 0]
INFO: [Labtools 27-1434] Device xc7a35t (JTAG device index = 0) is programmed with a design that has no supported soft debug core(s) in it.
close_hw_manager
reset_run impl_1 -prev_step 
launch_runs impl_1 -to_step write_bitstream -jobs 8
[Tue Apr 21 15:52:40 2026] Launched impl_1...
Run output will be captured here: /home/deepaung/Courses/hw-syn-lab-i/final-project/vivado/vivado.runs/impl_1/runme.log
open_hw_manager
connect_hw_server -allow_non_jtag
INFO: [Labtools 27-2285] Connecting to hw_server url TCP:localhost:3121
INFO: [Labtools 27-2222] Launching hw_server...
INFO: [Labtools 27-2221] Launch Output:

****** Xilinx hw_server v2025.2
  **** Build date : Oct 28 2025 at 16:07:00
    ** Copyright 1986-2022 Xilinx, Inc. All Rights Reserved.


INFO: [Labtools 27-3415] Connecting to cs_server url TCP:localhost:0
INFO: [Labtools 27-3417] Launching cs_server...
INFO: [Labtools 27-2221] Launch Output:


******** Xilinx cs_server v2025.2.0
  ****** Build date   : Nov 14 2025-06:16:52
    **** Build number : 2025.2.1763075812
      ** Copyright 2017-2022 Xilinx, Inc. All Rights Reserved.
      ** Copyright 2022-2026 Advanced Micro Devices, Inc. All Rights Reserved.



open_hw_target
INFO: [Labtoolstcl 44-466] Opening hw_target localhost:3121/xilinx_tcf/Digilent/210183B81EE0A
set_property PROGRAM.FILE {/home/deepaung/Courses/hw-syn-lab-i/final-project/vivado/vivado.runs/impl_1/top.bit} [get_hw_devices xc7a35t_0]
current_hw_device [get_hw_devices xc7a35t_0]
refresh_hw_device -update_hw_probes false [lindex [get_hw_devices xc7a35t_0] 0]
INFO: [Labtools 27-1434] Device xc7a35t (JTAG device index = 0) is programmed with a design that has no supported soft debug core(s) in it.
set_property PROBES.FILE {} [get_hw_devices xc7a35t_0]
set_property FULL_PROBES.FILE {} [get_hw_devices xc7a35t_0]
set_property PROGRAM.FILE {/home/deepaung/Courses/hw-syn-lab-i/final-project/vivado/vivado.runs/impl_1/top.bit} [get_hw_devices xc7a35t_0]
program_hw_devices [get_hw_devices xc7a35t_0]
INFO: [Labtools 27-3164] End of startup status: HIGH
refresh_hw_device [lindex [get_hw_devices xc7a35t_0] 0]
INFO: [Labtools 27-1434] Device xc7a35t (JTAG device index = 0) is programmed with a design that has no supported soft debug core(s) in it.
WARNING: [filemgmt 56-199] Attempt to get parsing info during refresh. "On-the-fly" syntax checking information may be incorrect. [/home/deepaung/Courses/hw-syn-lab-i/final-project/verilog/top.v:]
WARNING: [filemgmt 56-199] Attempt to get parsing info during refresh. "On-the-fly" syntax checking information may be incorrect. [/home/deepaung/Courses/hw-syn-lab-i/final-project/verilog/clock_gen.v:]
WARNING: [filemgmt 56-199] Attempt to get parsing info during refresh. "On-the-fly" syntax checking information may be incorrect. [/home/deepaung/Courses/hw-syn-lab-i/final-project/verilog/vga_controller.v:]
WARNING: [filemgmt 56-199] Attempt to get parsing info during refresh. "On-the-fly" syntax checking information may be incorrect. [/home/deepaung/Courses/hw-syn-lab-i/final-project/verilog/top.v:]
WARNING: [filemgmt 56-199] Attempt to get parsing info during refresh. "On-the-fly" syntax checking information may be incorrect. [/home/deepaung/Courses/hw-syn-lab-i/final-project/verilog/top.v:]
WARNING: [filemgmt 56-199] Attempt to get parsing info during refresh. "On-the-fly" syntax checking information may be incorrect. [/home/deepaung/Courses/hw-syn-lab-i/final-project/verilog/top.v:]
WARNING: [filemgmt 56-199] Attempt to get parsing info during refresh. "On-the-fly" syntax checking information may be incorrect. [/home/deepaung/Courses/hw-syn-lab-i/final-project/verilog/clock_gen.v:]
WARNING: [filemgmt 56-199] Attempt to get parsing info during refresh. "On-the-fly" syntax checking information may be incorrect. [/home/deepaung/Courses/hw-syn-lab-i/final-project/verilog/vga_controller.v:]
WARNING: [filemgmt 56-199] Attempt to get parsing info during refresh. "On-the-fly" syntax checking information may be incorrect. [/home/deepaung/Courses/hw-syn-lab-i/final-project/verilog/top.v:]
WARNING: [filemgmt 56-199] Attempt to get parsing info during refresh. "On-the-fly" syntax checking information may be incorrect. [/home/deepaung/Courses/hw-syn-lab-i/final-project/verilog/top.v:]
WARNING: [filemgmt 56-199] Attempt to get parsing info during refresh. "On-the-fly" syntax checking information may be incorrect. [/home/deepaung/Courses/hw-syn-lab-i/final-project/verilog/top.v:]
WARNING: [filemgmt 56-199] Attempt to get parsing info during refresh. "On-the-fly" syntax checking information may be incorrect. [/home/deepaung/Courses/hw-syn-lab-i/final-project/verilog/clock_gen.v:]
WARNING: [filemgmt 56-199] Attempt to get parsing info during refresh. "On-the-fly" syntax checking information may be incorrect. [/home/deepaung/Courses/hw-syn-lab-i/final-project/verilog/vga_controller.v:]
WARNING: [filemgmt 56-199] Attempt to get parsing info during refresh. "On-the-fly" syntax checking information may be incorrect. [/home/deepaung/Courses/hw-syn-lab-i/final-project/verilog/top.v:]
WARNING: [filemgmt 56-199] Attempt to get parsing info during refresh. "On-the-fly" syntax checking information may be incorrect. [/home/deepaung/Courses/hw-syn-lab-i/final-project/verilog/top.v:]
WARNING: [filemgmt 56-199] Attempt to get parsing info during refresh. "On-the-fly" syntax checking information may be incorrect. [/home/deepaung/Courses/hw-syn-lab-i/final-project/verilog/top.v:]
WARNING: [filemgmt 56-199] Attempt to get parsing info during refresh. "On-the-fly" syntax checking information may be incorrect. [/home/deepaung/Courses/hw-syn-lab-i/final-project/verilog/clock_gen.v:]
WARNING: [filemgmt 56-199] Attempt to get parsing info during refresh. "On-the-fly" syntax checking information may be incorrect. [/home/deepaung/Courses/hw-syn-lab-i/final-project/verilog/vga_controller.v:]
WARNING: [filemgmt 56-199] Attempt to get parsing info during refresh. "On-the-fly" syntax checking information may be incorrect. [/home/deepaung/Courses/hw-syn-lab-i/final-project/verilog/top.v:]
WARNING: [filemgmt 56-199] Attempt to get parsing info during refresh. "On-the-fly" syntax checking information may be incorrect. [/home/deepaung/Courses/hw-syn-lab-i/final-project/verilog/top.v:]
WARNING: [filemgmt 56-199] Attempt to get parsing info during refresh. "On-the-fly" syntax checking information may be incorrect. [/home/deepaung/Courses/hw-syn-lab-i/final-project/verilog/top.v:]
WARNING: [filemgmt 56-199] Attempt to get parsing info during refresh. "On-the-fly" syntax checking information may be incorrect. [/home/deepaung/Courses/hw-syn-lab-i/final-project/verilog/clock_gen.v:]
WARNING: [filemgmt 56-199] Attempt to get parsing info during refresh. "On-the-fly" syntax checking information may be incorrect. [/home/deepaung/Courses/hw-syn-lab-i/final-project/verilog/vga_controller.v:]
WARNING: [filemgmt 56-199] Attempt to get parsing info during refresh. "On-the-fly" syntax checking information may be incorrect. [/home/deepaung/Courses/hw-syn-lab-i/final-project/verilog/clock_gen.v:]
WARNING: [filemgmt 56-199] Attempt to get parsing info during refresh. "On-the-fly" syntax checking information may be incorrect. [/home/deepaung/Courses/hw-syn-lab-i/final-project/verilog/clock_gen.v:]
WARNING: [filemgmt 56-199] Attempt to get parsing info during refresh. "On-the-fly" syntax checking information may be incorrect. [/home/deepaung/Courses/hw-syn-lab-i/final-project/verilog/top.v:]
WARNING: [filemgmt 56-199] Attempt to get parsing info during refresh. "On-the-fly" syntax checking information may be incorrect. [/home/deepaung/Courses/hw-syn-lab-i/final-project/verilog/clock_gen.v:]
WARNING: [filemgmt 56-199] Attempt to get parsing info during refresh. "On-the-fly" syntax checking information may be incorrect. [/home/deepaung/Courses/hw-syn-lab-i/final-project/verilog/vga_controller.v:]
WARNING: [filemgmt 56-199] Attempt to get parsing info during refresh. "On-the-fly" syntax checking information may be incorrect. [/home/deepaung/Courses/hw-syn-lab-i/final-project/verilog/top.v:]
WARNING: [filemgmt 56-199] Attempt to get parsing info during refresh. "On-the-fly" syntax checking information may be incorrect. [/home/deepaung/Courses/hw-syn-lab-i/final-project/verilog/top.v:]
WARNING: [filemgmt 56-199] Attempt to get parsing info during refresh. "On-the-fly" syntax checking information may be incorrect. [/home/deepaung/Courses/hw-syn-lab-i/final-project/verilog/top.v:]
WARNING: [filemgmt 56-199] Attempt to get parsing info during refresh. "On-the-fly" syntax checking information may be incorrect. [/home/deepaung/Courses/hw-syn-lab-i/final-project/verilog/clock_gen.v:]
WARNING: [filemgmt 56-199] Attempt to get parsing info during refresh. "On-the-fly" syntax checking information may be incorrect. [/home/deepaung/Courses/hw-syn-lab-i/final-project/verilog/vga_controller.v:]
WARNING: [filemgmt 56-199] Attempt to get parsing info during refresh. "On-the-fly" syntax checking information may be incorrect. [/home/deepaung/Courses/hw-syn-lab-i/final-project/verilog/top.v:]
WARNING: [filemgmt 56-199] Attempt to get parsing info during refresh. "On-the-fly" syntax checking information may be incorrect. [/home/deepaung/Courses/hw-syn-lab-i/final-project/verilog/top.v:]
WARNING: [filemgmt 56-199] Attempt to get parsing info during refresh. "On-the-fly" syntax checking information may be incorrect. [/home/deepaung/Courses/hw-syn-lab-i/final-project/verilog/top.v:]
WARNING: [filemgmt 56-199] Attempt to get parsing info during refresh. "On-the-fly" syntax checking information may be incorrect. [/home/deepaung/Courses/hw-syn-lab-i/final-project/verilog/clock_gen.v:]
WARNING: [filemgmt 56-199] Attempt to get parsing info during refresh. "On-the-fly" syntax checking information may be incorrect. [/home/deepaung/Courses/hw-syn-lab-i/final-project/verilog/vga_controller.v:]
WARNING: [filemgmt 56-199] Attempt to get parsing info during refresh. "On-the-fly" syntax checking information may be incorrect. [/home/deepaung/Courses/hw-syn-lab-i/final-project/verilog/top.v:]
WARNING: [filemgmt 56-199] Attempt to get parsing info during refresh. "On-the-fly" syntax checking information may be incorrect. [/home/deepaung/Courses/hw-syn-lab-i/final-project/verilog/top.v:]
WARNING: [filemgmt 56-199] Attempt to get parsing info during refresh. "On-the-fly" syntax checking information may be incorrect. [/home/deepaung/Courses/hw-syn-lab-i/final-project/verilog/top.v:]
WARNING: [filemgmt 56-199] Attempt to get parsing info during refresh. "On-the-fly" syntax checking information may be incorrect. [/home/deepaung/Courses/hw-syn-lab-i/final-project/verilog/clock_gen.v:]
WARNING: [filemgmt 56-199] Attempt to get parsing info during refresh. "On-the-fly" syntax checking information may be incorrect. [/home/deepaung/Courses/hw-syn-lab-i/final-project/verilog/vga_controller.v:]
WARNING: [filemgmt 56-199] Attempt to get parsing info during refresh. "On-the-fly" syntax checking information may be incorrect. [/home/deepaung/Courses/hw-syn-lab-i/final-project/verilog/vga_controller.v:]
WARNING: [filemgmt 56-199] Attempt to get parsing info during refresh. "On-the-fly" syntax checking information may be incorrect. [/home/deepaung/Courses/hw-syn-lab-i/final-project/verilog/vga_controller.v:]
close_hw_manager
WARNING: [filemgmt 56-199] Attempt to get parsing info during refresh. "On-the-fly" syntax checking information may be incorrect. [/home/deepaung/Courses/hw-syn-lab-i/final-project/verilog/top.v:]
WARNING: [filemgmt 56-199] Attempt to get parsing info during refresh. "On-the-fly" syntax checking information may be incorrect. [/home/deepaung/Courses/hw-syn-lab-i/final-project/verilog/clock_gen.v:]
WARNING: [filemgmt 56-199] Attempt to get parsing info during refresh. "On-the-fly" syntax checking information may be incorrect. [/home/deepaung/Courses/hw-syn-lab-i/final-project/verilog/vga_controller.v:]
WARNING: [filemgmt 56-199] Attempt to get parsing info during refresh. "On-the-fly" syntax checking information may be incorrect. [/home/deepaung/Courses/hw-syn-lab-i/final-project/verilog/vga_controller.v:]
WARNING: [filemgmt 56-199] Attempt to get parsing info during refresh. "On-the-fly" syntax checking information may be incorrect. [/home/deepaung/Courses/hw-syn-lab-i/final-project/verilog/vga_controller.v:]
WARNING: [filemgmt 56-199] Attempt to get parsing info during refresh. "On-the-fly" syntax checking information may be incorrect. [/home/deepaung/Courses/hw-syn-lab-i/final-project/verilog/top.v:]
WARNING: [filemgmt 56-199] Attempt to get parsing info during refresh. "On-the-fly" syntax checking information may be incorrect. [/home/deepaung/Courses/hw-syn-lab-i/final-project/verilog/clock_gen.v:]
WARNING: [filemgmt 56-199] Attempt to get parsing info during refresh. "On-the-fly" syntax checking information may be incorrect. [/home/deepaung/Courses/hw-syn-lab-i/final-project/verilog/vga_controller.v:]
WARNING: [filemgmt 56-199] Attempt to get parsing info during refresh. "On-the-fly" syntax checking information may be incorrect. [/home/deepaung/Courses/hw-syn-lab-i/final-project/verilog/clock_gen.v:]
WARNING: [filemgmt 56-199] Attempt to get parsing info during refresh. "On-the-fly" syntax checking information may be incorrect. [/home/deepaung/Courses/hw-syn-lab-i/final-project/verilog/clock_gen.v:]
WARNING: [filemgmt 56-199] Attempt to get parsing info during refresh. "On-the-fly" syntax checking information may be incorrect. [/home/deepaung/Courses/hw-syn-lab-i/final-project/verilog/top.v:]
WARNING: [filemgmt 56-199] Attempt to get parsing info during refresh. "On-the-fly" syntax checking information may be incorrect. [/home/deepaung/Courses/hw-syn-lab-i/final-project/verilog/clock_gen.v:]
WARNING: [filemgmt 56-199] Attempt to get parsing info during refresh. "On-the-fly" syntax checking information may be incorrect. [/home/deepaung/Courses/hw-syn-lab-i/final-project/verilog/vga_controller.v:]
WARNING: [filemgmt 56-199] Attempt to get parsing info during refresh. "On-the-fly" syntax checking information may be incorrect. [/home/deepaung/Courses/hw-syn-lab-i/final-project/verilog/top.v:]
WARNING: [filemgmt 56-199] Attempt to get parsing info during refresh. "On-the-fly" syntax checking information may be incorrect. [/home/deepaung/Courses/hw-syn-lab-i/final-project/verilog/top.v:]
WARNING: [filemgmt 56-199] Attempt to get parsing info during refresh. "On-the-fly" syntax checking information may be incorrect. [/home/deepaung/Courses/hw-syn-lab-i/final-project/verilog/top.v:]
WARNING: [filemgmt 56-199] Attempt to get parsing info during refresh. "On-the-fly" syntax checking information may be incorrect. [/home/deepaung/Courses/hw-syn-lab-i/final-project/verilog/clock_gen.v:]
WARNING: [filemgmt 56-199] Attempt to get parsing info during refresh. "On-the-fly" syntax checking information may be incorrect. [/home/deepaung/Courses/hw-syn-lab-i/final-project/verilog/vga_controller.v:]
WARNING: [filemgmt 56-199] Attempt to get parsing info during refresh. "On-the-fly" syntax checking information may be incorrect. [/home/deepaung/Courses/hw-syn-lab-i/final-project/verilog/top.v:]
WARNING: [filemgmt 56-199] Attempt to get parsing info during refresh. "On-the-fly" syntax checking information may be incorrect. [/home/deepaung/Courses/hw-syn-lab-i/final-project/verilog/top.v:]
WARNING: [filemgmt 56-199] Attempt to get parsing info during refresh. "On-the-fly" syntax checking information may be incorrect. [/home/deepaung/Courses/hw-syn-lab-i/final-project/verilog/top.v:]
WARNING: [filemgmt 56-199] Attempt to get parsing info during refresh. "On-the-fly" syntax checking information may be incorrect. [/home/deepaung/Courses/hw-syn-lab-i/final-project/verilog/clock_gen.v:]
WARNING: [filemgmt 56-199] Attempt to get parsing info during refresh. "On-the-fly" syntax checking information may be incorrect. [/home/deepaung/Courses/hw-syn-lab-i/final-project/verilog/vga_controller.v:]
WARNING: [filemgmt 56-199] Attempt to get parsing info during refresh. "On-the-fly" syntax checking information may be incorrect. [/home/deepaung/Courses/hw-syn-lab-i/final-project/verilog/vga_controller.v:]
WARNING: [filemgmt 56-199] Attempt to get parsing info during refresh. "On-the-fly" syntax checking information may be incorrect. [/home/deepaung/Courses/hw-syn-lab-i/final-project/verilog/vga_controller.v:]
WARNING: [filemgmt 56-199] Attempt to get parsing info during refresh. "On-the-fly" syntax checking information may be incorrect. [/home/deepaung/Courses/hw-syn-lab-i/final-project/verilog/top.v:]
WARNING: [filemgmt 56-199] Attempt to get parsing info during refresh. "On-the-fly" syntax checking information may be incorrect. [/home/deepaung/Courses/hw-syn-lab-i/final-project/verilog/clock_gen.v:]
WARNING: [filemgmt 56-199] Attempt to get parsing info during refresh. "On-the-fly" syntax checking information may be incorrect. [/home/deepaung/Courses/hw-syn-lab-i/final-project/verilog/vga_controller.v:]
WARNING: [filemgmt 56-199] Attempt to get parsing info during refresh. "On-the-fly" syntax checking information may be incorrect. [/home/deepaung/Courses/hw-syn-lab-i/final-project/verilog/clock_gen.v:]
WARNING: [filemgmt 56-199] Attempt to get parsing info during refresh. "On-the-fly" syntax checking information may be incorrect. [/home/deepaung/Courses/hw-syn-lab-i/final-project/verilog/clock_gen.v:]
WARNING: [filemgmt 56-199] Attempt to get parsing info during refresh. "On-the-fly" syntax checking information may be incorrect. [/home/deepaung/Courses/hw-syn-lab-i/final-project/verilog/top.v:]
WARNING: [filemgmt 56-199] Attempt to get parsing info during refresh. "On-the-fly" syntax checking information may be incorrect. [/home/deepaung/Courses/hw-syn-lab-i/final-project/verilog/clock_gen.v:]
WARNING: [filemgmt 56-199] Attempt to get parsing info during refresh. "On-the-fly" syntax checking information may be incorrect. [/home/deepaung/Courses/hw-syn-lab-i/final-project/verilog/vga_controller.v:]
WARNING: [filemgmt 56-199] Attempt to get parsing info during refresh. "On-the-fly" syntax checking information may be incorrect. [/home/deepaung/Courses/hw-syn-lab-i/final-project/verilog/top.v:]
WARNING: [filemgmt 56-199] Attempt to get parsing info during refresh. "On-the-fly" syntax checking information may be incorrect. [/home/deepaung/Courses/hw-syn-lab-i/final-project/verilog/top.v:]
WARNING: [filemgmt 56-199] Attempt to get parsing info during refresh. "On-the-fly" syntax checking information may be incorrect. [/home/deepaung/Courses/hw-syn-lab-i/final-project/verilog/top.v:]
WARNING: [filemgmt 56-199] Attempt to get parsing info during refresh. "On-the-fly" syntax checking information may be incorrect. [/home/deepaung/Courses/hw-syn-lab-i/final-project/verilog/clock_gen.v:]
WARNING: [filemgmt 56-199] Attempt to get parsing info during refresh. "On-the-fly" syntax checking information may be incorrect. [/home/deepaung/Courses/hw-syn-lab-i/final-project/verilog/vga_controller.v:]
WARNING: [filemgmt 56-199] Attempt to get parsing info during refresh. "On-the-fly" syntax checking information may be incorrect. [/home/deepaung/Courses/hw-syn-lab-i/final-project/verilog/top.v:]
WARNING: [filemgmt 56-199] Attempt to get parsing info during refresh. "On-the-fly" syntax checking information may be incorrect. [/home/deepaung/Courses/hw-syn-lab-i/final-project/verilog/top.v:]
reset_run synth_1
INFO: [Project 1-1161] Replacing file /home/deepaung/Courses/hw-syn-lab-i/final-project/vivado/vivado.srcs/utils_1/imports/synth_1/vga_test.dcp with file /home/deepaung/Courses/hw-syn-lab-i/final-project/vivado/vivado.runs/synth_1/top.dcp
WARNING: [filemgmt 56-199] Attempt to get parsing info during refresh. "On-the-fly" syntax checking information may be incorrect. [/home/deepaung/Courses/hw-syn-lab-i/final-project/verilog/top.v:]
WARNING: [filemgmt 56-199] Attempt to get parsing info during refresh. "On-the-fly" syntax checking information may be incorrect. [/home/deepaung/Courses/hw-syn-lab-i/final-project/verilog/clock_gen.v:]
WARNING: [filemgmt 56-199] Attempt to get parsing info during refresh. "On-the-fly" syntax checking information may be incorrect. [/home/deepaung/Courses/hw-syn-lab-i/final-project/verilog/vga_controller.v:]
WARNING: [filemgmt 56-199] Attempt to get parsing info during refresh. "On-the-fly" syntax checking information may be incorrect. [/home/deepaung/Courses/hw-syn-lab-i/final-project/verilog/vga_controller.v:]
WARNING: [filemgmt 56-199] Attempt to get parsing info during refresh. "On-the-fly" syntax checking information may be incorrect. [/home/deepaung/Courses/hw-syn-lab-i/final-project/verilog/vga_controller.v:]
WARNING: [filemgmt 56-199] Attempt to get parsing info during refresh. "On-the-fly" syntax checking information may be incorrect. [/home/deepaung/Courses/hw-syn-lab-i/final-project/verilog/top.v:]
WARNING: [filemgmt 56-199] Attempt to get parsing info during refresh. "On-the-fly" syntax checking information may be incorrect. [/home/deepaung/Courses/hw-syn-lab-i/final-project/verilog/clock_gen.v:]
WARNING: [filemgmt 56-199] Attempt to get parsing info during refresh. "On-the-fly" syntax checking information may be incorrect. [/home/deepaung/Courses/hw-syn-lab-i/final-project/verilog/vga_controller.v:]
WARNING: [filemgmt 56-199] Attempt to get parsing info during refresh. "On-the-fly" syntax checking information may be incorrect. [/home/deepaung/Courses/hw-syn-lab-i/final-project/verilog/clock_gen.v:]
WARNING: [filemgmt 56-199] Attempt to get parsing info during refresh. "On-the-fly" syntax checking information may be incorrect. [/home/deepaung/Courses/hw-syn-lab-i/final-project/verilog/clock_gen.v:]
WARNING: [filemgmt 56-199] Attempt to get parsing info during refresh. "On-the-fly" syntax checking information may be incorrect. [/home/deepaung/Courses/hw-syn-lab-i/final-project/verilog/top.v:]
WARNING: [filemgmt 56-199] Attempt to get parsing info during refresh. "On-the-fly" syntax checking information may be incorrect. [/home/deepaung/Courses/hw-syn-lab-i/final-project/verilog/clock_gen.v:]
WARNING: [filemgmt 56-199] Attempt to get parsing info during refresh. "On-the-fly" syntax checking information may be incorrect. [/home/deepaung/Courses/hw-syn-lab-i/final-project/verilog/vga_controller.v:]
WARNING: [filemgmt 56-199] Attempt to get parsing info during refresh. "On-the-fly" syntax checking information may be incorrect. [/home/deepaung/Courses/hw-syn-lab-i/final-project/verilog/top.v:]
WARNING: [filemgmt 56-199] Attempt to get parsing info during refresh. "On-the-fly" syntax checking information may be incorrect. [/home/deepaung/Courses/hw-syn-lab-i/final-project/verilog/top.v:]
launch_runs impl_1 -to_step write_bitstream -jobs 8
[Tue Apr 21 15:58:28 2026] Launched synth_1...
Run output will be captured here: /home/deepaung/Courses/hw-syn-lab-i/final-project/vivado/vivado.runs/synth_1/runme.log
[Tue Apr 21 15:58:28 2026] Launched impl_1...
Run output will be captured here: /home/deepaung/Courses/hw-syn-lab-i/final-project/vivado/vivado.runs/impl_1/runme.log
WARNING: [IP_Flow 19-4067] Ignoring invalid widget type specified checkbox.Providing a default widget
WARNING: [IP_Flow 19-4067] Ignoring invalid widget type specified checkbox.Providing a default widget
WARNING: [filemgmt 56-199] Attempt to get parsing info during refresh. "On-the-fly" syntax checking information may be incorrect. [/home/deepaung/Courses/hw-syn-lab-i/final-project/verilog/top.v:]
WARNING: [filemgmt 56-199] Attempt to get parsing info during refresh. "On-the-fly" syntax checking information may be incorrect. [/home/deepaung/Courses/hw-syn-lab-i/final-project/verilog/vga_controller.v:]
WARNING: [filemgmt 56-199] Attempt to get parsing info during refresh. "On-the-fly" syntax checking information may be incorrect. [/home/deepaung/Courses/hw-syn-lab-i/final-project/verilog/top.v:]
WARNING: [filemgmt 56-199] Attempt to get parsing info during refresh. "On-the-fly" syntax checking information may be incorrect. [/home/deepaung/Courses/hw-syn-lab-i/final-project/verilog/top.v:]
WARNING: [filemgmt 56-199] Attempt to get parsing info during refresh. "On-the-fly" syntax checking information may be incorrect. [/home/deepaung/Courses/hw-syn-lab-i/final-project/verilog/top.v:]
WARNING: [filemgmt 56-199] Attempt to get parsing info during refresh. "On-the-fly" syntax checking information may be incorrect. [/home/deepaung/Courses/hw-syn-lab-i/final-project/verilog/vga_controller.v:]
WARNING: [filemgmt 56-199] Attempt to get parsing info during refresh. "On-the-fly" syntax checking information may be incorrect. [/home/deepaung/Courses/hw-syn-lab-i/final-project/verilog/top.v:]
WARNING: [filemgmt 56-199] Attempt to get parsing info during refresh. "On-the-fly" syntax checking information may be incorrect. [/home/deepaung/Courses/hw-syn-lab-i/final-project/verilog/top.v:]
WARNING: [filemgmt 56-199] Attempt to get parsing info during refresh. "On-the-fly" syntax checking information may be incorrect. [/home/deepaung/Courses/hw-syn-lab-i/final-project/verilog/top.v:]
WARNING: [filemgmt 56-199] Attempt to get parsing info during refresh. "On-the-fly" syntax checking information may be incorrect. [/home/deepaung/Courses/hw-syn-lab-i/final-project/verilog/vga_controller.v:]
WARNING: [filemgmt 56-199] Attempt to get parsing info during refresh. "On-the-fly" syntax checking information may be incorrect. [/home/deepaung/Courses/hw-syn-lab-i/final-project/verilog/top.v:]
WARNING: [filemgmt 56-199] Attempt to get parsing info during refresh. "On-the-fly" syntax checking information may be incorrect. [/home/deepaung/Courses/hw-syn-lab-i/final-project/verilog/top.v:]
WARNING: [filemgmt 56-199] Attempt to get parsing info during refresh. "On-the-fly" syntax checking information may be incorrect. [/home/deepaung/Courses/hw-syn-lab-i/final-project/verilog/top.v:]
WARNING: [filemgmt 56-199] Attempt to get parsing info during refresh. "On-the-fly" syntax checking information may be incorrect. [/home/deepaung/Courses/hw-syn-lab-i/final-project/verilog/vga_controller.v:]
WARNING: [filemgmt 56-199] Attempt to get parsing info during refresh. "On-the-fly" syntax checking information may be incorrect. [/home/deepaung/Courses/hw-syn-lab-i/final-project/verilog/vga_controller.v:]
WARNING: [filemgmt 56-199] Attempt to get parsing info during refresh. "On-the-fly" syntax checking information may be incorrect. [/home/deepaung/Courses/hw-syn-lab-i/final-project/verilog/vga_controller.v:]
WARNING: [filemgmt 56-199] Attempt to get parsing info during refresh. "On-the-fly" syntax checking information may be incorrect. [/home/deepaung/Courses/hw-syn-lab-i/final-project/verilog/top.v:]
WARNING: [filemgmt 56-199] Attempt to get parsing info during refresh. "On-the-fly" syntax checking information may be incorrect. [/home/deepaung/Courses/hw-syn-lab-i/final-project/verilog/vga_controller.v:]
WARNING: [filemgmt 56-199] Attempt to get parsing info during refresh. "On-the-fly" syntax checking information may be incorrect. [/home/deepaung/Courses/hw-syn-lab-i/final-project/verilog/top.v:]
WARNING: [filemgmt 56-199] Attempt to get parsing info during refresh. "On-the-fly" syntax checking information may be incorrect. [/home/deepaung/Courses/hw-syn-lab-i/final-project/verilog/top.v:]
WARNING: [filemgmt 56-199] Attempt to get parsing info during refresh. "On-the-fly" syntax checking information may be incorrect. [/home/deepaung/Courses/hw-syn-lab-i/final-project/verilog/top.v:]
WARNING: [filemgmt 56-199] Attempt to get parsing info during refresh. "On-the-fly" syntax checking information may be incorrect. [/home/deepaung/Courses/hw-syn-lab-i/final-project/verilog/vga_controller.v:]
WARNING: [filemgmt 56-199] Attempt to get parsing info during refresh. "On-the-fly" syntax checking information may be incorrect. [/home/deepaung/Courses/hw-syn-lab-i/final-project/verilog/vga_controller.v:]
WARNING: [filemgmt 56-199] Attempt to get parsing info during refresh. "On-the-fly" syntax checking information may be incorrect. [/home/deepaung/Courses/hw-syn-lab-i/final-project/verilog/vga_controller.v:]
WARNING: [filemgmt 56-199] Attempt to get parsing info during refresh. "On-the-fly" syntax checking information may be incorrect. [/home/deepaung/Courses/hw-syn-lab-i/final-project/verilog/top.v:]
WARNING: [filemgmt 56-199] Attempt to get parsing info during refresh. "On-the-fly" syntax checking information may be incorrect. [/home/deepaung/Courses/hw-syn-lab-i/final-project/verilog/vga_controller.v:]
WARNING: [filemgmt 56-199] Attempt to get parsing info during refresh. "On-the-fly" syntax checking information may be incorrect. [/home/deepaung/Courses/hw-syn-lab-i/final-project/verilog/top.v:]
WARNING: [filemgmt 56-199] Attempt to get parsing info during refresh. "On-the-fly" syntax checking information may be incorrect. [/home/deepaung/Courses/hw-syn-lab-i/final-project/verilog/top.v:]
WARNING: [filemgmt 56-199] Attempt to get parsing info during refresh. "On-the-fly" syntax checking information may be incorrect. [/home/deepaung/Courses/hw-syn-lab-i/final-project/verilog/top.v:]
WARNING: [filemgmt 56-199] Attempt to get parsing info during refresh. "On-the-fly" syntax checking information may be incorrect. [/home/deepaung/Courses/hw-syn-lab-i/final-project/verilog/vga_controller.v:]
WARNING: [filemgmt 56-199] Attempt to get parsing info during refresh. "On-the-fly" syntax checking information may be incorrect. [/home/deepaung/Courses/hw-syn-lab-i/final-project/verilog/top.v:]
WARNING: [filemgmt 56-199] Attempt to get parsing info during refresh. "On-the-fly" syntax checking information may be incorrect. [/home/deepaung/Courses/hw-syn-lab-i/final-project/verilog/top.v:]
WARNING: [filemgmt 56-199] Attempt to get parsing info during refresh. "On-the-fly" syntax checking information may be incorrect. [/home/deepaung/Courses/hw-syn-lab-i/final-project/verilog/top.v:]
WARNING: [filemgmt 56-199] Attempt to get parsing info during refresh. "On-the-fly" syntax checking information may be incorrect. [/home/deepaung/Courses/hw-syn-lab-i/final-project/verilog/vga_controller.v:]
WARNING: [filemgmt 56-199] Attempt to get parsing info during refresh. "On-the-fly" syntax checking information may be incorrect. [/home/deepaung/Courses/hw-syn-lab-i/final-project/verilog/vga_controller.v:]
WARNING: [filemgmt 56-199] Attempt to get parsing info during refresh. "On-the-fly" syntax checking information may be incorrect. [/home/deepaung/Courses/hw-syn-lab-i/final-project/verilog/vga_controller.v:]
WARNING: [filemgmt 56-199] Attempt to get parsing info during refresh. "On-the-fly" syntax checking information may be incorrect. [/home/deepaung/Courses/hw-syn-lab-i/final-project/verilog/top.v:]
WARNING: [filemgmt 56-199] Attempt to get parsing info during refresh. "On-the-fly" syntax checking information may be incorrect. [/home/deepaung/Courses/hw-syn-lab-i/final-project/verilog/vga_controller.v:]
WARNING: [filemgmt 56-199] Attempt to get parsing info during refresh. "On-the-fly" syntax checking information may be incorrect. [/home/deepaung/Courses/hw-syn-lab-i/final-project/verilog/top.v:]
WARNING: [filemgmt 56-199] Attempt to get parsing info during refresh. "On-the-fly" syntax checking information may be incorrect. [/home/deepaung/Courses/hw-syn-lab-i/final-project/verilog/top.v:]
WARNING: [filemgmt 56-199] Attempt to get parsing info during refresh. "On-the-fly" syntax checking information may be incorrect. [/home/deepaung/Courses/hw-syn-lab-i/final-project/verilog/top.v:]
WARNING: [filemgmt 56-199] Attempt to get parsing info during refresh. "On-the-fly" syntax checking information may be incorrect. [/home/deepaung/Courses/hw-syn-lab-i/final-project/verilog/vga_controller.v:]
WARNING: [filemgmt 56-199] Attempt to get parsing info during refresh. "On-the-fly" syntax checking information may be incorrect. [/home/deepaung/Courses/hw-syn-lab-i/final-project/verilog/top.v:]
WARNING: [filemgmt 56-199] Attempt to get parsing info during refresh. "On-the-fly" syntax checking information may be incorrect. [/home/deepaung/Courses/hw-syn-lab-i/final-project/verilog/top.v:]
reset_run impl_1
launch_runs impl_1 -to_step write_bitstream -jobs 8
[Tue Apr 21 16:08:28 2026] Launched impl_1...
Run output will be captured here: /home/deepaung/Courses/hw-syn-lab-i/final-project/vivado/vivado.runs/impl_1/runme.log
WARNING: [IP_Flow 19-4067] Ignoring invalid widget type specified checkbox.Providing a default widget
WARNING: [IP_Flow 19-4067] Ignoring invalid widget type specified checkbox.Providing a default widget
WARNING: [filemgmt 56-199] Attempt to get parsing info during refresh. "On-the-fly" syntax checking information may be incorrect. [/home/deepaung/Courses/hw-syn-lab-i/final-project/verilog/top.v:]
WARNING: [filemgmt 56-199] Attempt to get parsing info during refresh. "On-the-fly" syntax checking information may be incorrect. [/home/deepaung/Courses/hw-syn-lab-i/final-project/verilog/vga_controller.v:]
WARNING: [filemgmt 56-199] Attempt to get parsing info during refresh. "On-the-fly" syntax checking information may be incorrect. [/home/deepaung/Courses/hw-syn-lab-i/final-project/verilog/vga_controller.v:]
WARNING: [filemgmt 56-199] Attempt to get parsing info during refresh. "On-the-fly" syntax checking information may be incorrect. [/home/deepaung/Courses/hw-syn-lab-i/final-project/verilog/vga_controller.v:]
WARNING: [filemgmt 56-199] Attempt to get parsing info during refresh. "On-the-fly" syntax checking information may be incorrect. [/home/deepaung/Courses/hw-syn-lab-i/final-project/verilog/top.v:]
WARNING: [filemgmt 56-199] Attempt to get parsing info during refresh. "On-the-fly" syntax checking information may be incorrect. [/home/deepaung/Courses/hw-syn-lab-i/final-project/verilog/vga_controller.v:]
WARNING: [filemgmt 56-199] Attempt to get parsing info during refresh. "On-the-fly" syntax checking information may be incorrect. [/home/deepaung/Courses/hw-syn-lab-i/final-project/verilog/top.v:]
WARNING: [filemgmt 56-199] Attempt to get parsing info during refresh. "On-the-fly" syntax checking information may be incorrect. [/home/deepaung/Courses/hw-syn-lab-i/final-project/verilog/top.v:]
WARNING: [filemgmt 56-199] Attempt to get parsing info during refresh. "On-the-fly" syntax checking information may be incorrect. [/home/deepaung/Courses/hw-syn-lab-i/final-project/verilog/top.v:]
WARNING: [filemgmt 56-199] Attempt to get parsing info during refresh. "On-the-fly" syntax checking information may be incorrect. [/home/deepaung/Courses/hw-syn-lab-i/final-project/verilog/vga_controller.v:]
WARNING: [filemgmt 56-199] Attempt to get parsing info during refresh. "On-the-fly" syntax checking information may be incorrect. [/home/deepaung/Courses/hw-syn-lab-i/final-project/verilog/top.v:]
WARNING: [filemgmt 56-199] Attempt to get parsing info during refresh. "On-the-fly" syntax checking information may be incorrect. [/home/deepaung/Courses/hw-syn-lab-i/final-project/verilog/top.v:]
WARNING: [filemgmt 56-199] Attempt to get parsing info during refresh. "On-the-fly" syntax checking information may be incorrect. [/home/deepaung/Courses/hw-syn-lab-i/final-project/verilog/top.v:]
WARNING: [filemgmt 56-199] Attempt to get parsing info during refresh. "On-the-fly" syntax checking information may be incorrect. [/home/deepaung/Courses/hw-syn-lab-i/final-project/verilog/vga_controller.v:]
WARNING: [filemgmt 56-199] Attempt to get parsing info during refresh. "On-the-fly" syntax checking information may be incorrect. [/home/deepaung/Courses/hw-syn-lab-i/final-project/verilog/top.v:]
WARNING: [filemgmt 56-199] Attempt to get parsing info during refresh. "On-the-fly" syntax checking information may be incorrect. [/home/deepaung/Courses/hw-syn-lab-i/final-project/verilog/top.v:]
WARNING: [filemgmt 56-199] Attempt to get parsing info during refresh. "On-the-fly" syntax checking information may be incorrect. [/home/deepaung/Courses/hw-syn-lab-i/final-project/verilog/top.v:]
WARNING: [filemgmt 56-199] Attempt to get parsing info during refresh. "On-the-fly" syntax checking information may be incorrect. [/home/deepaung/Courses/hw-syn-lab-i/final-project/verilog/vga_controller.v:]
WARNING: [filemgmt 56-199] Attempt to get parsing info during refresh. "On-the-fly" syntax checking information may be incorrect. [/home/deepaung/Courses/hw-syn-lab-i/final-project/verilog/top.v:]
WARNING: [filemgmt 56-199] Attempt to get parsing info during refresh. "On-the-fly" syntax checking information may be incorrect. [/home/deepaung/Courses/hw-syn-lab-i/final-project/verilog/top.v:]
WARNING: [filemgmt 56-199] Attempt to get parsing info during refresh. "On-the-fly" syntax checking information may be incorrect. [/home/deepaung/Courses/hw-syn-lab-i/final-project/verilog/top.v:]
WARNING: [filemgmt 56-199] Attempt to get parsing info during refresh. "On-the-fly" syntax checking information may be incorrect. [/home/deepaung/Courses/hw-syn-lab-i/final-project/verilog/vga_controller.v:]
WARNING: [filemgmt 56-199] Attempt to get parsing info during refresh. "On-the-fly" syntax checking information may be incorrect. [/home/deepaung/Courses/hw-syn-lab-i/final-project/verilog/top.v:]
WARNING: [filemgmt 56-199] Attempt to get parsing info during refresh. "On-the-fly" syntax checking information may be incorrect. [/home/deepaung/Courses/hw-syn-lab-i/final-project/verilog/top.v:]
WARNING: [IP_Flow 19-4067] Ignoring invalid widget type specified checkbox.Providing a default widget
WARNING: [IP_Flow 19-4067] Ignoring invalid widget type specified checkbox.Providing a default widget
set_property -dict [list \
  CONFIG.Enable_A {Always_Enabled} \
  CONFIG.Enable_B {Always_Enabled} \
  CONFIG.Register_PortB_Output_of_Memory_Primitives {false} \
] [get_ips blk_mem_gen_0]
WARNING: [filemgmt 56-199] Attempt to get parsing info during refresh. "On-the-fly" syntax checking information may be incorrect. [/home/deepaung/Courses/hw-syn-lab-i/final-project/verilog/top.v:]
WARNING: [filemgmt 56-199] Attempt to get parsing info during refresh. "On-the-fly" syntax checking information may be incorrect. [/home/deepaung/Courses/hw-syn-lab-i/final-project/verilog/vga_controller.v:]
WARNING: [filemgmt 56-199] Attempt to get parsing info during refresh. "On-the-fly" syntax checking information may be incorrect. [/home/deepaung/Courses/hw-syn-lab-i/final-project/verilog/vga_controller.v:]
WARNING: [filemgmt 56-199] Attempt to get parsing info during refresh. "On-the-fly" syntax checking information may be incorrect. [/home/deepaung/Courses/hw-syn-lab-i/final-project/verilog/vga_controller.v:]
generate_target all [get_files  /home/deepaung/Courses/hw-syn-lab-i/final-project/vivado/vivado.srcs/sources_1/ip/blk_mem_gen_0/blk_mem_gen_0.xci]
INFO: [IP_Flow 19-1686] Generating 'Instantiation Template' target for IP 'blk_mem_gen_0'...
INFO: [IP_Flow 19-1686] Generating 'Synthesis' target for IP 'blk_mem_gen_0'...
WARNING: [filemgmt 56-199] Attempt to get parsing info during refresh. "On-the-fly" syntax checking information may be incorrect. [/home/deepaung/Courses/hw-syn-lab-i/final-project/verilog/top.v:]
WARNING: [filemgmt 56-199] Attempt to get parsing info during refresh. "On-the-fly" syntax checking information may be incorrect. [/home/deepaung/Courses/hw-syn-lab-i/final-project/verilog/vga_controller.v:]
WARNING: [filemgmt 56-199] Attempt to get parsing info during refresh. "On-the-fly" syntax checking information may be incorrect. [/home/deepaung/Courses/hw-syn-lab-i/final-project/verilog/top.v:]
WARNING: [filemgmt 56-199] Attempt to get parsing info during refresh. "On-the-fly" syntax checking information may be incorrect. [/home/deepaung/Courses/hw-syn-lab-i/final-project/verilog/top.v:]
INFO: [IP_Flow 19-1686] Generating 'Simulation' target for IP 'blk_mem_gen_0'...
INFO: [IP_Flow 19-1686] Generating 'Miscellaneous' target for IP 'blk_mem_gen_0'...
INFO: [IP_Flow 19-1686] Generating 'Change Log' target for IP 'blk_mem_gen_0'...
catch { config_ip_cache -export [get_ips -all blk_mem_gen_0] }
export_ip_user_files -of_objects [get_files /home/deepaung/Courses/hw-syn-lab-i/final-project/vivado/vivado.srcs/sources_1/ip/blk_mem_gen_0/blk_mem_gen_0.xci] -no_script -sync -force -quiet
reset_run blk_mem_gen_0_synth_1
launch_runs blk_mem_gen_0_synth_1 -jobs 8
[Tue Apr 21 16:14:03 2026] Launched blk_mem_gen_0_synth_1...
Run output will be captured here: /home/deepaung/Courses/hw-syn-lab-i/final-project/vivado/vivado.runs/blk_mem_gen_0_synth_1/runme.log
export_simulation -lib_map_path [list {modelsim=/home/deepaung/Courses/hw-syn-lab-i/final-project/vivado/vivado.cache/compile_simlib/modelsim} {questa=/home/deepaung/Courses/hw-syn-lab-i/final-project/vivado/vivado.cache/compile_simlib/questa} {xcelium=/home/deepaung/Courses/hw-syn-lab-i/final-project/vivado/vivado.cache/compile_simlib/xcelium} {vcs=/home/deepaung/Courses/hw-syn-lab-i/final-project/vivado/vivado.cache/compile_simlib/vcs} {riviera=/home/deepaung/Courses/hw-syn-lab-i/final-project/vivado/vivado.cache/compile_simlib/riviera}] -of_objects [get_files /home/deepaung/Courses/hw-syn-lab-i/final-project/vivado/vivado.srcs/sources_1/ip/blk_mem_gen_0/blk_mem_gen_0.xci] -directory /home/deepaung/Courses/hw-syn-lab-i/final-project/vivado/vivado.ip_user_files/sim_scripts -ip_user_files_dir /home/deepaung/Courses/hw-syn-lab-i/final-project/vivado/vivado.ip_user_files -ipstatic_source_dir /home/deepaung/Courses/hw-syn-lab-i/final-project/vivado/vivado.ip_user_files/ipstatic -use_ip_compiled_libs -force -quiet
WARNING: [filemgmt 56-199] Attempt to get parsing info during refresh. "On-the-fly" syntax checking information may be incorrect. [/home/deepaung/Courses/hw-syn-lab-i/final-project/verilog/top.v:]
WARNING: [filemgmt 56-199] Attempt to get parsing info during refresh. "On-the-fly" syntax checking information may be incorrect. [/home/deepaung/Courses/hw-syn-lab-i/final-project/verilog/vga_controller.v:]
WARNING: [filemgmt 56-199] Attempt to get parsing info during refresh. "On-the-fly" syntax checking information may be incorrect. [/home/deepaung/Courses/hw-syn-lab-i/final-project/verilog/vga_controller.v:]
WARNING: [filemgmt 56-199] Attempt to get parsing info during refresh. "On-the-fly" syntax checking information may be incorrect. [/home/deepaung/Courses/hw-syn-lab-i/final-project/verilog/vga_controller.v:]
WARNING: [filemgmt 56-199] Attempt to get parsing info during refresh. "On-the-fly" syntax checking information may be incorrect. [/home/deepaung/Courses/hw-syn-lab-i/final-project/verilog/top.v:]
WARNING: [filemgmt 56-199] Attempt to get parsing info during refresh. "On-the-fly" syntax checking information may be incorrect. [/home/deepaung/Courses/hw-syn-lab-i/final-project/verilog/vga_controller.v:]
WARNING: [filemgmt 56-199] Attempt to get parsing info during refresh. "On-the-fly" syntax checking information may be incorrect. [/home/deepaung/Courses/hw-syn-lab-i/final-project/verilog/top.v:]
WARNING: [filemgmt 56-199] Attempt to get parsing info during refresh. "On-the-fly" syntax checking information may be incorrect. [/home/deepaung/Courses/hw-syn-lab-i/final-project/verilog/top.v:]
reset_run synth_1
INFO: [Project 1-1161] Replacing file /home/deepaung/Courses/hw-syn-lab-i/final-project/vivado/vivado.srcs/utils_1/imports/synth_1/vga_test.dcp with file /home/deepaung/Courses/hw-syn-lab-i/final-project/vivado/vivado.runs/synth_1/top.dcp
WARNING: [filemgmt 56-199] Attempt to get parsing info during refresh. "On-the-fly" syntax checking information may be incorrect. [/home/deepaung/Courses/hw-syn-lab-i/final-project/verilog/top.v:]
WARNING: [filemgmt 56-199] Attempt to get parsing info during refresh. "On-the-fly" syntax checking information may be incorrect. [/home/deepaung/Courses/hw-syn-lab-i/final-project/verilog/vga_controller.v:]
WARNING: [filemgmt 56-199] Attempt to get parsing info during refresh. "On-the-fly" syntax checking information may be incorrect. [/home/deepaung/Courses/hw-syn-lab-i/final-project/verilog/vga_controller.v:]
WARNING: [filemgmt 56-199] Attempt to get parsing info during refresh. "On-the-fly" syntax checking information may be incorrect. [/home/deepaung/Courses/hw-syn-lab-i/final-project/verilog/vga_controller.v:]
launch_runs impl_1 -to_step write_bitstream -jobs 8
[Tue Apr 21 16:14:49 2026] Launched blk_mem_gen_0_synth_1, synth_1...
Run output will be captured here:
blk_mem_gen_0_synth_1: /home/deepaung/Courses/hw-syn-lab-i/final-project/vivado/vivado.runs/blk_mem_gen_0_synth_1/runme.log
synth_1: /home/deepaung/Courses/hw-syn-lab-i/final-project/vivado/vivado.runs/synth_1/runme.log
[Tue Apr 21 16:14:50 2026] Launched impl_1...
Run output will be captured here: /home/deepaung/Courses/hw-syn-lab-i/final-project/vivado/vivado.runs/impl_1/runme.log
WARNING: [filemgmt 56-199] Attempt to get parsing info during refresh. "On-the-fly" syntax checking information may be incorrect. [/home/deepaung/Courses/hw-syn-lab-i/final-project/verilog/top.v:]
WARNING: [filemgmt 56-199] Attempt to get parsing info during refresh. "On-the-fly" syntax checking information may be incorrect. [/home/deepaung/Courses/hw-syn-lab-i/final-project/verilog/vga_controller.v:]
WARNING: [filemgmt 56-199] Attempt to get parsing info during refresh. "On-the-fly" syntax checking information may be incorrect. [/home/deepaung/Courses/hw-syn-lab-i/final-project/verilog/top.v:]
WARNING: [filemgmt 56-199] Attempt to get parsing info during refresh. "On-the-fly" syntax checking information may be incorrect. [/home/deepaung/Courses/hw-syn-lab-i/final-project/verilog/top.v:]
WARNING: [filemgmt 56-199] Attempt to get parsing info during refresh. "On-the-fly" syntax checking information may be incorrect. [/home/deepaung/Courses/hw-syn-lab-i/final-project/verilog/top.v:]
WARNING: [filemgmt 56-199] Attempt to get parsing info during refresh. "On-the-fly" syntax checking information may be incorrect. [/home/deepaung/Courses/hw-syn-lab-i/final-project/verilog/vga_controller.v:]
WARNING: [filemgmt 56-199] Attempt to get parsing info during refresh. "On-the-fly" syntax checking information may be incorrect. [/home/deepaung/Courses/hw-syn-lab-i/final-project/verilog/vga_controller.v:]
WARNING: [filemgmt 56-199] Attempt to get parsing info during refresh. "On-the-fly" syntax checking information may be incorrect. [/home/deepaung/Courses/hw-syn-lab-i/final-project/verilog/vga_controller.v:]
WARNING: [filemgmt 56-199] Attempt to get parsing info during refresh. "On-the-fly" syntax checking information may be incorrect. [/home/deepaung/Courses/hw-syn-lab-i/final-project/verilog/top.v:]
WARNING: [filemgmt 56-199] Attempt to get parsing info during refresh. "On-the-fly" syntax checking information may be incorrect. [/home/deepaung/Courses/hw-syn-lab-i/final-project/verilog/vga_controller.v:]
WARNING: [filemgmt 56-199] Attempt to get parsing info during refresh. "On-the-fly" syntax checking information may be incorrect. [/home/deepaung/Courses/hw-syn-lab-i/final-project/verilog/top.v:]
WARNING: [filemgmt 56-199] Attempt to get parsing info during refresh. "On-the-fly" syntax checking information may be incorrect. [/home/deepaung/Courses/hw-syn-lab-i/final-project/verilog/top.v:]
open_run impl_1
INFO: [Device 21-403] Loading part xc7a35tcpg236-1
Netlist sorting complete. Time (s): cpu = 00:00:00.01 ; elapsed = 00:00:00.01 . Memory (MB): peak = 14520.613 ; gain = 0.000 ; free physical = 3139 ; free virtual = 21400
INFO: [Netlist 29-17] Analyzing 86 Unisim elements for replacement
INFO: [Netlist 29-28] Unisim Transformation completed in 0 CPU seconds
INFO: [Project 1-479] Netlist was created with Vivado 2025.2
INFO: [Project 1-570] Preparing netlist for logic optimization
Read ShapeDB Complete: Time (s): cpu = 00:00:00.01 ; elapsed = 00:00:00 . Memory (MB): peak = 14520.613 ; gain = 0.000 ; free physical = 3062 ; free virtual = 21323
INFO: [Timing 38-478] Restoring timing data from binary archive.
INFO: [Timing 38-479] Binary timing data restore complete.
INFO: [Project 1-856] Restoring constraints from binary archive.
INFO: [Project 1-853] Binary constraint restore complete.
INFO: [Designutils 20-5722] Start Reading Physical Databases.
Reading placement.
Read Netlist Cache: Time (s): cpu = 00:00:00 ; elapsed = 00:00:00 . Memory (MB): peak = 15130.508 ; gain = 0.000 ; free physical = 2513 ; free virtual = 20774
Reading placer database...
Read Device Cache: Time (s): cpu = 00:00:00 ; elapsed = 00:00:00 . Memory (MB): peak = 15130.508 ; gain = 0.000 ; free physical = 2509 ; free virtual = 20770
Read PlaceDB: Time (s): cpu = 00:00:00 ; elapsed = 00:00:00 . Memory (MB): peak = 15130.508 ; gain = 0.000 ; free physical = 2509 ; free virtual = 20770
Read placeStorage: Time (s): cpu = 00:00:00.03 ; elapsed = 00:00:00.03 . Memory (MB): peak = 15130.508 ; gain = 0.000 ; free physical = 2509 ; free virtual = 20770
Read PulsedLatchDB: Time (s): cpu = 00:00:00 ; elapsed = 00:00:00 . Memory (MB): peak = 15130.508 ; gain = 0.000 ; free physical = 2509 ; free virtual = 20770
Reading routing.
Read RouteStorage: Time (s): cpu = 00:00:00.03 ; elapsed = 00:00:00.02 . Memory (MB): peak = 15130.508 ; gain = 0.000 ; free physical = 2509 ; free virtual = 20770
Read Physdb Files: Time (s): cpu = 00:00:00.07 ; elapsed = 00:00:00.06 . Memory (MB): peak = 15130.508 ; gain = 0.000 ; free physical = 2509 ; free virtual = 20770
Restored from archive | CPU: 0.070000 secs | Memory: 0.961884 MB |
Finished XDEF File Restore: Time (s): cpu = 00:00:00.07 ; elapsed = 00:00:00.06 . Memory (MB): peak = 15130.508 ; gain = 0.000 ; free physical = 2509 ; free virtual = 20770
Netlist sorting complete. Time (s): cpu = 00:00:00 ; elapsed = 00:00:00 . Memory (MB): peak = 15130.508 ; gain = 0.000 ; free physical = 2509 ; free virtual = 20770
INFO: [Project 1-111] Unisim Transformation Summary:
  A total of 1 instances were transformed.
  IOBUF => IOBUF (IBUF, OBUFT): 1 instance 

open_run: Time (s): cpu = 00:00:18 ; elapsed = 00:00:12 . Memory (MB): peak = 15453.625 ; gain = 933.012 ; free physical = 2171 ; free virtual = 20461
open_hw_manager
connect_hw_server -allow_non_jtag
INFO: [Labtools 27-2285] Connecting to hw_server url TCP:localhost:3121
INFO: [Labtools 27-2222] Launching hw_server...
INFO: [Labtools 27-2221] Launch Output:

****** Xilinx hw_server v2025.2
  **** Build date : Oct 28 2025 at 16:07:00
    ** Copyright 1986-2022 Xilinx, Inc. All Rights Reserved.


INFO: [Labtools 27-3415] Connecting to cs_server url TCP:localhost:0
INFO: [Labtools 27-3417] Launching cs_server...
INFO: [Labtools 27-2221] Launch Output:


******** Xilinx cs_server v2025.2.0
  ****** Build date   : Nov 14 2025-06:16:52
    **** Build number : 2025.2.1763075812
      ** Copyright 2017-2022 Xilinx, Inc. All Rights Reserved.
      ** Copyright 2022-2026 Advanced Micro Devices, Inc. All Rights Reserved.



open_hw_target
INFO: [Labtoolstcl 44-466] Opening hw_target localhost:3121/xilinx_tcf/Digilent/210183B81EE0A
set_property PROGRAM.FILE {/home/deepaung/Courses/hw-syn-lab-i/final-project/vivado/vivado.runs/impl_1/top.bit} [get_hw_devices xc7a35t_0]
current_hw_device [get_hw_devices xc7a35t_0]
refresh_hw_device -update_hw_probes false [lindex [get_hw_devices xc7a35t_0] 0]
INFO: [Labtools 27-1435] Device xc7a35t (JTAG device index = 0) is not programmed (DONE status = 0).
set_property PROBES.FILE {} [get_hw_devices xc7a35t_0]
set_property FULL_PROBES.FILE {} [get_hw_devices xc7a35t_0]
set_property PROGRAM.FILE {/home/deepaung/Courses/hw-syn-lab-i/final-project/vivado/vivado.runs/impl_1/top.bit} [get_hw_devices xc7a35t_0]
program_hw_devices [get_hw_devices xc7a35t_0]
INFO: [Labtools 27-3164] End of startup status: HIGH
refresh_hw_device [lindex [get_hw_devices xc7a35t_0] 0]
INFO: [Labtools 27-1434] Device xc7a35t (JTAG device index = 0) is programmed with a design that has no supported soft debug core(s) in it.
ERROR: [Labtoolstcl 44-513] HW Target shutdown. Closing target: localhost:3121/xilinx_tcf/Digilent/210183B81EE0A
INFO: [Labtoolstcl 44-466] Opening hw_target localhost:3121/xilinx_tcf/Digilent/210183B81EE0A
INFO: [Labtools 27-1435] Device xc7a35t (JTAG device index = 0) is not programmed (DONE status = 0).
WARNING: [Labtoolstcl 44-129] No matching hw_ila_data was found.
WARNING: [filemgmt 56-199] Attempt to get parsing info during refresh. "On-the-fly" syntax checking information may be incorrect. [/home/deepaung/Courses/hw-syn-lab-i/final-project/verilog/top.v:]
WARNING: [filemgmt 56-199] Attempt to get parsing info during refresh. "On-the-fly" syntax checking information may be incorrect. [/home/deepaung/Courses/hw-syn-lab-i/final-project/verilog/vga_controller.v:]
WARNING: [filemgmt 56-199] Attempt to get parsing info during refresh. "On-the-fly" syntax checking information may be incorrect. [/home/deepaung/Courses/hw-syn-lab-i/final-project/verilog/top.v:]
WARNING: [filemgmt 56-199] Attempt to get parsing info during refresh. "On-the-fly" syntax checking information may be incorrect. [/home/deepaung/Courses/hw-syn-lab-i/final-project/verilog/top.v:]
WARNING: [filemgmt 56-199] Attempt to get parsing info during refresh. "On-the-fly" syntax checking information may be incorrect. [/home/deepaung/Courses/hw-syn-lab-i/final-project/verilog/top.v:]
WARNING: [filemgmt 56-199] Attempt to get parsing info during refresh. "On-the-fly" syntax checking information may be incorrect. [/home/deepaung/Courses/hw-syn-lab-i/final-project/verilog/vga_controller.v:]
WARNING: [filemgmt 56-199] Attempt to get parsing info during refresh. "On-the-fly" syntax checking information may be incorrect. [/home/deepaung/Courses/hw-syn-lab-i/final-project/verilog/top.v:]
WARNING: [filemgmt 56-199] Attempt to get parsing info during refresh. "On-the-fly" syntax checking information may be incorrect. [/home/deepaung/Courses/hw-syn-lab-i/final-project/verilog/top.v:]
WARNING: [filemgmt 56-199] Attempt to get parsing info during refresh. "On-the-fly" syntax checking information may be incorrect. [/home/deepaung/Courses/hw-syn-lab-i/final-project/verilog/top.v:]
WARNING: [filemgmt 56-199] Attempt to get parsing info during refresh. "On-the-fly" syntax checking information may be incorrect. [/home/deepaung/Courses/hw-syn-lab-i/final-project/verilog/vga_controller.v:]
WARNING: [filemgmt 56-199] Attempt to get parsing info during refresh. "On-the-fly" syntax checking information may be incorrect. [/home/deepaung/Courses/hw-syn-lab-i/final-project/verilog/vga_controller.v:]
WARNING: [filemgmt 56-199] Attempt to get parsing info during refresh. "On-the-fly" syntax checking information may be incorrect. [/home/deepaung/Courses/hw-syn-lab-i/final-project/verilog/vga_controller.v:]
WARNING: [filemgmt 56-199] Attempt to get parsing info during refresh. "On-the-fly" syntax checking information may be incorrect. [/home/deepaung/Courses/hw-syn-lab-i/final-project/verilog/top.v:]
WARNING: [filemgmt 56-199] Attempt to get parsing info during refresh. "On-the-fly" syntax checking information may be incorrect. [/home/deepaung/Courses/hw-syn-lab-i/final-project/verilog/vga_controller.v:]
WARNING: [filemgmt 56-199] Attempt to get parsing info during refresh. "On-the-fly" syntax checking information may be incorrect. [/home/deepaung/Courses/hw-syn-lab-i/final-project/verilog/top.v:]
WARNING: [filemgmt 56-199] Attempt to get parsing info during refresh. "On-the-fly" syntax checking information may be incorrect. [/home/deepaung/Courses/hw-syn-lab-i/final-project/verilog/top.v:]
WARNING: [filemgmt 56-199] Attempt to get parsing info during refresh. "On-the-fly" syntax checking information may be incorrect. [/home/deepaung/Courses/hw-syn-lab-i/final-project/verilog/top.v:]
WARNING: [filemgmt 56-199] Attempt to get parsing info during refresh. "On-the-fly" syntax checking information may be incorrect. [/home/deepaung/Courses/hw-syn-lab-i/final-project/verilog/vga_controller.v:]
WARNING: [filemgmt 56-199] Attempt to get parsing info during refresh. "On-the-fly" syntax checking information may be incorrect. [/home/deepaung/Courses/hw-syn-lab-i/final-project/verilog/top.v:]
WARNING: [filemgmt 56-199] Attempt to get parsing info during refresh. "On-the-fly" syntax checking information may be incorrect. [/home/deepaung/Courses/hw-syn-lab-i/final-project/verilog/top.v:]
WARNING: [filemgmt 56-199] Attempt to get parsing info during refresh. "On-the-fly" syntax checking information may be incorrect. [/home/deepaung/Courses/hw-syn-lab-i/final-project/verilog/top.v:]
WARNING: [filemgmt 56-199] Attempt to get parsing info during refresh. "On-the-fly" syntax checking information may be incorrect. [/home/deepaung/Courses/hw-syn-lab-i/final-project/verilog/vga_controller.v:]
WARNING: [filemgmt 56-199] Attempt to get parsing info during refresh. "On-the-fly" syntax checking information may be incorrect. [/home/deepaung/Courses/hw-syn-lab-i/final-project/verilog/top.v:]
WARNING: [filemgmt 56-199] Attempt to get parsing info during refresh. "On-the-fly" syntax checking information may be incorrect. [/home/deepaung/Courses/hw-syn-lab-i/final-project/verilog/top.v:]
WARNING: [filemgmt 56-199] Attempt to get parsing info during refresh. "On-the-fly" syntax checking information may be incorrect. [/home/deepaung/Courses/hw-syn-lab-i/final-project/verilog/top.v:]
WARNING: [filemgmt 56-199] Attempt to get parsing info during refresh. "On-the-fly" syntax checking information may be incorrect. [/home/deepaung/Courses/hw-syn-lab-i/final-project/verilog/vga_controller.v:]
WARNING: [filemgmt 56-199] Attempt to get parsing info during refresh. "On-the-fly" syntax checking information may be incorrect. [/home/deepaung/Courses/hw-syn-lab-i/final-project/verilog/top.v:]
WARNING: [filemgmt 56-199] Attempt to get parsing info during refresh. "On-the-fly" syntax checking information may be incorrect. [/home/deepaung/Courses/hw-syn-lab-i/final-project/verilog/top.v:]
WARNING: [filemgmt 56-199] Attempt to get parsing info during refresh. "On-the-fly" syntax checking information may be incorrect. [/home/deepaung/Courses/hw-syn-lab-i/final-project/verilog/top.v:]
WARNING: [filemgmt 56-199] Attempt to get parsing info during refresh. "On-the-fly" syntax checking information may be incorrect. [/home/deepaung/Courses/hw-syn-lab-i/final-project/verilog/vga_controller.v:]
WARNING: [filemgmt 56-199] Attempt to get parsing info during refresh. "On-the-fly" syntax checking information may be incorrect. [/home/deepaung/Courses/hw-syn-lab-i/final-project/verilog/top.v:]
WARNING: [filemgmt 56-199] Attempt to get parsing info during refresh. "On-the-fly" syntax checking information may be incorrect. [/home/deepaung/Courses/hw-syn-lab-i/final-project/verilog/top.v:]
update_compile_order -fileset sources_1
WARNING: [filemgmt 56-199] Attempt to get parsing info during refresh. "On-the-fly" syntax checking information may be incorrect. [/home/deepaung/Courses/hw-syn-lab-i/final-project/verilog/top.v:]
WARNING: [filemgmt 56-199] Attempt to get parsing info during refresh. "On-the-fly" syntax checking information may be incorrect. [/home/deepaung/Courses/hw-syn-lab-i/final-project/verilog/vga_controller.v:]
WARNING: [filemgmt 56-199] Attempt to get parsing info during refresh. "On-the-fly" syntax checking information may be incorrect. [/home/deepaung/Courses/hw-syn-lab-i/final-project/verilog/top.v:]
WARNING: [filemgmt 56-199] Attempt to get parsing info during refresh. "On-the-fly" syntax checking information may be incorrect. [/home/deepaung/Courses/hw-syn-lab-i/final-project/verilog/top.v:]
WARNING: [filemgmt 56-199] Attempt to get parsing info during refresh. "On-the-fly" syntax checking information may be incorrect. [/home/deepaung/Courses/hw-syn-lab-i/final-project/verilog/top.v:]
WARNING: [filemgmt 56-199] Attempt to get parsing info during refresh. "On-the-fly" syntax checking information may be incorrect. [/home/deepaung/Courses/hw-syn-lab-i/final-project/verilog/vga_controller.v:]
WARNING: [filemgmt 56-199] Attempt to get parsing info during refresh. "On-the-fly" syntax checking information may be incorrect. [/home/deepaung/Courses/hw-syn-lab-i/final-project/verilog/vga_controller.v:]
WARNING: [filemgmt 56-199] Attempt to get parsing info during refresh. "On-the-fly" syntax checking information may be incorrect. [/home/deepaung/Courses/hw-syn-lab-i/final-project/verilog/vga_controller.v:]
WARNING: [filemgmt 56-199] Attempt to get parsing info during refresh. "On-the-fly" syntax checking information may be incorrect. [/home/deepaung/Courses/hw-syn-lab-i/final-project/verilog/top.v:]
WARNING: [filemgmt 56-199] Attempt to get parsing info during refresh. "On-the-fly" syntax checking information may be incorrect. [/home/deepaung/Courses/hw-syn-lab-i/final-project/verilog/vga_controller.v:]
WARNING: [filemgmt 56-199] Attempt to get parsing info during refresh. "On-the-fly" syntax checking information may be incorrect. [/home/deepaung/Courses/hw-syn-lab-i/final-project/verilog/vga_controller.v:]
WARNING: [filemgmt 56-199] Attempt to get parsing info during refresh. "On-the-fly" syntax checking information may be incorrect. [/home/deepaung/Courses/hw-syn-lab-i/final-project/verilog/vga_controller.v:]
WARNING: [filemgmt 56-199] Attempt to get parsing info during refresh. "On-the-fly" syntax checking information may be incorrect. [/home/deepaung/Courses/hw-syn-lab-i/final-project/verilog/top.v:]
WARNING: [filemgmt 56-199] Attempt to get parsing info during refresh. "On-the-fly" syntax checking information may be incorrect. [/home/deepaung/Courses/hw-syn-lab-i/final-project/verilog/vga_controller.v:]
WARNING: [filemgmt 56-199] Attempt to get parsing info during refresh. "On-the-fly" syntax checking information may be incorrect. [/home/deepaung/Courses/hw-syn-lab-i/final-project/verilog/top.v:]
WARNING: [filemgmt 56-199] Attempt to get parsing info during refresh. "On-the-fly" syntax checking information may be incorrect. [/home/deepaung/Courses/hw-syn-lab-i/final-project/verilog/top.v:]
WARNING: [filemgmt 56-199] Attempt to get parsing info during refresh. "On-the-fly" syntax checking information may be incorrect. [/home/deepaung/Courses/hw-syn-lab-i/final-project/verilog/top.v:]
WARNING: [filemgmt 56-199] Attempt to get parsing info during refresh. "On-the-fly" syntax checking information may be incorrect. [/home/deepaung/Courses/hw-syn-lab-i/final-project/verilog/vga_controller.v:]
WARNING: [filemgmt 56-199] Attempt to get parsing info during refresh. "On-the-fly" syntax checking information may be incorrect. [/home/deepaung/Courses/hw-syn-lab-i/final-project/verilog/top.v:]
WARNING: [filemgmt 56-199] Attempt to get parsing info during refresh. "On-the-fly" syntax checking information may be incorrect. [/home/deepaung/Courses/hw-syn-lab-i/final-project/verilog/top.v:]
WARNING: [filemgmt 56-199] Attempt to get parsing info during refresh. "On-the-fly" syntax checking information may be incorrect. [/home/deepaung/Courses/hw-syn-lab-i/final-project/verilog/top.v:]
WARNING: [filemgmt 56-199] Attempt to get parsing info during refresh. "On-the-fly" syntax checking information may be incorrect. [/home/deepaung/Courses/hw-syn-lab-i/final-project/verilog/vga_controller.v:]
WARNING: [filemgmt 56-199] Attempt to get parsing info during refresh. "On-the-fly" syntax checking information may be incorrect. [/home/deepaung/Courses/hw-syn-lab-i/final-project/verilog/top.v:]
WARNING: [filemgmt 56-199] Attempt to get parsing info during refresh. "On-the-fly" syntax checking information may be incorrect. [/home/deepaung/Courses/hw-syn-lab-i/final-project/verilog/top.v:]
ERROR: [Labtoolstcl 44-513] HW Target shutdown. Closing target: localhost:3121/xilinx_tcf/Digilent/210183B81EE0A
exit
INFO: [Common 17-206] Exiting Vivado at Tue Apr 21 16:26:03 2026...
