#-----------------------------------------------------------
# Vivado v2025.2 (64-bit)
# SW Build 6299465 on Fri Nov 14 12:34:56 MST 2025
# IP Build 6300035 on Fri Nov 14 10:48:45 MST 2025
# SharedData Build 6298862 on Thu Nov 13 04:50:51 MST 2025
# Start of session at: Wed Apr 22 12:31:23 2026
# Process ID         : 5014
# Current directory  : /home/deepaung/Courses/hw-syn-lab-i/final-project
# Command line       : vivado
# Log file           : /home/deepaung/Courses/hw-syn-lab-i/final-project/vivado.log
# Journal file       : /home/deepaung/Courses/hw-syn-lab-i/final-project/vivado.jou
# Running On         : archlinux
# Platform           : Arch
# Operating System   : Arch Linux
# Processor Detail   : 11th Gen Intel(R) Core(TM) i5-11300H @ 3.10GHz
# CPU Frequency      : 2859.454 MHz
# CPU Physical cores : 4
# CPU Logical cores  : 8
# Host memory        : 16440 MB
# Swap memory        : 16775 MB
# Total Virtual      : 33216 MB
# Available Virtual  : 29748 MB
#-----------------------------------------------------------
start_gui
WARNING: [Board 49-26] cannot add Board Part digilentinc.com:arty-s7-25:part0:1.1 available at /opt/Xilinx/2025.2/data/boards/board_files/arty-s7-25/E.0/board.xml as part xc7s25csga324-1 specified in board_part file is either invalid or not available
WARNING: [Board 49-26] cannot add Board Part digilentinc.com:arty-s7-50:part0:1.1 available at /opt/Xilinx/2025.2/data/boards/board_files/arty-s7-50/B.0/board.xml as part xc7s50csga324-1 specified in board_part file is either invalid or not available
WARNING: [Board 49-26] cannot add Board Part digilentinc.com:arty-z7-10:part0:1.1 available at /opt/Xilinx/2025.2/data/boards/board_files/arty-z7-10/A.0/board.xml as part xc7z010clg400-1 specified in board_part file is either invalid or not available
WARNING: [Board 49-26] cannot add Board Part digilentinc.com:arty-z7-20:part0:1.1 available at /opt/Xilinx/2025.2/data/boards/board_files/arty-z7-20/A.0/board.xml as part xc7z020clg400-1 specified in board_part file is either invalid or not available
WARNING: [Board 49-26] cannot add Board Part digilentinc.com:cmod-s7-25:part0:1.0 available at /opt/Xilinx/2025.2/data/boards/board_files/cmod-s7-25/B.0/board.xml as part xc7s25csga225-1 specified in board_part file is either invalid or not available
WARNING: [Board 49-26] cannot add Board Part digilentinc.com:cora-z7-07s:part0:1.1 available at /opt/Xilinx/2025.2/data/boards/board_files/cora-z7-07s/B.0/board.xml as part xc7z007sclg400-1 specified in board_part file is either invalid or not available
WARNING: [Board 49-26] cannot add Board Part digilentinc.com:cora-z7-10:part0:1.1 available at /opt/Xilinx/2025.2/data/boards/board_files/cora-z7-10/B.0/board.xml as part xc7z010clg400-1 specified in board_part file is either invalid or not available
WARNING: [Board 49-26] cannot add Board Part digilentinc.com:eclypse-z7:part0:1.0 available at /opt/Xilinx/2025.2/data/boards/board_files/eclypse-z7/A.0/board.xml as part xc7z020clg484-1 specified in board_part file is either invalid or not available
WARNING: [Board 49-26] cannot add Board Part digilentinc.com:eclypse-z7:part0:1.1 available at /opt/Xilinx/2025.2/data/boards/board_files/eclypse-z7/B.0/board.xml as part xc7z020clg484-1 specified in board_part file is either invalid or not available
WARNING: [Board 49-26] cannot add Board Part digilentinc.com:genesys2:part0:1.1 available at /opt/Xilinx/2025.2/data/boards/board_files/genesys2/H/board.xml as part xc7k325tffg900-2 specified in board_part file is either invalid or not available
WARNING: [Board 49-26] cannot add Board Part digilentinc.com:gzu_3eg:part0:1.0 available at /opt/Xilinx/2025.2/data/boards/board_files/genesys-zu-3eg/B.0/board.xml as part xczu3eg-sfvc784-1-e specified in board_part file is either invalid or not available
WARNING: [Board 49-26] cannot add Board Part digilentinc.com:gzu_3eg:part0:1.1 available at /opt/Xilinx/2025.2/data/boards/board_files/genesys-zu-3eg/D.0/board.xml as part xczu3eg-sfvc784-1-e specified in board_part file is either invalid or not available
WARNING: [Board 49-26] cannot add Board Part digilentinc.com:gzu_5ev:part0:1.1 available at /opt/Xilinx/2025.2/data/boards/board_files/genesys-zu-5ev/C.0/board.xml as part xczu5ev-sfvc784-1-e specified in board_part file is either invalid or not available
WARNING: [Board 49-26] cannot add Board Part digilentinc.com:sword:part0:1.0 available at /opt/Xilinx/2025.2/data/boards/board_files/sword/C.0/board.xml as part xc7k325tffg900-2 specified in board_part file is either invalid or not available
WARNING: [Board 49-26] cannot add Board Part digilentinc.com:zedboard:part0:1.1 available at /opt/Xilinx/2025.2/data/boards/board_files/zedboard/1.3/board.xml as part xc7z020clg484-1 specified in board_part file is either invalid or not available
WARNING: [Board 49-26] cannot add Board Part digilentinc.com:zybo-z7-10:part0:1.2 available at /opt/Xilinx/2025.2/data/boards/board_files/zybo-z7-10/A.0/board.xml as part xc7z010clg400-1 specified in board_part file is either invalid or not available
WARNING: [Board 49-26] cannot add Board Part digilentinc.com:zybo-z7-20:part0:1.2 available at /opt/Xilinx/2025.2/data/boards/board_files/zybo-z7-20/A.0/board.xml as part xc7z020clg400-1 specified in board_part file is either invalid or not available
WARNING: [Board 49-26] cannot add Board Part digilentinc.com:zybo:part0:1.0 available at /opt/Xilinx/2025.2/data/boards/board_files/zybo/B.3/board.xml as part xc7z010clg400-1 specified in board_part file is either invalid or not available
WARNING: [Board 49-26] cannot add Board Part digilentinc.com:zybo:part0:2.0 available at /opt/Xilinx/2025.2/data/boards/board_files/zybo/B.4/board.xml as part xc7z010clg400-1 specified in board_part file is either invalid or not available
WARNING: [Board 49-26] cannot add Board Part xilinx.com:emb-plus-vpr-4616:part0:1.0 available at /opt/Xilinx/2025.2/data/xhub/boards/XilinxBoardStore/boards/Xilinx/emb-plus-vpr-4616/1.0/board.xml as part xcve2302-sfva784-2mp-e-s specified in board_part file is either invalid or not available
WARNING: [Board 49-26] cannot add Board Part xilinx.com:emb-plus-vpr-4616:part0:1.1 available at /opt/Xilinx/2025.2/data/xhub/boards/XilinxBoardStore/boards/Xilinx/emb-plus-vpr-4616/1.1/board.xml as part xcve2302-sfva784-2mp-e-s specified in board_part file is either invalid or not available
WARNING: [Board 49-26] cannot add Board Part xilinx.com:k24c:part0:1.0 available at /opt/Xilinx/2025.2/data/xhub/boards/XilinxBoardStore/boards/Xilinx/k24c/1.0/board.xml as part xck24-ubva530-2lv-c specified in board_part file is either invalid or not available
WARNING: [Board 49-26] cannot add Board Part xilinx.com:k24c:part0:1.1 available at /opt/Xilinx/2025.2/data/xhub/boards/XilinxBoardStore/boards/Xilinx/k24c/1.1/board.xml as part xck24-ubva530-2lv-c specified in board_part file is either invalid or not available
WARNING: [Board 49-26] cannot add Board Part xilinx.com:k24i:part0:1.0 available at /opt/Xilinx/2025.2/data/xhub/boards/XilinxBoardStore/boards/Xilinx/k24i/1.0/board.xml as part xck24-ubva530-2lvi-i specified in board_part file is either invalid or not available
WARNING: [Board 49-26] cannot add Board Part xilinx.com:k26c:part0:1.2 available at /opt/Xilinx/2025.2/data/xhub/boards/XilinxBoardStore/boards/Xilinx/k26c/1.2/board.xml as part xck26-sfvc784-2lv-c specified in board_part file is either invalid or not available
WARNING: [Board 49-26] cannot add Board Part xilinx.com:k26c:part0:1.3 available at /opt/Xilinx/2025.2/data/xhub/boards/XilinxBoardStore/boards/Xilinx/k26c/1.3/board.xml as part xck26-sfvc784-2lv-c specified in board_part file is either invalid or not available
WARNING: [Board 49-26] cannot add Board Part xilinx.com:k26c:part0:1.4 available at /opt/Xilinx/2025.2/data/xhub/boards/XilinxBoardStore/boards/Xilinx/k26c/1.4/board.xml as part xck26-sfvc784-2lv-c specified in board_part file is either invalid or not available
WARNING: [Board 49-26] cannot add Board Part xilinx.com:k26i:part0:1.2 available at /opt/Xilinx/2025.2/data/xhub/boards/XilinxBoardStore/boards/Xilinx/k26i/1.2/board.xml as part xck26-sfvc784-2lvi-i specified in board_part file is either invalid or not available
WARNING: [Board 49-26] cannot add Board Part xilinx.com:k26i:part0:1.3 available at /opt/Xilinx/2025.2/data/xhub/boards/XilinxBoardStore/boards/Xilinx/k26i/1.3/board.xml as part xck26-sfvc784-2lvi-i specified in board_part file is either invalid or not available
WARNING: [Board 49-26] cannot add Board Part xilinx.com:k26i:part0:1.4 available at /opt/Xilinx/2025.2/data/xhub/boards/XilinxBoardStore/boards/Xilinx/k26i/1.4/board.xml as part xck26-sfvc784-2lvi-i specified in board_part file is either invalid or not available
WARNING: [Board 49-26] cannot add Board Part xilinx.com:kc705:part0:1.6 available at /opt/Xilinx/2025.2/data/xhub/boards/XilinxBoardStore/boards/Xilinx/kc705/1.6/board.xml as part xc7k325tffg900-2 specified in board_part file is either invalid or not available
WARNING: [Board 49-26] cannot add Board Part xilinx.com:kc705:part0:1.7 available at /opt/Xilinx/2025.2/data/xhub/boards/XilinxBoardStore/boards/Xilinx/kc705/1.7/board.xml as part xc7k325tffg900-2 specified in board_part file is either invalid or not available
WARNING: [Board 49-26] cannot add Board Part xilinx.com:kcu105:part0:1.6 available at /opt/Xilinx/2025.2/data/xhub/boards/XilinxBoardStore/boards/Xilinx/kcu105/1.6/board.xml as part xcku040-ffva1156-2-e specified in board_part file is either invalid or not available
WARNING: [Board 49-26] cannot add Board Part xilinx.com:kcu105:part0:1.7 available at /opt/Xilinx/2025.2/data/xhub/boards/XilinxBoardStore/boards/Xilinx/kcu105/1.7/board.xml as part xcku040-ffva1156-2-e specified in board_part file is either invalid or not available
WARNING: [Board 49-26] cannot add Board Part xilinx.com:kcu116:part0:1.4 available at /opt/Xilinx/2025.2/data/xhub/boards/XilinxBoardStore/boards/Xilinx/kcu116/1.4/board.xml as part xcku5p-ffvb676-2-e specified in board_part file is either invalid or not available
WARNING: [Board 49-26] cannot add Board Part xilinx.com:kcu116:part0:1.5 available at /opt/Xilinx/2025.2/data/xhub/boards/XilinxBoardStore/boards/Xilinx/kcu116/1.5/board.xml as part xcku5p-ffvb676-2-e specified in board_part file is either invalid or not available
WARNING: [Board 49-26] cannot add Board Part xilinx.com:kcu1500:part0:1.2 available at /opt/Xilinx/2025.2/data/xhub/boards/XilinxBoardStore/boards/Xilinx/kcu1500/1.2/board.xml as part xcku115-flvb2104-2-e specified in board_part file is either invalid or not available
WARNING: [Board 49-26] cannot add Board Part xilinx.com:kd240_som:part0:1.0 available at /opt/Xilinx/2025.2/data/xhub/boards/XilinxBoardStore/boards/Xilinx/kd240_som/1.0/board.xml as part xck24-ubva530-2lv-c specified in board_part file is either invalid or not available
WARNING: [Board 49-26] cannot add Board Part xilinx.com:kd240_som:part0:1.1 available at /opt/Xilinx/2025.2/data/xhub/boards/XilinxBoardStore/boards/Xilinx/kd240_som/1.1/board.xml as part xck24-ubva530-2lv-c specified in board_part file is either invalid or not available
WARNING: [Board 49-26] cannot add Board Part xilinx.com:kr260_som:part0:1.0 available at /opt/Xilinx/2025.2/data/xhub/boards/XilinxBoardStore/boards/Xilinx/kr260_som/1.0/board.xml as part xck26-sfvc784-2lv-c specified in board_part file is either invalid or not available
WARNING: [Board 49-26] cannot add Board Part xilinx.com:kr260_som:part0:1.1 available at /opt/Xilinx/2025.2/data/xhub/boards/XilinxBoardStore/boards/Xilinx/kr260_som/1.1/board.xml as part xck26-sfvc784-2lv-c specified in board_part file is either invalid or not available
WARNING: [Board 49-26] cannot add Board Part xilinx.com:kv260_som:part0:1.2 available at /opt/Xilinx/2025.2/data/xhub/boards/XilinxBoardStore/boards/Xilinx/kv260_som/1.2/board.xml as part xck26-sfvc784-2lv-c specified in board_part file is either invalid or not available
WARNING: [Board 49-26] cannot add Board Part xilinx.com:kv260_som:part0:1.3 available at /opt/Xilinx/2025.2/data/xhub/boards/XilinxBoardStore/boards/Xilinx/kv260_som/1.3/board.xml as part xck26-sfvc784-2lv-c specified in board_part file is either invalid or not available
WARNING: [Board 49-26] cannot add Board Part xilinx.com:kv260_som:part0:1.4 available at /opt/Xilinx/2025.2/data/xhub/boards/XilinxBoardStore/boards/Xilinx/kv260_som/1.4/board.xml as part xck26-sfvc784-2lv-c specified in board_part file is either invalid or not available
WARNING: [Board 49-26] cannot add Board Part xilinx.com:scu35:part0:1.0 available at /opt/Xilinx/2025.2/data/xhub/boards/XilinxBoardStore/boards/Xilinx/scu35/1.0/board.xml as part xcsu35p-sbvb625-2-e specified in board_part file is either invalid or not available
WARNING: [Board 49-26] cannot add Board Part xilinx.com:sp701:part0:1.0 available at /opt/Xilinx/2025.2/data/xhub/boards/XilinxBoardStore/boards/Xilinx/sp701/1.0/board.xml as part xc7s100fgga676-2 specified in board_part file is either invalid or not available
WARNING: [Board 49-26] cannot add Board Part xilinx.com:sp701:part0:1.1 available at /opt/Xilinx/2025.2/data/xhub/boards/XilinxBoardStore/boards/Xilinx/sp701/1.1/board.xml as part xc7s100fgga676-2 specified in board_part file is either invalid or not available
WARNING: [Board 49-26] cannot add Board Part xilinx.com:v80:part0:1.0 available at /opt/Xilinx/2025.2/data/xhub/boards/XilinxBoardStore/boards/Xilinx/v80/1.0/board.xml as part xcv80-lsva4737-2mhp-e-s specified in board_part file is either invalid or not available
WARNING: [Board 49-26] cannot add Board Part xilinx.com:vc707:part0:1.4 available at /opt/Xilinx/2025.2/data/xhub/boards/XilinxBoardStore/boards/Xilinx/vc707/1.4/board.xml as part xc7vx485tffg1761-2 specified in board_part file is either invalid or not available
WARNING: [Board 49-26] cannot add Board Part xilinx.com:vc707:part0:1.5 available at /opt/Xilinx/2025.2/data/xhub/boards/XilinxBoardStore/boards/Xilinx/vc707/1.5/board.xml as part xc7vx485tffg1761-2 specified in board_part file is either invalid or not available
WARNING: [Board 49-26] cannot add Board Part xilinx.com:vc709:part0:1.8 available at /opt/Xilinx/2025.2/data/xhub/boards/XilinxBoardStore/boards/Xilinx/vc709/1.8/board.xml as part xc7vx690tffg1761-2 specified in board_part file is either invalid or not available
WARNING: [Board 49-26] cannot add Board Part xilinx.com:vck190:part0:2.2 available at /opt/Xilinx/2025.2/data/xhub/boards/XilinxBoardStore/boards/Xilinx/vck190/production/2.2/board.xml as part xcvc1902-vsva2197-2mp-e-s specified in board_part file is either invalid or not available
WARNING: [Board 49-26] cannot add Board Part xilinx.com:vck190:part0:3.0 available at /opt/Xilinx/2025.2/data/xhub/boards/XilinxBoardStore/boards/Xilinx/vck190/production/3.0/board.xml as part xcvc1902-vsva2197-2mp-e-s specified in board_part file is either invalid or not available
WARNING: [Board 49-26] cannot add Board Part xilinx.com:vck190:part0:3.1 available at /opt/Xilinx/2025.2/data/xhub/boards/XilinxBoardStore/boards/Xilinx/vck190/production/3.1/board.xml as part xcvc1902-vsva2197-2mp-e-s specified in board_part file is either invalid or not available
WARNING: [Board 49-26] cannot add Board Part xilinx.com:vck190:part0:3.2 available at /opt/Xilinx/2025.2/data/xhub/boards/XilinxBoardStore/boards/Xilinx/vck190/production/3.2/board.xml as part xcvc1902-vsva2197-2mp-e-s specified in board_part file is either invalid or not available
WARNING: [Board 49-26] cannot add Board Part xilinx.com:vck190:part0:3.3 available at /opt/Xilinx/2025.2/data/xhub/boards/XilinxBoardStore/boards/Xilinx/vck190/production/3.3/board.xml as part xcvc1902-vsva2197-2mp-e-s specified in board_part file is either invalid or not available
WARNING: [Board 49-26] cannot add Board Part xilinx.com:vck190:part0:3.4 available at /opt/Xilinx/2025.2/data/xhub/boards/XilinxBoardStore/boards/Xilinx/vck190/production/3.4/board.xml as part xcvc1902-vsva2197-2mp-e-s specified in board_part file is either invalid or not available
WARNING: [Board 49-26] cannot add Board Part xilinx.com:vck190_newl:part0:1.0 available at /opt/Xilinx/2025.2/data/xhub/boards/XilinxBoardStore/boards/Xilinx/vck190_newl/production/1.0/board.xml as part xcvc1902-vsva2197-2mp-e-s specified in board_part file is either invalid or not available
WARNING: [Board 49-26] cannot add Board Part xilinx.com:vck190_newl:part0:1.1 available at /opt/Xilinx/2025.2/data/xhub/boards/XilinxBoardStore/boards/Xilinx/vck190_newl/production/1.1/board.xml as part xcvc1902-vsva2197-2mp-e-s specified in board_part file is either invalid or not available
WARNING: [Board 49-26] cannot add Board Part xilinx.com:vck190_newl:part0:1.2 available at /opt/Xilinx/2025.2/data/xhub/boards/XilinxBoardStore/boards/Xilinx/vck190_newl/production/1.2/board.xml as part xcvc1902-vsva2197-2mp-e-s specified in board_part file is either invalid or not available
WARNING: [Board 49-26] cannot add Board Part xilinx.com:vck190_newl:part0:1.3 available at /opt/Xilinx/2025.2/data/xhub/boards/XilinxBoardStore/boards/Xilinx/vck190_newl/production/1.3/board.xml as part xcvc1902-vsva2197-2mp-e-s specified in board_part file is either invalid or not available
WARNING: [Board 49-26] cannot add Board Part xilinx.com:vcu108:part0:1.6 available at /opt/Xilinx/2025.2/data/xhub/boards/XilinxBoardStore/boards/Xilinx/vcu108/1.6/board.xml as part xcvu095-ffva2104-2-e specified in board_part file is either invalid or not available
WARNING: [Board 49-26] cannot add Board Part xilinx.com:vcu108:part0:1.7 available at /opt/Xilinx/2025.2/data/xhub/boards/XilinxBoardStore/boards/Xilinx/vcu108/1.7/board.xml as part xcvu095-ffva2104-2-e specified in board_part file is either invalid or not available
WARNING: [Board 49-26] cannot add Board Part xilinx.com:vcu110:part0:1.4 available at /opt/Xilinx/2025.2/data/xhub/boards/XilinxBoardStore/boards/Xilinx/vcu110/1.4/board.xml as part xcvu190-flgc2104-2-e specified in board_part file is either invalid or not available
WARNING: [Board 49-26] cannot add Board Part xilinx.com:vcu118:part0:2.0 available at /opt/Xilinx/2025.2/data/xhub/boards/XilinxBoardStore/boards/Xilinx/vcu118/2.0/board.xml as part xcvu9p-flga2104-2l-e specified in board_part file is either invalid or not available
WARNING: [Board 49-26] cannot add Board Part xilinx.com:vcu118:part0:2.3 available at /opt/Xilinx/2025.2/data/xhub/boards/XilinxBoardStore/boards/Xilinx/vcu118/2.3/board.xml as part xcvu9p-flga2104-2l-e specified in board_part file is either invalid or not available
WARNING: [Board 49-26] cannot add Board Part xilinx.com:vcu118:part0:2.4 available at /opt/Xilinx/2025.2/data/xhub/boards/XilinxBoardStore/boards/Xilinx/vcu118/2.4/board.xml as part xcvu9p-flga2104-2l-e specified in board_part file is either invalid or not available
WARNING: [Board 49-26] cannot add Board Part xilinx.com:vcu128:part0:1.0 available at /opt/Xilinx/2025.2/data/xhub/boards/XilinxBoardStore/boards/Xilinx/vcu128/production/1.0/board.xml as part xcvu37p-fsvh2892-2l-e specified in board_part file is either invalid or not available
WARNING: [Board 49-26] cannot add Board Part xilinx.com:vcu129:part0:1.0 available at /opt/Xilinx/2025.2/data/xhub/boards/XilinxBoardStore/boards/Xilinx/vcu129/production/1.0/board.xml as part xcvu29p-fsga2577-2l-e specified in board_part file is either invalid or not available
WARNING: [Board 49-26] cannot add Board Part xilinx.com:vcu1525:part0:1.3 available at /opt/Xilinx/2025.2/data/xhub/boards/XilinxBoardStore/boards/Xilinx/vcu1525/1.3/board.xml as part xcvu9p-fsgd2104-2l-e specified in board_part file is either invalid or not available
WARNING: [Board 49-26] cannot add Board Part xilinx.com:vek280:part0:1.0 available at /opt/Xilinx/2025.2/data/xhub/boards/XilinxBoardStore/boards/Xilinx/vek280/production/1.0/board.xml as part xcve2802-vsvh1760-2mp-e-s specified in board_part file is either invalid or not available
WARNING: [Board 49-26] cannot add Board Part xilinx.com:vek280:part0:1.1 available at /opt/Xilinx/2025.2/data/xhub/boards/XilinxBoardStore/boards/Xilinx/vek280/production/1.1/board.xml as part xcve2802-vsvh1760-2mp-e-s specified in board_part file is either invalid or not available
WARNING: [Board 49-26] cannot add Board Part xilinx.com:vek280:part0:1.2 available at /opt/Xilinx/2025.2/data/xhub/boards/XilinxBoardStore/boards/Xilinx/vek280/production/1.2/board.xml as part xcve2802-vsvh1760-2mp-e-s specified in board_part file is either invalid or not available
WARNING: [Board 49-26] cannot add Board Part xilinx.com:vek385:part0:1.0 available at /opt/Xilinx/2025.2/data/xhub/boards/XilinxBoardStore/boards/Xilinx/vek385/1.0/board.xml as part xc2ve3858-ssva2112-2mp-e-s specified in board_part file is either invalid or not available
WARNING: [Board 49-26] cannot add Board Part xilinx.com:vek385:part0:1.1 available at /opt/Xilinx/2025.2/data/xhub/boards/XilinxBoardStore/boards/Xilinx/vek385/1.1/board.xml as part xc2ve3858-ssva2112-2mp-e-s specified in board_part file is either invalid or not available
WARNING: [Board 49-26] cannot add Board Part xilinx.com:vek385_1:part0:1.0 available at /opt/Xilinx/2025.2/data/xhub/boards/XilinxBoardStore/boards/Xilinx/vek385_2/1.0/board.xml as part xc2ve3858-ssva2112-2mp-e-s specified in board_part file is either invalid or not available
WARNING: [Board 49-26] cannot add Board Part xilinx.com:vermeo_t1_mpsoc:part0:1.0 available at /opt/Xilinx/2025.2/data/xhub/boards/XilinxBoardStore/boards/Xilinx/vermeo_t1_mpsoc/1.0/board.xml as part xczu19eg-ffvd1760-2l-e specified in board_part file is either invalid or not available
WARNING: [Board 49-26] cannot add Board Part xilinx.com:vermeo_t1_rfsoc:part0:1.0 available at /opt/Xilinx/2025.2/data/xhub/boards/XilinxBoardStore/boards/Xilinx/vermeo_t1_rfsoc/1.0/board.xml as part xczu21dr-ffvd1156-2l-e specified in board_part file is either invalid or not available
WARNING: [Board 49-26] cannot add Board Part xilinx.com:vhk158:part0:1.0 available at /opt/Xilinx/2025.2/data/xhub/boards/XilinxBoardStore/boards/Xilinx/vhk158/production/1.0/board.xml as part xcvh1582-vsva3697-2mp-e-s specified in board_part file is either invalid or not available
WARNING: [Board 49-26] cannot add Board Part xilinx.com:vhk158:part0:1.1 available at /opt/Xilinx/2025.2/data/xhub/boards/XilinxBoardStore/boards/Xilinx/vhk158/production/1.1/board.xml as part xcvh1582-vsva3697-2mp-e-s specified in board_part file is either invalid or not available
WARNING: [Board 49-26] cannot add Board Part xilinx.com:vhk158:part0:1.2 available at /opt/Xilinx/2025.2/data/xhub/boards/XilinxBoardStore/boards/Xilinx/vhk158/production/1.2/board.xml as part xcvh1582-vsva3697-2mp-e-s specified in board_part file is either invalid or not available
WARNING: [Board 49-26] cannot add Board Part xilinx.com:vmk180:part0:2.2 available at /opt/Xilinx/2025.2/data/xhub/boards/XilinxBoardStore/boards/Xilinx/vmk180/production/2.2/board.xml as part xcvm1802-vsva2197-2mp-e-s specified in board_part file is either invalid or not available
WARNING: [Board 49-26] cannot add Board Part xilinx.com:vmk180:part0:3.0 available at /opt/Xilinx/2025.2/data/xhub/boards/XilinxBoardStore/boards/Xilinx/vmk180/production/3.0/board.xml as part xcvm1802-vsva2197-2mp-e-s specified in board_part file is either invalid or not available
WARNING: [Board 49-26] cannot add Board Part xilinx.com:vmk180:part0:3.1 available at /opt/Xilinx/2025.2/data/xhub/boards/XilinxBoardStore/boards/Xilinx/vmk180/production/3.1/board.xml as part xcvm1802-vsva2197-2mp-e-s specified in board_part file is either invalid or not available
WARNING: [Board 49-26] cannot add Board Part xilinx.com:vmk180:part0:3.2 available at /opt/Xilinx/2025.2/data/xhub/boards/XilinxBoardStore/boards/Xilinx/vmk180/production/3.2/board.xml as part xcvm1802-vsva2197-2mp-e-s specified in board_part file is either invalid or not available
WARNING: [Board 49-26] cannot add Board Part xilinx.com:vmk180:part0:3.3 available at /opt/Xilinx/2025.2/data/xhub/boards/XilinxBoardStore/boards/Xilinx/vmk180/production/3.3/board.xml as part xcvm1802-vsva2197-2mp-e-s specified in board_part file is either invalid or not available
WARNING: [Board 49-26] cannot add Board Part xilinx.com:vmk180_newl:part0:1.0 available at /opt/Xilinx/2025.2/data/xhub/boards/XilinxBoardStore/boards/Xilinx/vmk180_newl/production/1.0/board.xml as part xcvm1802-vsva2197-2mp-e-s specified in board_part file is either invalid or not available
WARNING: [Board 49-26] cannot add Board Part xilinx.com:vmk180_newl:part0:1.1 available at /opt/Xilinx/2025.2/data/xhub/boards/XilinxBoardStore/boards/Xilinx/vmk180_newl/production/1.1/board.xml as part xcvm1802-vsva2197-2mp-e-s specified in board_part file is either invalid or not available
WARNING: [Board 49-26] cannot add Board Part xilinx.com:vpk120:part0:1.0 available at /opt/Xilinx/2025.2/data/xhub/boards/XilinxBoardStore/boards/Xilinx/vpk120/production/1.0/board.xml as part xcvp1202-vsva2785-2mp-e-s specified in board_part file is either invalid or not available
WARNING: [Board 49-26] cannot add Board Part xilinx.com:vpk120:part0:1.1 available at /opt/Xilinx/2025.2/data/xhub/boards/XilinxBoardStore/boards/Xilinx/vpk120/production/1.1/board.xml as part xcvp1202-vsva2785-2mp-e-s specified in board_part file is either invalid or not available
WARNING: [Board 49-26] cannot add Board Part xilinx.com:vpk120:part0:1.2 available at /opt/Xilinx/2025.2/data/xhub/boards/XilinxBoardStore/boards/Xilinx/vpk120/production/1.2/board.xml as part xcvp1202-vsva2785-2mp-e-s specified in board_part file is either invalid or not available
WARNING: [Board 49-26] cannot add Board Part xilinx.com:vpk180:part0:1.0 available at /opt/Xilinx/2025.2/data/xhub/boards/XilinxBoardStore/boards/Xilinx/vpk180/production/1.0/board.xml as part xcvp1802-lsvc4072-2mp-e-s specified in board_part file is either invalid or not available
WARNING: [Board 49-26] cannot add Board Part xilinx.com:vpk180:part0:1.1 available at /opt/Xilinx/2025.2/data/xhub/boards/XilinxBoardStore/boards/Xilinx/vpk180/production/1.1/board.xml as part xcvp1802-lsvc4072-2mp-e-s specified in board_part file is either invalid or not available
WARNING: [Board 49-26] cannot add Board Part xilinx.com:vpk180:part0:1.2 available at /opt/Xilinx/2025.2/data/xhub/boards/XilinxBoardStore/boards/Xilinx/vpk180/production/1.2/board.xml as part xcvp1802-lsvc4072-2mp-e-s specified in board_part file is either invalid or not available
WARNING: [Board 49-26] cannot add Board Part xilinx.com:vrk160:part0:1.0 available at /opt/Xilinx/2025.2/data/xhub/boards/XilinxBoardStore/boards/Xilinx/vrk160/1.0/board.xml as part xcvr1602-vsva2488-2mp-e-s-es1 specified in board_part file is either invalid or not available
WARNING: [Board 49-26] cannot add Board Part xilinx.com:vrk160:part0:1.1 available at /opt/Xilinx/2025.2/data/xhub/boards/XilinxBoardStore/boards/Xilinx/vrk160/1.1/board.xml as part xcvr1602-vsva2488-2mp-e-s-es1 specified in board_part file is either invalid or not available
WARNING: [Board 49-26] cannot add Board Part xilinx.com:zc702:part0:1.4 available at /opt/Xilinx/2025.2/data/xhub/boards/XilinxBoardStore/boards/Xilinx/zc702/1.4/board.xml as part xc7z020clg484-1 specified in board_part file is either invalid or not available
WARNING: [Board 49-26] cannot add Board Part xilinx.com:zc706:part0:1.4 available at /opt/Xilinx/2025.2/data/xhub/boards/XilinxBoardStore/boards/Xilinx/zc706/1.4/board.xml as part xc7z045ffg900-2 specified in board_part file is either invalid or not available
WARNING: [Board 49-26] cannot add Board Part xilinx.com:zc706:part0:1.5 available at /opt/Xilinx/2025.2/data/xhub/boards/XilinxBoardStore/boards/Xilinx/zc706/1.5/board.xml as part xc7z045ffg900-2 specified in board_part file is either invalid or not available
WARNING: [Board 49-26] cannot add Board Part xilinx.com:zcu102:part0:3.3 available at /opt/Xilinx/2025.2/data/xhub/boards/XilinxBoardStore/boards/Xilinx/zcu102/3.3/board.xml as part xczu9eg-ffvb1156-2-e specified in board_part file is either invalid or not available
INFO: [Common 17-14] Message 'Board 49-26' appears 100 times and further instances of the messages will be disabled. Use the Tcl command set_msg_config to change the current settings.
open_project /home/deepaung/Courses/hw-syn-lab-i/final-project/vivado/vivado.xpr
Scanning sources...
Finished scanning sources
WARNING: [Board 49-26] cannot add Board Part digilentinc.com:arty-s7-25:part0:1.1 available at /opt/Xilinx/2025.2/data/boards/board_files/arty-s7-25/E.0/board.xml as part xc7s25csga324-1 specified in board_part file is either invalid or not available
WARNING: [Board 49-26] cannot add Board Part digilentinc.com:arty-s7-50:part0:1.1 available at /opt/Xilinx/2025.2/data/boards/board_files/arty-s7-50/B.0/board.xml as part xc7s50csga324-1 specified in board_part file is either invalid or not available
WARNING: [Board 49-26] cannot add Board Part digilentinc.com:arty-z7-10:part0:1.1 available at /opt/Xilinx/2025.2/data/boards/board_files/arty-z7-10/A.0/board.xml as part xc7z010clg400-1 specified in board_part file is either invalid or not available
WARNING: [Board 49-26] cannot add Board Part digilentinc.com:arty-z7-20:part0:1.1 available at /opt/Xilinx/2025.2/data/boards/board_files/arty-z7-20/A.0/board.xml as part xc7z020clg400-1 specified in board_part file is either invalid or not available
WARNING: [Board 49-26] cannot add Board Part digilentinc.com:cmod-s7-25:part0:1.0 available at /opt/Xilinx/2025.2/data/boards/board_files/cmod-s7-25/B.0/board.xml as part xc7s25csga225-1 specified in board_part file is either invalid or not available
WARNING: [Board 49-26] cannot add Board Part digilentinc.com:cora-z7-07s:part0:1.1 available at /opt/Xilinx/2025.2/data/boards/board_files/cora-z7-07s/B.0/board.xml as part xc7z007sclg400-1 specified in board_part file is either invalid or not available
WARNING: [Board 49-26] cannot add Board Part digilentinc.com:cora-z7-10:part0:1.1 available at /opt/Xilinx/2025.2/data/boards/board_files/cora-z7-10/B.0/board.xml as part xc7z010clg400-1 specified in board_part file is either invalid or not available
WARNING: [Board 49-26] cannot add Board Part digilentinc.com:eclypse-z7:part0:1.0 available at /opt/Xilinx/2025.2/data/boards/board_files/eclypse-z7/A.0/board.xml as part xc7z020clg484-1 specified in board_part file is either invalid or not available
WARNING: [Board 49-26] cannot add Board Part digilentinc.com:eclypse-z7:part0:1.1 available at /opt/Xilinx/2025.2/data/boards/board_files/eclypse-z7/B.0/board.xml as part xc7z020clg484-1 specified in board_part file is either invalid or not available
WARNING: [Board 49-26] cannot add Board Part digilentinc.com:genesys2:part0:1.1 available at /opt/Xilinx/2025.2/data/boards/board_files/genesys2/H/board.xml as part xc7k325tffg900-2 specified in board_part file is either invalid or not available
WARNING: [Board 49-26] cannot add Board Part digilentinc.com:gzu_3eg:part0:1.0 available at /opt/Xilinx/2025.2/data/boards/board_files/genesys-zu-3eg/B.0/board.xml as part xczu3eg-sfvc784-1-e specified in board_part file is either invalid or not available
WARNING: [Board 49-26] cannot add Board Part digilentinc.com:gzu_3eg:part0:1.1 available at /opt/Xilinx/2025.2/data/boards/board_files/genesys-zu-3eg/D.0/board.xml as part xczu3eg-sfvc784-1-e specified in board_part file is either invalid or not available
WARNING: [Board 49-26] cannot add Board Part digilentinc.com:gzu_5ev:part0:1.1 available at /opt/Xilinx/2025.2/data/boards/board_files/genesys-zu-5ev/C.0/board.xml as part xczu5ev-sfvc784-1-e specified in board_part file is either invalid or not available
WARNING: [Board 49-26] cannot add Board Part digilentinc.com:sword:part0:1.0 available at /opt/Xilinx/2025.2/data/boards/board_files/sword/C.0/board.xml as part xc7k325tffg900-2 specified in board_part file is either invalid or not available
WARNING: [Board 49-26] cannot add Board Part digilentinc.com:zedboard:part0:1.1 available at /opt/Xilinx/2025.2/data/boards/board_files/zedboard/1.3/board.xml as part xc7z020clg484-1 specified in board_part file is either invalid or not available
WARNING: [Board 49-26] cannot add Board Part digilentinc.com:zybo-z7-10:part0:1.2 available at /opt/Xilinx/2025.2/data/boards/board_files/zybo-z7-10/A.0/board.xml as part xc7z010clg400-1 specified in board_part file is either invalid or not available
WARNING: [Board 49-26] cannot add Board Part digilentinc.com:zybo-z7-20:part0:1.2 available at /opt/Xilinx/2025.2/data/boards/board_files/zybo-z7-20/A.0/board.xml as part xc7z020clg400-1 specified in board_part file is either invalid or not available
WARNING: [Board 49-26] cannot add Board Part digilentinc.com:zybo:part0:1.0 available at /opt/Xilinx/2025.2/data/boards/board_files/zybo/B.3/board.xml as part xc7z010clg400-1 specified in board_part file is either invalid or not available
WARNING: [Board 49-26] cannot add Board Part digilentinc.com:zybo:part0:2.0 available at /opt/Xilinx/2025.2/data/boards/board_files/zybo/B.4/board.xml as part xc7z010clg400-1 specified in board_part file is either invalid or not available
WARNING: [Board 49-26] cannot add Board Part xilinx.com:emb-plus-vpr-4616:part0:1.0 available at /opt/Xilinx/2025.2/data/xhub/boards/XilinxBoardStore/boards/Xilinx/emb-plus-vpr-4616/1.0/board.xml as part xcve2302-sfva784-2mp-e-s specified in board_part file is either invalid or not available
WARNING: [Board 49-26] cannot add Board Part xilinx.com:emb-plus-vpr-4616:part0:1.1 available at /opt/Xilinx/2025.2/data/xhub/boards/XilinxBoardStore/boards/Xilinx/emb-plus-vpr-4616/1.1/board.xml as part xcve2302-sfva784-2mp-e-s specified in board_part file is either invalid or not available
WARNING: [Board 49-26] cannot add Board Part xilinx.com:k24c:part0:1.0 available at /opt/Xilinx/2025.2/data/xhub/boards/XilinxBoardStore/boards/Xilinx/k24c/1.0/board.xml as part xck24-ubva530-2lv-c specified in board_part file is either invalid or not available
WARNING: [Board 49-26] cannot add Board Part xilinx.com:k24c:part0:1.1 available at /opt/Xilinx/2025.2/data/xhub/boards/XilinxBoardStore/boards/Xilinx/k24c/1.1/board.xml as part xck24-ubva530-2lv-c specified in board_part file is either invalid or not available
WARNING: [Board 49-26] cannot add Board Part xilinx.com:k24i:part0:1.0 available at /opt/Xilinx/2025.2/data/xhub/boards/XilinxBoardStore/boards/Xilinx/k24i/1.0/board.xml as part xck24-ubva530-2lvi-i specified in board_part file is either invalid or not available
WARNING: [Board 49-26] cannot add Board Part xilinx.com:k26c:part0:1.2 available at /opt/Xilinx/2025.2/data/xhub/boards/XilinxBoardStore/boards/Xilinx/k26c/1.2/board.xml as part xck26-sfvc784-2lv-c specified in board_part file is either invalid or not available
WARNING: [Board 49-26] cannot add Board Part xilinx.com:k26c:part0:1.3 available at /opt/Xilinx/2025.2/data/xhub/boards/XilinxBoardStore/boards/Xilinx/k26c/1.3/board.xml as part xck26-sfvc784-2lv-c specified in board_part file is either invalid or not available
WARNING: [Board 49-26] cannot add Board Part xilinx.com:k26c:part0:1.4 available at /opt/Xilinx/2025.2/data/xhub/boards/XilinxBoardStore/boards/Xilinx/k26c/1.4/board.xml as part xck26-sfvc784-2lv-c specified in board_part file is either invalid or not available
WARNING: [Board 49-26] cannot add Board Part xilinx.com:k26i:part0:1.2 available at /opt/Xilinx/2025.2/data/xhub/boards/XilinxBoardStore/boards/Xilinx/k26i/1.2/board.xml as part xck26-sfvc784-2lvi-i specified in board_part file is either invalid or not available
WARNING: [Board 49-26] cannot add Board Part xilinx.com:k26i:part0:1.3 available at /opt/Xilinx/2025.2/data/xhub/boards/XilinxBoardStore/boards/Xilinx/k26i/1.3/board.xml as part xck26-sfvc784-2lvi-i specified in board_part file is either invalid or not available
WARNING: [Board 49-26] cannot add Board Part xilinx.com:k26i:part0:1.4 available at /opt/Xilinx/2025.2/data/xhub/boards/XilinxBoardStore/boards/Xilinx/k26i/1.4/board.xml as part xck26-sfvc784-2lvi-i specified in board_part file is either invalid or not available
WARNING: [Board 49-26] cannot add Board Part xilinx.com:kc705:part0:1.6 available at /opt/Xilinx/2025.2/data/xhub/boards/XilinxBoardStore/boards/Xilinx/kc705/1.6/board.xml as part xc7k325tffg900-2 specified in board_part file is either invalid or not available
WARNING: [Board 49-26] cannot add Board Part xilinx.com:kc705:part0:1.7 available at /opt/Xilinx/2025.2/data/xhub/boards/XilinxBoardStore/boards/Xilinx/kc705/1.7/board.xml as part xc7k325tffg900-2 specified in board_part file is either invalid or not available
WARNING: [Board 49-26] cannot add Board Part xilinx.com:kcu105:part0:1.6 available at /opt/Xilinx/2025.2/data/xhub/boards/XilinxBoardStore/boards/Xilinx/kcu105/1.6/board.xml as part xcku040-ffva1156-2-e specified in board_part file is either invalid or not available
WARNING: [Board 49-26] cannot add Board Part xilinx.com:kcu105:part0:1.7 available at /opt/Xilinx/2025.2/data/xhub/boards/XilinxBoardStore/boards/Xilinx/kcu105/1.7/board.xml as part xcku040-ffva1156-2-e specified in board_part file is either invalid or not available
WARNING: [Board 49-26] cannot add Board Part xilinx.com:kcu116:part0:1.4 available at /opt/Xilinx/2025.2/data/xhub/boards/XilinxBoardStore/boards/Xilinx/kcu116/1.4/board.xml as part xcku5p-ffvb676-2-e specified in board_part file is either invalid or not available
WARNING: [Board 49-26] cannot add Board Part xilinx.com:kcu116:part0:1.5 available at /opt/Xilinx/2025.2/data/xhub/boards/XilinxBoardStore/boards/Xilinx/kcu116/1.5/board.xml as part xcku5p-ffvb676-2-e specified in board_part file is either invalid or not available
WARNING: [Board 49-26] cannot add Board Part xilinx.com:kcu1500:part0:1.2 available at /opt/Xilinx/2025.2/data/xhub/boards/XilinxBoardStore/boards/Xilinx/kcu1500/1.2/board.xml as part xcku115-flvb2104-2-e specified in board_part file is either invalid or not available
WARNING: [Board 49-26] cannot add Board Part xilinx.com:kd240_som:part0:1.0 available at /opt/Xilinx/2025.2/data/xhub/boards/XilinxBoardStore/boards/Xilinx/kd240_som/1.0/board.xml as part xck24-ubva530-2lv-c specified in board_part file is either invalid or not available
WARNING: [Board 49-26] cannot add Board Part xilinx.com:kd240_som:part0:1.1 available at /opt/Xilinx/2025.2/data/xhub/boards/XilinxBoardStore/boards/Xilinx/kd240_som/1.1/board.xml as part xck24-ubva530-2lv-c specified in board_part file is either invalid or not available
WARNING: [Board 49-26] cannot add Board Part xilinx.com:kr260_som:part0:1.0 available at /opt/Xilinx/2025.2/data/xhub/boards/XilinxBoardStore/boards/Xilinx/kr260_som/1.0/board.xml as part xck26-sfvc784-2lv-c specified in board_part file is either invalid or not available
WARNING: [Board 49-26] cannot add Board Part xilinx.com:kr260_som:part0:1.1 available at /opt/Xilinx/2025.2/data/xhub/boards/XilinxBoardStore/boards/Xilinx/kr260_som/1.1/board.xml as part xck26-sfvc784-2lv-c specified in board_part file is either invalid or not available
WARNING: [Board 49-26] cannot add Board Part xilinx.com:kv260_som:part0:1.2 available at /opt/Xilinx/2025.2/data/xhub/boards/XilinxBoardStore/boards/Xilinx/kv260_som/1.2/board.xml as part xck26-sfvc784-2lv-c specified in board_part file is either invalid or not available
WARNING: [Board 49-26] cannot add Board Part xilinx.com:kv260_som:part0:1.3 available at /opt/Xilinx/2025.2/data/xhub/boards/XilinxBoardStore/boards/Xilinx/kv260_som/1.3/board.xml as part xck26-sfvc784-2lv-c specified in board_part file is either invalid or not available
WARNING: [Board 49-26] cannot add Board Part xilinx.com:kv260_som:part0:1.4 available at /opt/Xilinx/2025.2/data/xhub/boards/XilinxBoardStore/boards/Xilinx/kv260_som/1.4/board.xml as part xck26-sfvc784-2lv-c specified in board_part file is either invalid or not available
WARNING: [Board 49-26] cannot add Board Part xilinx.com:scu35:part0:1.0 available at /opt/Xilinx/2025.2/data/xhub/boards/XilinxBoardStore/boards/Xilinx/scu35/1.0/board.xml as part xcsu35p-sbvb625-2-e specified in board_part file is either invalid or not available
WARNING: [Board 49-26] cannot add Board Part xilinx.com:sp701:part0:1.0 available at /opt/Xilinx/2025.2/data/xhub/boards/XilinxBoardStore/boards/Xilinx/sp701/1.0/board.xml as part xc7s100fgga676-2 specified in board_part file is either invalid or not available
WARNING: [Board 49-26] cannot add Board Part xilinx.com:sp701:part0:1.1 available at /opt/Xilinx/2025.2/data/xhub/boards/XilinxBoardStore/boards/Xilinx/sp701/1.1/board.xml as part xc7s100fgga676-2 specified in board_part file is either invalid or not available
WARNING: [Board 49-26] cannot add Board Part xilinx.com:v80:part0:1.0 available at /opt/Xilinx/2025.2/data/xhub/boards/XilinxBoardStore/boards/Xilinx/v80/1.0/board.xml as part xcv80-lsva4737-2mhp-e-s specified in board_part file is either invalid or not available
WARNING: [Board 49-26] cannot add Board Part xilinx.com:vc707:part0:1.4 available at /opt/Xilinx/2025.2/data/xhub/boards/XilinxBoardStore/boards/Xilinx/vc707/1.4/board.xml as part xc7vx485tffg1761-2 specified in board_part file is either invalid or not available
WARNING: [Board 49-26] cannot add Board Part xilinx.com:vc707:part0:1.5 available at /opt/Xilinx/2025.2/data/xhub/boards/XilinxBoardStore/boards/Xilinx/vc707/1.5/board.xml as part xc7vx485tffg1761-2 specified in board_part file is either invalid or not available
WARNING: [Board 49-26] cannot add Board Part xilinx.com:vc709:part0:1.8 available at /opt/Xilinx/2025.2/data/xhub/boards/XilinxBoardStore/boards/Xilinx/vc709/1.8/board.xml as part xc7vx690tffg1761-2 specified in board_part file is either invalid or not available
WARNING: [Board 49-26] cannot add Board Part xilinx.com:vck190:part0:2.2 available at /opt/Xilinx/2025.2/data/xhub/boards/XilinxBoardStore/boards/Xilinx/vck190/production/2.2/board.xml as part xcvc1902-vsva2197-2mp-e-s specified in board_part file is either invalid or not available
WARNING: [Board 49-26] cannot add Board Part xilinx.com:vck190:part0:3.0 available at /opt/Xilinx/2025.2/data/xhub/boards/XilinxBoardStore/boards/Xilinx/vck190/production/3.0/board.xml as part xcvc1902-vsva2197-2mp-e-s specified in board_part file is either invalid or not available
WARNING: [Board 49-26] cannot add Board Part xilinx.com:vck190:part0:3.1 available at /opt/Xilinx/2025.2/data/xhub/boards/XilinxBoardStore/boards/Xilinx/vck190/production/3.1/board.xml as part xcvc1902-vsva2197-2mp-e-s specified in board_part file is either invalid or not available
WARNING: [Board 49-26] cannot add Board Part xilinx.com:vck190:part0:3.2 available at /opt/Xilinx/2025.2/data/xhub/boards/XilinxBoardStore/boards/Xilinx/vck190/production/3.2/board.xml as part xcvc1902-vsva2197-2mp-e-s specified in board_part file is either invalid or not available
WARNING: [Board 49-26] cannot add Board Part xilinx.com:vck190:part0:3.3 available at /opt/Xilinx/2025.2/data/xhub/boards/XilinxBoardStore/boards/Xilinx/vck190/production/3.3/board.xml as part xcvc1902-vsva2197-2mp-e-s specified in board_part file is either invalid or not available
WARNING: [Board 49-26] cannot add Board Part xilinx.com:vck190:part0:3.4 available at /opt/Xilinx/2025.2/data/xhub/boards/XilinxBoardStore/boards/Xilinx/vck190/production/3.4/board.xml as part xcvc1902-vsva2197-2mp-e-s specified in board_part file is either invalid or not available
WARNING: [Board 49-26] cannot add Board Part xilinx.com:vck190_newl:part0:1.0 available at /opt/Xilinx/2025.2/data/xhub/boards/XilinxBoardStore/boards/Xilinx/vck190_newl/production/1.0/board.xml as part xcvc1902-vsva2197-2mp-e-s specified in board_part file is either invalid or not available
WARNING: [Board 49-26] cannot add Board Part xilinx.com:vck190_newl:part0:1.1 available at /opt/Xilinx/2025.2/data/xhub/boards/XilinxBoardStore/boards/Xilinx/vck190_newl/production/1.1/board.xml as part xcvc1902-vsva2197-2mp-e-s specified in board_part file is either invalid or not available
WARNING: [Board 49-26] cannot add Board Part xilinx.com:vck190_newl:part0:1.2 available at /opt/Xilinx/2025.2/data/xhub/boards/XilinxBoardStore/boards/Xilinx/vck190_newl/production/1.2/board.xml as part xcvc1902-vsva2197-2mp-e-s specified in board_part file is either invalid or not available
WARNING: [Board 49-26] cannot add Board Part xilinx.com:vck190_newl:part0:1.3 available at /opt/Xilinx/2025.2/data/xhub/boards/XilinxBoardStore/boards/Xilinx/vck190_newl/production/1.3/board.xml as part xcvc1902-vsva2197-2mp-e-s specified in board_part file is either invalid or not available
WARNING: [Board 49-26] cannot add Board Part xilinx.com:vcu108:part0:1.6 available at /opt/Xilinx/2025.2/data/xhub/boards/XilinxBoardStore/boards/Xilinx/vcu108/1.6/board.xml as part xcvu095-ffva2104-2-e specified in board_part file is either invalid or not available
WARNING: [Board 49-26] cannot add Board Part xilinx.com:vcu108:part0:1.7 available at /opt/Xilinx/2025.2/data/xhub/boards/XilinxBoardStore/boards/Xilinx/vcu108/1.7/board.xml as part xcvu095-ffva2104-2-e specified in board_part file is either invalid or not available
WARNING: [Board 49-26] cannot add Board Part xilinx.com:vcu110:part0:1.4 available at /opt/Xilinx/2025.2/data/xhub/boards/XilinxBoardStore/boards/Xilinx/vcu110/1.4/board.xml as part xcvu190-flgc2104-2-e specified in board_part file is either invalid or not available
WARNING: [Board 49-26] cannot add Board Part xilinx.com:vcu118:part0:2.0 available at /opt/Xilinx/2025.2/data/xhub/boards/XilinxBoardStore/boards/Xilinx/vcu118/2.0/board.xml as part xcvu9p-flga2104-2l-e specified in board_part file is either invalid or not available
WARNING: [Board 49-26] cannot add Board Part xilinx.com:vcu118:part0:2.3 available at /opt/Xilinx/2025.2/data/xhub/boards/XilinxBoardStore/boards/Xilinx/vcu118/2.3/board.xml as part xcvu9p-flga2104-2l-e specified in board_part file is either invalid or not available
WARNING: [Board 49-26] cannot add Board Part xilinx.com:vcu118:part0:2.4 available at /opt/Xilinx/2025.2/data/xhub/boards/XilinxBoardStore/boards/Xilinx/vcu118/2.4/board.xml as part xcvu9p-flga2104-2l-e specified in board_part file is either invalid or not available
WARNING: [Board 49-26] cannot add Board Part xilinx.com:vcu128:part0:1.0 available at /opt/Xilinx/2025.2/data/xhub/boards/XilinxBoardStore/boards/Xilinx/vcu128/production/1.0/board.xml as part xcvu37p-fsvh2892-2l-e specified in board_part file is either invalid or not available
WARNING: [Board 49-26] cannot add Board Part xilinx.com:vcu129:part0:1.0 available at /opt/Xilinx/2025.2/data/xhub/boards/XilinxBoardStore/boards/Xilinx/vcu129/production/1.0/board.xml as part xcvu29p-fsga2577-2l-e specified in board_part file is either invalid or not available
WARNING: [Board 49-26] cannot add Board Part xilinx.com:vcu1525:part0:1.3 available at /opt/Xilinx/2025.2/data/xhub/boards/XilinxBoardStore/boards/Xilinx/vcu1525/1.3/board.xml as part xcvu9p-fsgd2104-2l-e specified in board_part file is either invalid or not available
WARNING: [Board 49-26] cannot add Board Part xilinx.com:vek280:part0:1.0 available at /opt/Xilinx/2025.2/data/xhub/boards/XilinxBoardStore/boards/Xilinx/vek280/production/1.0/board.xml as part xcve2802-vsvh1760-2mp-e-s specified in board_part file is either invalid or not available
WARNING: [Board 49-26] cannot add Board Part xilinx.com:vek280:part0:1.1 available at /opt/Xilinx/2025.2/data/xhub/boards/XilinxBoardStore/boards/Xilinx/vek280/production/1.1/board.xml as part xcve2802-vsvh1760-2mp-e-s specified in board_part file is either invalid or not available
WARNING: [Board 49-26] cannot add Board Part xilinx.com:vek280:part0:1.2 available at /opt/Xilinx/2025.2/data/xhub/boards/XilinxBoardStore/boards/Xilinx/vek280/production/1.2/board.xml as part xcve2802-vsvh1760-2mp-e-s specified in board_part file is either invalid or not available
WARNING: [Board 49-26] cannot add Board Part xilinx.com:vek385:part0:1.0 available at /opt/Xilinx/2025.2/data/xhub/boards/XilinxBoardStore/boards/Xilinx/vek385/1.0/board.xml as part xc2ve3858-ssva2112-2mp-e-s specified in board_part file is either invalid or not available
WARNING: [Board 49-26] cannot add Board Part xilinx.com:vek385:part0:1.1 available at /opt/Xilinx/2025.2/data/xhub/boards/XilinxBoardStore/boards/Xilinx/vek385/1.1/board.xml as part xc2ve3858-ssva2112-2mp-e-s specified in board_part file is either invalid or not available
WARNING: [Board 49-26] cannot add Board Part xilinx.com:vek385_1:part0:1.0 available at /opt/Xilinx/2025.2/data/xhub/boards/XilinxBoardStore/boards/Xilinx/vek385_2/1.0/board.xml as part xc2ve3858-ssva2112-2mp-e-s specified in board_part file is either invalid or not available
WARNING: [Board 49-26] cannot add Board Part xilinx.com:vermeo_t1_mpsoc:part0:1.0 available at /opt/Xilinx/2025.2/data/xhub/boards/XilinxBoardStore/boards/Xilinx/vermeo_t1_mpsoc/1.0/board.xml as part xczu19eg-ffvd1760-2l-e specified in board_part file is either invalid or not available
WARNING: [Board 49-26] cannot add Board Part xilinx.com:vermeo_t1_rfsoc:part0:1.0 available at /opt/Xilinx/2025.2/data/xhub/boards/XilinxBoardStore/boards/Xilinx/vermeo_t1_rfsoc/1.0/board.xml as part xczu21dr-ffvd1156-2l-e specified in board_part file is either invalid or not available
WARNING: [Board 49-26] cannot add Board Part xilinx.com:vhk158:part0:1.0 available at /opt/Xilinx/2025.2/data/xhub/boards/XilinxBoardStore/boards/Xilinx/vhk158/production/1.0/board.xml as part xcvh1582-vsva3697-2mp-e-s specified in board_part file is either invalid or not available
WARNING: [Board 49-26] cannot add Board Part xilinx.com:vhk158:part0:1.1 available at /opt/Xilinx/2025.2/data/xhub/boards/XilinxBoardStore/boards/Xilinx/vhk158/production/1.1/board.xml as part xcvh1582-vsva3697-2mp-e-s specified in board_part file is either invalid or not available
WARNING: [Board 49-26] cannot add Board Part xilinx.com:vhk158:part0:1.2 available at /opt/Xilinx/2025.2/data/xhub/boards/XilinxBoardStore/boards/Xilinx/vhk158/production/1.2/board.xml as part xcvh1582-vsva3697-2mp-e-s specified in board_part file is either invalid or not available
WARNING: [Board 49-26] cannot add Board Part xilinx.com:vmk180:part0:2.2 available at /opt/Xilinx/2025.2/data/xhub/boards/XilinxBoardStore/boards/Xilinx/vmk180/production/2.2/board.xml as part xcvm1802-vsva2197-2mp-e-s specified in board_part file is either invalid or not available
WARNING: [Board 49-26] cannot add Board Part xilinx.com:vmk180:part0:3.0 available at /opt/Xilinx/2025.2/data/xhub/boards/XilinxBoardStore/boards/Xilinx/vmk180/production/3.0/board.xml as part xcvm1802-vsva2197-2mp-e-s specified in board_part file is either invalid or not available
WARNING: [Board 49-26] cannot add Board Part xilinx.com:vmk180:part0:3.1 available at /opt/Xilinx/2025.2/data/xhub/boards/XilinxBoardStore/boards/Xilinx/vmk180/production/3.1/board.xml as part xcvm1802-vsva2197-2mp-e-s specified in board_part file is either invalid or not available
WARNING: [Board 49-26] cannot add Board Part xilinx.com:vmk180:part0:3.2 available at /opt/Xilinx/2025.2/data/xhub/boards/XilinxBoardStore/boards/Xilinx/vmk180/production/3.2/board.xml as part xcvm1802-vsva2197-2mp-e-s specified in board_part file is either invalid or not available
WARNING: [Board 49-26] cannot add Board Part xilinx.com:vmk180:part0:3.3 available at /opt/Xilinx/2025.2/data/xhub/boards/XilinxBoardStore/boards/Xilinx/vmk180/production/3.3/board.xml as part xcvm1802-vsva2197-2mp-e-s specified in board_part file is either invalid or not available
WARNING: [Board 49-26] cannot add Board Part xilinx.com:vmk180_newl:part0:1.0 available at /opt/Xilinx/2025.2/data/xhub/boards/XilinxBoardStore/boards/Xilinx/vmk180_newl/production/1.0/board.xml as part xcvm1802-vsva2197-2mp-e-s specified in board_part file is either invalid or not available
WARNING: [Board 49-26] cannot add Board Part xilinx.com:vmk180_newl:part0:1.1 available at /opt/Xilinx/2025.2/data/xhub/boards/XilinxBoardStore/boards/Xilinx/vmk180_newl/production/1.1/board.xml as part xcvm1802-vsva2197-2mp-e-s specified in board_part file is either invalid or not available
WARNING: [Board 49-26] cannot add Board Part xilinx.com:vpk120:part0:1.0 available at /opt/Xilinx/2025.2/data/xhub/boards/XilinxBoardStore/boards/Xilinx/vpk120/production/1.0/board.xml as part xcvp1202-vsva2785-2mp-e-s specified in board_part file is either invalid or not available
WARNING: [Board 49-26] cannot add Board Part xilinx.com:vpk120:part0:1.1 available at /opt/Xilinx/2025.2/data/xhub/boards/XilinxBoardStore/boards/Xilinx/vpk120/production/1.1/board.xml as part xcvp1202-vsva2785-2mp-e-s specified in board_part file is either invalid or not available
WARNING: [Board 49-26] cannot add Board Part xilinx.com:vpk120:part0:1.2 available at /opt/Xilinx/2025.2/data/xhub/boards/XilinxBoardStore/boards/Xilinx/vpk120/production/1.2/board.xml as part xcvp1202-vsva2785-2mp-e-s specified in board_part file is either invalid or not available
WARNING: [Board 49-26] cannot add Board Part xilinx.com:vpk180:part0:1.0 available at /opt/Xilinx/2025.2/data/xhub/boards/XilinxBoardStore/boards/Xilinx/vpk180/production/1.0/board.xml as part xcvp1802-lsvc4072-2mp-e-s specified in board_part file is either invalid or not available
WARNING: [Board 49-26] cannot add Board Part xilinx.com:vpk180:part0:1.1 available at /opt/Xilinx/2025.2/data/xhub/boards/XilinxBoardStore/boards/Xilinx/vpk180/production/1.1/board.xml as part xcvp1802-lsvc4072-2mp-e-s specified in board_part file is either invalid or not available
WARNING: [Board 49-26] cannot add Board Part xilinx.com:vpk180:part0:1.2 available at /opt/Xilinx/2025.2/data/xhub/boards/XilinxBoardStore/boards/Xilinx/vpk180/production/1.2/board.xml as part xcvp1802-lsvc4072-2mp-e-s specified in board_part file is either invalid or not available
WARNING: [Board 49-26] cannot add Board Part xilinx.com:vrk160:part0:1.0 available at /opt/Xilinx/2025.2/data/xhub/boards/XilinxBoardStore/boards/Xilinx/vrk160/1.0/board.xml as part xcvr1602-vsva2488-2mp-e-s-es1 specified in board_part file is either invalid or not available
WARNING: [Board 49-26] cannot add Board Part xilinx.com:vrk160:part0:1.1 available at /opt/Xilinx/2025.2/data/xhub/boards/XilinxBoardStore/boards/Xilinx/vrk160/1.1/board.xml as part xcvr1602-vsva2488-2mp-e-s-es1 specified in board_part file is either invalid or not available
WARNING: [Board 49-26] cannot add Board Part xilinx.com:zc702:part0:1.4 available at /opt/Xilinx/2025.2/data/xhub/boards/XilinxBoardStore/boards/Xilinx/zc702/1.4/board.xml as part xc7z020clg484-1 specified in board_part file is either invalid or not available
WARNING: [Board 49-26] cannot add Board Part xilinx.com:zc706:part0:1.4 available at /opt/Xilinx/2025.2/data/xhub/boards/XilinxBoardStore/boards/Xilinx/zc706/1.4/board.xml as part xc7z045ffg900-2 specified in board_part file is either invalid or not available
WARNING: [Board 49-26] cannot add Board Part xilinx.com:zc706:part0:1.5 available at /opt/Xilinx/2025.2/data/xhub/boards/XilinxBoardStore/boards/Xilinx/zc706/1.5/board.xml as part xc7z045ffg900-2 specified in board_part file is either invalid or not available
WARNING: [Board 49-26] cannot add Board Part xilinx.com:zcu102:part0:3.3 available at /opt/Xilinx/2025.2/data/xhub/boards/XilinxBoardStore/boards/Xilinx/zcu102/3.3/board.xml as part xczu9eg-ffvb1156-2-e specified in board_part file is either invalid or not available
INFO: [Common 17-14] Message 'Board 49-26' appears 100 times and further instances of the messages will be disabled. Use the Tcl command set_msg_config to change the current settings.
INFO: [IP_Flow 19-234] Refreshing IP repositories
INFO: [IP_Flow 19-1704] No user IP repositories specified
INFO: [IP_Flow 19-2313] Loaded Vivado IP repository '/opt/Xilinx/2025.2/data/ip'.
update_compile_order -fileset sources_1
update_compile_order -fileset sources_1
update_compile_order -fileset sources_1
add_files -norecurse /home/deepaung/Courses/hw-syn-lab-i/final-project/verilog/top_test.v
update_compile_order -fileset sources_1
set_property top top_test [current_fileset]
update_compile_order -fileset sources_1
WARNING: [IP_Flow 19-4067] Ignoring invalid widget type specified checkbox.Providing a default widget
create_ip -name ila -vendor xilinx.com -library ip -version 6.2 -module_name ila_data_out
set_property -dict [list \
  CONFIG.C_NUM_OF_PROBES {2} \
  CONFIG.C_PROBE0_WIDTH {17} \
  CONFIG.C_PROBE1_WIDTH {12} \
] [get_ips ila_data_out]
generate_target {instantiation_template} [get_files /home/deepaung/Courses/hw-syn-lab-i/final-project/vivado/vivado.srcs/sources_1/ip/ila_data_out_1/ila_data_out.xci]
INFO: [IP_Flow 19-1686] Generating 'Instantiation Template' target for IP 'ila_data_out'...
update_compile_order -fileset sources_1
update_compile_order -fileset sources_1
generate_target all [get_files  /home/deepaung/Courses/hw-syn-lab-i/final-project/vivado/vivado.srcs/sources_1/ip/ila_data_out_1/ila_data_out.xci]
INFO: [IP_Flow 19-1686] Generating 'Synthesis' target for IP 'ila_data_out'...
WARNING: [IP_Flow 19-4994] Overwriting existing constraint file '/home/deepaung/Courses/hw-syn-lab-i/final-project/vivado/vivado.gen/sources_1/ip/ila_data_out_1/ila_data_out_ooc.xdc'
INFO: [IP_Flow 19-1686] Generating 'Simulation' target for IP 'ila_data_out'...
INFO: [IP_Flow 19-1686] Generating 'Implementation' target for IP 'ila_data_out'...
INFO: [IP_Flow 19-1686] Generating 'Change Log' target for IP 'ila_data_out'...
catch { config_ip_cache -export [get_ips -all ila_data_out] }
INFO: [IP_Flow 19-4993] Using cached IP synthesis design for IP ila_data_out, cache-ID = 3a92f776c1aedfcb; cache size = 9.927 MB.
export_ip_user_files -of_objects [get_files /home/deepaung/Courses/hw-syn-lab-i/final-project/vivado/vivado.srcs/sources_1/ip/ila_data_out_1/ila_data_out.xci] -no_script -sync -force -quiet
create_ip_run [get_files -of_objects [get_fileset sources_1] /home/deepaung/Courses/hw-syn-lab-i/final-project/vivado/vivado.srcs/sources_1/ip/ila_data_out_1/ila_data_out.xci]
INFO: [Vivado 12-3453] The given sub-design is up-to-date, no action was taken.  If a run is still desired, use the '-force' option for the file:'/home/deepaung/Courses/hw-syn-lab-i/final-project/vivado/vivado.srcs/sources_1/ip/ila_data_out_1/ila_data_out.xci'
export_simulation -lib_map_path [list {modelsim=/home/deepaung/Courses/hw-syn-lab-i/final-project/vivado/vivado.cache/compile_simlib/modelsim} {questa=/home/deepaung/Courses/hw-syn-lab-i/final-project/vivado/vivado.cache/compile_simlib/questa} {xcelium=/home/deepaung/Courses/hw-syn-lab-i/final-project/vivado/vivado.cache/compile_simlib/xcelium} {vcs=/home/deepaung/Courses/hw-syn-lab-i/final-project/vivado/vivado.cache/compile_simlib/vcs} {riviera=/home/deepaung/Courses/hw-syn-lab-i/final-project/vivado/vivado.cache/compile_simlib/riviera}] -of_objects [get_files /home/deepaung/Courses/hw-syn-lab-i/final-project/vivado/vivado.srcs/sources_1/ip/ila_data_out_1/ila_data_out.xci] -directory /home/deepaung/Courses/hw-syn-lab-i/final-project/vivado/vivado.ip_user_files/sim_scripts -ip_user_files_dir /home/deepaung/Courses/hw-syn-lab-i/final-project/vivado/vivado.ip_user_files -ipstatic_source_dir /home/deepaung/Courses/hw-syn-lab-i/final-project/vivado/vivado.ip_user_files/ipstatic -use_ip_compiled_libs -force -quiet
reset_run synth_1
INFO: [Project 1-1161] Replacing file /home/deepaung/Courses/hw-syn-lab-i/final-project/vivado/vivado.srcs/utils_1/imports/synth_1/vga_test.dcp with file /home/deepaung/Courses/hw-syn-lab-i/final-project/vivado/vivado.runs/synth_1/top.dcp
launch_runs impl_1 -to_step write_bitstream -jobs 8
INFO: [Vivado 12-4149] The synthesis checkpoint for IP '/home/deepaung/Courses/hw-syn-lab-i/final-project/vivado/vivado.srcs/sources_1/ip/ila_data_out_1/ila_data_out.xci' is already up-to-date
[Wed Apr 22 12:50:07 2026] Launched synth_1...
Run output will be captured here: /home/deepaung/Courses/hw-syn-lab-i/final-project/vivado/vivado.runs/synth_1/runme.log
[Wed Apr 22 12:50:07 2026] Launched impl_1...
Run output will be captured here: /home/deepaung/Courses/hw-syn-lab-i/final-project/vivado/vivado.runs/impl_1/runme.log
open_hw_manager
connect_hw_server -allow_non_jtag
INFO: [Labtools 27-2285] Connecting to hw_server url TCP:localhost:3121
INFO: [Labtools 27-2222] Launching hw_server...
INFO: [Labtools 27-2221] Launch Output:

****** Xilinx hw_server v2025.2
  **** Build date : Oct 28 2025 at 16:07:00
    ** Copyright 1986-2022 Xilinx, Inc. All Rights Reserved.


INFO: [Labtools 27-3415] Connecting to cs_server url TCP:localhost:0
INFO: [Labtools 27-3417] Launching cs_server...
INFO: [Labtools 27-2221] Launch Output:


******** Xilinx cs_server v2025.2.0
  ****** Build date   : Nov 14 2025-06:16:52
    **** Build number : 2025.2.1763075812
      ** Copyright 2017-2022 Xilinx, Inc. All Rights Reserved.
      ** Copyright 2022-2026 Advanced Micro Devices, Inc. All Rights Reserved.



open_hw_target
INFO: [Labtoolstcl 44-466] Opening hw_target localhost:3121/xilinx_tcf/Digilent/210183B81EE0A
current_hw_device [get_hw_devices xc7a35t_0]
refresh_hw_device -update_hw_probes false [lindex [get_hw_devices xc7a35t_0] 0]
INFO: [Labtools 27-1435] Device xc7a35t (JTAG device index = 0) is not programmed (DONE status = 0).
close_hw_manager
open_run impl_1
INFO: [Device 21-403] Loading part xc7a35tcpg236-1
Netlist sorting complete. Time (s): cpu = 00:00:00.02 ; elapsed = 00:00:00.02 . Memory (MB): peak = 11082.602 ; gain = 0.000 ; free physical = 4794 ; free virtual = 25720
INFO: [Netlist 29-17] Analyzing 124 Unisim elements for replacement
INFO: [Netlist 29-28] Unisim Transformation completed in 0 CPU seconds
INFO: [Project 1-479] Netlist was created with Vivado 2025.2
INFO: [Project 1-570] Preparing netlist for logic optimization
Read ShapeDB Complete: Time (s): cpu = 00:00:00.01 ; elapsed = 00:00:00.01 . Memory (MB): peak = 11176.258 ; gain = 1.000 ; free physical = 4704 ; free virtual = 25620
INFO: [Timing 38-478] Restoring timing data from binary archive.
INFO: [Timing 38-479] Binary timing data restore complete.
INFO: [Project 1-856] Restoring constraints from binary archive.
INFO: [Project 1-853] Binary constraint restore complete.
INFO: [Designutils 20-5722] Start Reading Physical Databases.
Reading placement.
Read Netlist Cache: Time (s): cpu = 00:00:00 ; elapsed = 00:00:00 . Memory (MB): peak = 11838.145 ; gain = 0.000 ; free physical = 4158 ; free virtual = 25074
Reading placer database...
Read Device Cache: Time (s): cpu = 00:00:00 ; elapsed = 00:00:00.01 . Memory (MB): peak = 11838.145 ; gain = 0.000 ; free physical = 4158 ; free virtual = 25074
Read PlaceDB: Time (s): cpu = 00:00:00 ; elapsed = 00:00:00 . Memory (MB): peak = 11838.145 ; gain = 0.000 ; free physical = 4158 ; free virtual = 25074
Read placeStorage: Time (s): cpu = 00:00:00.05 ; elapsed = 00:00:00.05 . Memory (MB): peak = 11838.145 ; gain = 0.000 ; free physical = 4158 ; free virtual = 25074
Read PulsedLatchDB: Time (s): cpu = 00:00:00 ; elapsed = 00:00:00 . Memory (MB): peak = 11838.145 ; gain = 0.000 ; free physical = 4158 ; free virtual = 25074
Reading routing.
Read RouteStorage: Time (s): cpu = 00:00:00.05 ; elapsed = 00:00:00.02 . Memory (MB): peak = 11838.145 ; gain = 0.000 ; free physical = 4154 ; free virtual = 25070
Read Physdb Files: Time (s): cpu = 00:00:00.11 ; elapsed = 00:00:00.08 . Memory (MB): peak = 11838.145 ; gain = 0.000 ; free physical = 4154 ; free virtual = 25070
Restored from archive | CPU: 0.110000 secs | Memory: 2.756409 MB |
Finished XDEF File Restore: Time (s): cpu = 00:00:00.11 ; elapsed = 00:00:00.08 . Memory (MB): peak = 11838.145 ; gain = 0.000 ; free physical = 4154 ; free virtual = 25070
Netlist sorting complete. Time (s): cpu = 00:00:00 ; elapsed = 00:00:00 . Memory (MB): peak = 11838.145 ; gain = 0.000 ; free physical = 4154 ; free virtual = 25070
INFO: [Project 1-111] Unisim Transformation Summary:
  A total of 55 instances were transformed.
  CFGLUT5 => CFGLUT5 (SRL16E, SRLC32E): 48 instances
  IOBUF => IOBUF (IBUF, OBUFT): 1 instance 
  RAM32M => RAM32M (RAMD32(x6), RAMS32(x2)): 6 instances

open_run: Time (s): cpu = 00:00:15 ; elapsed = 00:00:10 . Memory (MB): peak = 12185.195 ; gain = 1241.648 ; free physical = 3572 ; free virtual = 24388
open_hw_manager
connect_hw_server -allow_non_jtag
INFO: [Labtools 27-2285] Connecting to hw_server url TCP:localhost:3121
INFO: [Labtools 27-2222] Launching hw_server...
INFO: [Labtools 27-2221] Launch Output:

****** Xilinx hw_server v2025.2
  **** Build date : Oct 28 2025 at 16:07:00
    ** Copyright 1986-2022 Xilinx, Inc. All Rights Reserved.


INFO: [Labtools 27-3415] Connecting to cs_server url TCP:localhost:0
INFO: [Labtools 27-3417] Launching cs_server...
INFO: [Labtools 27-2221] Launch Output:


******** Xilinx cs_server v2025.2.0
  ****** Build date   : Nov 14 2025-06:16:52
    **** Build number : 2025.2.1763075812
      ** Copyright 2017-2022 Xilinx, Inc. All Rights Reserved.
      ** Copyright 2022-2026 Advanced Micro Devices, Inc. All Rights Reserved.



open_hw_target
INFO: [Labtoolstcl 44-466] Opening hw_target localhost:3121/xilinx_tcf/Digilent/210183B81EE0A
set_property PROGRAM.FILE {/home/deepaung/Courses/hw-syn-lab-i/final-project/vivado/vivado.runs/impl_1/top_test.bit} [get_hw_devices xc7a35t_0]
set_property PROBES.FILE {/home/deepaung/Courses/hw-syn-lab-i/final-project/vivado/vivado.runs/impl_1/top_test.ltx} [get_hw_devices xc7a35t_0]
set_property FULL_PROBES.FILE {/home/deepaung/Courses/hw-syn-lab-i/final-project/vivado/vivado.runs/impl_1/top_test.ltx} [get_hw_devices xc7a35t_0]
current_hw_device [get_hw_devices xc7a35t_0]
refresh_hw_device [lindex [get_hw_devices xc7a35t_0] 0]
INFO: [Labtools 27-1435] Device xc7a35t (JTAG device index = 0) is not programmed (DONE status = 0).
set_property PROBES.FILE {/home/deepaung/Courses/hw-syn-lab-i/final-project/vivado/vivado.runs/impl_1/top_test.ltx} [get_hw_devices xc7a35t_0]
set_property FULL_PROBES.FILE {/home/deepaung/Courses/hw-syn-lab-i/final-project/vivado/vivado.runs/impl_1/top_test.ltx} [get_hw_devices xc7a35t_0]
set_property PROGRAM.FILE {/home/deepaung/Courses/hw-syn-lab-i/final-project/vivado/vivado.runs/impl_1/top_test.bit} [get_hw_devices xc7a35t_0]
program_hw_devices [get_hw_devices xc7a35t_0]
INFO: [Labtools 27-3164] End of startup status: HIGH
refresh_hw_device [lindex [get_hw_devices xc7a35t_0] 0]
INFO: [Labtools 27-2302] Device xc7a35t (JTAG device index = 0) is programmed with a design that has 1 ILA core(s).
ERROR: [Labtools 27-3412] Mismatch between the design programmed into the device 'xc7a35t' (JTAG device index = '0'
 and the probes file(s) '/home/deepaung/Courses/hw-syn-lab-i/final-project/vivado/vivado.runs/impl_1/top_test.ltx'.
 The hw_probe 'capture_addr' in the probes file has port index '0'. This port location for the ILA core at location (uuid_B65D52E476D5562DB4292AFCA0F6D0A3), does not support a data probe.
.
Resolution: 
1) Ensure that the clock signal connected to the debug core and/or debug hub is clean and free-running.
2) Ensure that the clock connected to the debug core and/or debug hub meets all timing constraints.
3) Ensure that the JTAG clock frequency is 2.5x times slower than the frequency of the clock connected to your debug hub.
close_hw_manager
reset_run synth_1
INFO: [Project 1-1161] Replacing file /home/deepaung/Courses/hw-syn-lab-i/final-project/vivado/vivado.srcs/utils_1/imports/synth_1/vga_test.dcp with file /home/deepaung/Courses/hw-syn-lab-i/final-project/vivado/vivado.runs/synth_1/top_test.dcp
launch_runs impl_1 -to_step write_bitstream -jobs 8
INFO: [Vivado 12-4149] The synthesis checkpoint for IP '/home/deepaung/Courses/hw-syn-lab-i/final-project/vivado/vivado.srcs/sources_1/ip/ila_data_out_1/ila_data_out.xci' is already up-to-date
[Wed Apr 22 12:58:06 2026] Launched synth_1...
Run output will be captured here: /home/deepaung/Courses/hw-syn-lab-i/final-project/vivado/vivado.runs/synth_1/runme.log
[Wed Apr 22 12:58:06 2026] Launched impl_1...
Run output will be captured here: /home/deepaung/Courses/hw-syn-lab-i/final-project/vivado/vivado.runs/impl_1/runme.log
open_hw_manager
connect_hw_server -allow_non_jtag
INFO: [Labtools 27-2285] Connecting to hw_server url TCP:localhost:3121
INFO: [Labtools 27-2222] Launching hw_server...
INFO: [Labtools 27-2221] Launch Output:

****** Xilinx hw_server v2025.2
  **** Build date : Oct 28 2025 at 16:07:00
    ** Copyright 1986-2022 Xilinx, Inc. All Rights Reserved.


INFO: [Labtools 27-3415] Connecting to cs_server url TCP:localhost:0
INFO: [Labtools 27-3417] Launching cs_server...
INFO: [Labtools 27-2221] Launch Output:


******** Xilinx cs_server v2025.2.0
  ****** Build date   : Nov 14 2025-06:16:52
    **** Build number : 2025.2.1763075812
      ** Copyright 2017-2022 Xilinx, Inc. All Rights Reserved.
      ** Copyright 2022-2026 Advanced Micro Devices, Inc. All Rights Reserved.



open_hw_target
INFO: [Labtoolstcl 44-466] Opening hw_target localhost:3121/xilinx_tcf/Digilent/210183B81EE0A
set_property PROGRAM.FILE {/home/deepaung/Courses/hw-syn-lab-i/final-project/vivado/vivado.runs/impl_1/top_test.bit} [get_hw_devices xc7a35t_0]
set_property PROBES.FILE {/home/deepaung/Courses/hw-syn-lab-i/final-project/vivado/vivado.runs/impl_1/top_test.ltx} [get_hw_devices xc7a35t_0]
set_property FULL_PROBES.FILE {/home/deepaung/Courses/hw-syn-lab-i/final-project/vivado/vivado.runs/impl_1/top_test.ltx} [get_hw_devices xc7a35t_0]
current_hw_device [get_hw_devices xc7a35t_0]
refresh_hw_device [lindex [get_hw_devices xc7a35t_0] 0]
INFO: [Labtools 27-2302] Device xc7a35t (JTAG device index = 0) is programmed with a design that has 1 ILA core(s).
display_hw_ila_data [ get_hw_ila_data hw_ila_data_1 -of_objects [get_hw_ilas -of_objects [get_hw_devices xc7a35t_0] -filter {CELL_NAME=~"ila_inst"}]]
run_hw_ila [get_hw_ilas -of_objects [get_hw_devices xc7a35t_0] -filter {CELL_NAME=~"ila_inst"}]
ERROR: [Xicom 50-38] xicom: Unknown deviceType: 1.
ERROR: [Xicom 50-38] xicom: Could not set Parameter: capture_ctrl_config.
INFO: [Labtools 27-1964] The ILA core 'hw_ila_1' trigger was armed at 2026-Apr-22 13:00:36
ERROR: [Common 17-39] 'run_hw_ila' failed due to earlier errors.
run_hw_ila [get_hw_ilas -of_objects [get_hw_devices xc7a35t_0] -filter {CELL_NAME=~"ila_inst"}]
ERROR: [Xicom 50-38] xicom: Unknown deviceType: 1.
ERROR: [Xicom 50-38] xicom: Could not set Parameter: capture_ctrl_config.
INFO: [Labtools 27-1964] The ILA core 'hw_ila_1' trigger was armed at 2026-Apr-22 13:07:17
ERROR: [Common 17-39] 'run_hw_ila' failed due to earlier errors.
run_hw_ila [get_hw_ilas -of_objects [get_hw_devices xc7a35t_0] -filter {CELL_NAME=~"ila_inst"}]
ERROR: [Xicom 50-38] xicom: Unknown deviceType: 1.
ERROR: [Xicom 50-38] xicom: Could not set Parameter: capture_ctrl_config.
INFO: [Labtools 27-1964] The ILA core 'hw_ila_1' trigger was armed at 2026-Apr-22 13:07:22
ERROR: [Common 17-39] 'run_hw_ila' failed due to earlier errors.
run_hw_ila [get_hw_ilas -of_objects [get_hw_devices xc7a35t_0] -filter {CELL_NAME=~"ila_inst"}]
ERROR: [Xicom 50-38] xicom: Unknown deviceType: 1.
ERROR: [Xicom 50-38] xicom: Could not set Parameter: capture_ctrl_config.
INFO: [Labtools 27-1964] The ILA core 'hw_ila_1' trigger was armed at 2026-Apr-22 13:07:31
ERROR: [Common 17-39] 'run_hw_ila' failed due to earlier errors.
run_hw_ila [get_hw_ilas -of_objects [get_hw_devices xc7a35t_0] -filter {CELL_NAME=~"ila_inst"}]
ERROR: [Xicom 50-38] xicom: Unknown deviceType: 1.
ERROR: [Xicom 50-38] xicom: Could not set Parameter: capture_ctrl_config.
INFO: [Labtools 27-1964] The ILA core 'hw_ila_1' trigger was armed at 2026-Apr-22 13:07:40
ERROR: [Common 17-39] 'run_hw_ila' failed due to earlier errors.
save_wave_config {/home/deepaung/Courses/hw-syn-lab-i/final-project/vivado/vivado.hw/hw_1/wave/hw_ila_data_1/hw_ila_data_1.wcfg}
close_hw_manager
refresh_design
Netlist sorting complete. Time (s): cpu = 00:00:00.03 ; elapsed = 00:00:00.03 . Memory (MB): peak = 12483.688 ; gain = 0.000 ; free physical = 1370 ; free virtual = 23013
INFO: [Netlist 29-17] Analyzing 124 Unisim elements for replacement
INFO: [Netlist 29-28] Unisim Transformation completed in 0 CPU seconds
INFO: [Project 1-479] Netlist was created with Vivado 2025.2
INFO: [Project 1-570] Preparing netlist for logic optimization
Read ShapeDB Complete: Time (s): cpu = 00:00:00.01 ; elapsed = 00:00:00.01 . Memory (MB): peak = 12483.688 ; gain = 0.000 ; free physical = 1344 ; free virtual = 22987
INFO: [Timing 38-478] Restoring timing data from binary archive.
INFO: [Common 17-41] Interrupt caught. Command should exit soon.
INFO: [Timing 38-479] Binary timing data restore complete.
INFO: [Project 1-856] Restoring constraints from binary archive.
INFO: [Project 1-853] Binary constraint restore complete.
INFO: [Designutils 20-5722] Start Reading Physical Databases.
Reading placement.
Read Netlist Cache: Time (s): cpu = 00:00:00 ; elapsed = 00:00:00 . Memory (MB): peak = 12483.688 ; gain = 0.000 ; free physical = 1378 ; free virtual = 22954
Reading placer database...
Read Device Cache: Time (s): cpu = 00:00:00.01 ; elapsed = 00:00:00.01 . Memory (MB): peak = 12483.688 ; gain = 0.000 ; free physical = 1378 ; free virtual = 22954
Read PlaceDB: Time (s): cpu = 00:00:00 ; elapsed = 00:00:00 . Memory (MB): peak = 12483.688 ; gain = 0.000 ; free physical = 1378 ; free virtual = 22954
Read placeStorage: Time (s): cpu = 00:00:00.05 ; elapsed = 00:00:00.05 . Memory (MB): peak = 12483.688 ; gain = 0.000 ; free physical = 1378 ; free virtual = 22954
Read PulsedLatchDB: Time (s): cpu = 00:00:00 ; elapsed = 00:00:00 . Memory (MB): peak = 12483.688 ; gain = 0.000 ; free physical = 1378 ; free virtual = 22954
Reading routing.
Restored from archive | CPU: 0.060000 secs | Memory: 1.770950 MB |
Finished XDEF File Restore: Time (s): cpu = 00:00:00.06 ; elapsed = 00:00:00.07 . Memory (MB): peak = 12483.688 ; gain = 0.000 ; free physical = 1378 ; free virtual = 22954
refresh_design: Time (s): cpu = 00:00:08 ; elapsed = 00:00:07 . Memory (MB): peak = 12483.688 ; gain = 0.000 ; free physical = 1372 ; free virtual = 22956
INFO: [Common 17-344] 'refresh_design' was cancelled
reset_run impl_1 -prev_step 
launch_runs impl_1 -to_step write_bitstream -jobs 8
INFO: [Vivado 12-4149] The synthesis checkpoint for IP '/home/deepaung/Courses/hw-syn-lab-i/final-project/vivado/vivado.srcs/sources_1/ip/ila_data_out_1/ila_data_out.xci' is already up-to-date
[Wed Apr 22 13:09:01 2026] Launched impl_1...
Run output will be captured here: /home/deepaung/Courses/hw-syn-lab-i/final-project/vivado/vivado.runs/impl_1/runme.log
open_hw_manager
connect_hw_server -allow_non_jtag
INFO: [Labtools 27-2285] Connecting to hw_server url TCP:localhost:3121
INFO: [Labtools 27-2222] Launching hw_server...
INFO: [Labtools 27-2221] Launch Output:

****** Xilinx hw_server v2025.2
  **** Build date : Oct 28 2025 at 16:07:00
    ** Copyright 1986-2022 Xilinx, Inc. All Rights Reserved.


INFO: [Labtools 27-3415] Connecting to cs_server url TCP:localhost:0
INFO: [Labtools 27-3417] Launching cs_server...
INFO: [Labtools 27-2221] Launch Output:


******** Xilinx cs_server v2025.2.0
  ****** Build date   : Nov 14 2025-06:16:52
    **** Build number : 2025.2.1763075812
      ** Copyright 2017-2022 Xilinx, Inc. All Rights Reserved.
      ** Copyright 2022-2026 Advanced Micro Devices, Inc. All Rights Reserved.



open_hw_target
INFO: [Labtoolstcl 44-466] Opening hw_target localhost:3121/xilinx_tcf/Digilent/210183B81EE0A
set_property PROGRAM.FILE {/home/deepaung/Courses/hw-syn-lab-i/final-project/vivado/vivado.runs/impl_1/top_test.bit} [get_hw_devices xc7a35t_0]
set_property PROBES.FILE {/home/deepaung/Courses/hw-syn-lab-i/final-project/vivado/vivado.runs/impl_1/top_test.ltx} [get_hw_devices xc7a35t_0]
set_property FULL_PROBES.FILE {/home/deepaung/Courses/hw-syn-lab-i/final-project/vivado/vivado.runs/impl_1/top_test.ltx} [get_hw_devices xc7a35t_0]
current_hw_device [get_hw_devices xc7a35t_0]
refresh_hw_device [lindex [get_hw_devices xc7a35t_0] 0]
INFO: [Labtools 27-2302] Device xc7a35t (JTAG device index = 0) is programmed with a design that has 1 ILA core(s).
ERROR: [Labtools 27-3412] Mismatch between the design programmed into the device 'xc7a35t' (JTAG device index = '0'
 and the probes file(s) '/home/deepaung/Courses/hw-syn-lab-i/final-project/vivado/vivado.runs/impl_1/top_test.ltx'.
 The hw_probe 'capture_addr' in the probes file has port index '0'. This port location for the ILA core at location (uuid_B65D52E476D5562DB4292AFCA0F6D0A3), does not support a data probe.
.
Resolution: 
1) Ensure that the clock signal connected to the debug core and/or debug hub is clean and free-running.
2) Ensure that the clock connected to the debug core and/or debug hub meets all timing constraints.
3) Ensure that the JTAG clock frequency is 2.5x times slower than the frequency of the clock connected to your debug hub.
close_hw_manager
open_hw_manager
connect_hw_server -allow_non_jtag
INFO: [Labtools 27-2285] Connecting to hw_server url TCP:localhost:3121
INFO: [Labtools 27-3415] Connecting to cs_server url TCP:localhost:0
INFO: [Labtools 27-3417] Launching cs_server...
INFO: [Labtools 27-2221] Launch Output:


******** Xilinx cs_server v2025.2.0
  ****** Build date   : Nov 14 2025-06:16:52
    **** Build number : 2025.2.1763075812
      ** Copyright 2017-2022 Xilinx, Inc. All Rights Reserved.
      ** Copyright 2022-2026 Advanced Micro Devices, Inc. All Rights Reserved.



open_hw_target
INFO: [Labtoolstcl 44-466] Opening hw_target localhost:3121/xilinx_tcf/Digilent/210183B81EE0A
set_property PROGRAM.FILE {/home/deepaung/Courses/hw-syn-lab-i/final-project/vivado/vivado.runs/impl_1/top_test.bit} [get_hw_devices xc7a35t_0]
set_property PROBES.FILE {/home/deepaung/Courses/hw-syn-lab-i/final-project/vivado/vivado.runs/impl_1/top_test.ltx} [get_hw_devices xc7a35t_0]
set_property FULL_PROBES.FILE {/home/deepaung/Courses/hw-syn-lab-i/final-project/vivado/vivado.runs/impl_1/top_test.ltx} [get_hw_devices xc7a35t_0]
current_hw_device [get_hw_devices xc7a35t_0]
refresh_hw_device [lindex [get_hw_devices xc7a35t_0] 0]
INFO: [Labtools 27-2302] Device xc7a35t (JTAG device index = 0) is programmed with a design that has 1 ILA core(s).
display_hw_ila_data [ get_hw_ila_data hw_ila_data_1 -of_objects [get_hw_ilas -of_objects [get_hw_devices xc7a35t_0] -filter {CELL_NAME=~"ila_inst"}]]
ERROR: [Xicom 50-38] xicom: Unable to connect to debug core(s) on the target device. Check cable connectivity and that the target board is powered up then use the disconnect_hw_server and connect_hw_server to re-initialize the hardware target. Use open_hw_target to re-register the hardware device.
ERROR: [Labtoolstcl 44-513] HW Target shutdown. Closing target: localhost:3121/xilinx_tcf/Digilent/210183B81EE0A
INFO: [Labtoolstcl 44-466] Opening hw_target localhost:3121/xilinx_tcf/Digilent/210183B81EE0A
INFO: [Labtools 27-1435] Device xc7a35t (JTAG device index = 0) is not programmed (DONE status = 0).
WARNING: [Labtoolstcl 44-129] No matching hw_ila_data was found.
set_property PROBES.FILE {/home/deepaung/Courses/hw-syn-lab-i/final-project/vivado/vivado.runs/impl_1/top_test.ltx} [get_hw_devices xc7a35t_0]
set_property FULL_PROBES.FILE {/home/deepaung/Courses/hw-syn-lab-i/final-project/vivado/vivado.runs/impl_1/top_test.ltx} [get_hw_devices xc7a35t_0]
set_property PROGRAM.FILE {/home/deepaung/Courses/hw-syn-lab-i/final-project/vivado/vivado.runs/impl_1/top_test.bit} [get_hw_devices xc7a35t_0]
program_hw_devices [get_hw_devices xc7a35t_0]
INFO: [Labtools 27-3164] End of startup status: HIGH
refresh_hw_device [lindex [get_hw_devices xc7a35t_0] 0]
INFO: [Labtools 27-2302] Device xc7a35t (JTAG device index = 0) is programmed with a design that has 1 ILA core(s).
display_hw_ila_data [ get_hw_ila_data hw_ila_data_1 -of_objects [get_hw_ilas -of_objects [get_hw_devices xc7a35t_0] -filter {CELL_NAME=~"ila_inst"}]]
run_hw_ila [get_hw_ilas -of_objects [get_hw_devices xc7a35t_0] -filter {CELL_NAME=~"ila_inst"}]
INFO: [Labtools 27-1964] The ILA core 'hw_ila_1' trigger was armed at 2026-Apr-22 13:11:12
wait_on_hw_ila [get_hw_ilas -of_objects [get_hw_devices xc7a35t_0] -filter {CELL_NAME=~"ila_inst"}]
display_hw_ila_data [upload_hw_ila_data [get_hw_ilas -of_objects [get_hw_devices xc7a35t_0] -filter {CELL_NAME=~"ila_inst"}]]
INFO: [Labtools 27-1966] The ILA core 'hw_ila_1' triggered at 2026-Apr-22 13:11:12
INFO: [Labtools 27-3304] ILA Waveform data saved to file /home/deepaung/Courses/hw-syn-lab-i/final-project/vivado/vivado.hw/backup/hw_ila_data_1.ila. Use Tcl command 'read_hw_ila_data' or Vivado File->Import->Import ILA Data menu item to import the previously saved data.
run_hw_ila [get_hw_ilas -of_objects [get_hw_devices xc7a35t_0] -filter {CELL_NAME=~"ila_inst"}]
INFO: [Labtools 27-1964] The ILA core 'hw_ila_1' trigger was armed at 2026-Apr-22 13:11:17
wait_on_hw_ila [get_hw_ilas -of_objects [get_hw_devices xc7a35t_0] -filter {CELL_NAME=~"ila_inst"}]
display_hw_ila_data [upload_hw_ila_data [get_hw_ilas -of_objects [get_hw_devices xc7a35t_0] -filter {CELL_NAME=~"ila_inst"}]]
INFO: [Labtools 27-1966] The ILA core 'hw_ila_1' triggered at 2026-Apr-22 13:11:17
INFO: [Labtools 27-3304] ILA Waveform data saved to file /home/deepaung/Courses/hw-syn-lab-i/final-project/vivado/vivado.hw/backup/hw_ila_data_1.ila. Use Tcl command 'read_hw_ila_data' or Vivado File->Import->Import ILA Data menu item to import the previously saved data.
run_hw_ila [get_hw_ilas -of_objects [get_hw_devices xc7a35t_0] -filter {CELL_NAME=~"ila_inst"}]
INFO: [Labtools 27-1964] The ILA core 'hw_ila_1' trigger was armed at 2026-Apr-22 13:11:22
wait_on_hw_ila [get_hw_ilas -of_objects [get_hw_devices xc7a35t_0] -filter {CELL_NAME=~"ila_inst"}]
display_hw_ila_data [upload_hw_ila_data [get_hw_ilas -of_objects [get_hw_devices xc7a35t_0] -filter {CELL_NAME=~"ila_inst"}]]
INFO: [Labtools 27-1966] The ILA core 'hw_ila_1' triggered at 2026-Apr-22 13:11:22
INFO: [Labtools 27-3304] ILA Waveform data saved to file /home/deepaung/Courses/hw-syn-lab-i/final-project/vivado/vivado.hw/backup/hw_ila_data_1.ila. Use Tcl command 'read_hw_ila_data' or Vivado File->Import->Import ILA Data menu item to import the previously saved data.
run_hw_ila [get_hw_ilas -of_objects [get_hw_devices xc7a35t_0] -filter {CELL_NAME=~"ila_inst"}]
INFO: [Labtools 27-1964] The ILA core 'hw_ila_1' trigger was armed at 2026-Apr-22 13:11:46
wait_on_hw_ila [get_hw_ilas -of_objects [get_hw_devices xc7a35t_0] -filter {CELL_NAME=~"ila_inst"}]
display_hw_ila_data [upload_hw_ila_data [get_hw_ilas -of_objects [get_hw_devices xc7a35t_0] -filter {CELL_NAME=~"ila_inst"}]]
INFO: [Labtools 27-1966] The ILA core 'hw_ila_1' triggered at 2026-Apr-22 13:11:46
INFO: [Labtools 27-3304] ILA Waveform data saved to file /home/deepaung/Courses/hw-syn-lab-i/final-project/vivado/vivado.hw/backup/hw_ila_data_1.ila. Use Tcl command 'read_hw_ila_data' or Vivado File->Import->Import ILA Data menu item to import the previously saved data.
run_hw_ila [get_hw_ilas -of_objects [get_hw_devices xc7a35t_0] -filter {CELL_NAME=~"ila_inst"}]
INFO: [Labtools 27-1964] The ILA core 'hw_ila_1' trigger was armed at 2026-Apr-22 13:11:52
wait_on_hw_ila [get_hw_ilas -of_objects [get_hw_devices xc7a35t_0] -filter {CELL_NAME=~"ila_inst"}]
display_hw_ila_data [upload_hw_ila_data [get_hw_ilas -of_objects [get_hw_devices xc7a35t_0] -filter {CELL_NAME=~"ila_inst"}]]
INFO: [Labtools 27-1966] The ILA core 'hw_ila_1' triggered at 2026-Apr-22 13:11:52
INFO: [Labtools 27-3304] ILA Waveform data saved to file /home/deepaung/Courses/hw-syn-lab-i/final-project/vivado/vivado.hw/backup/hw_ila_data_1.ila. Use Tcl command 'read_hw_ila_data' or Vivado File->Import->Import ILA Data menu item to import the previously saved data.
run_hw_ila [get_hw_ilas -of_objects [get_hw_devices xc7a35t_0] -filter {CELL_NAME=~"ila_inst"}]
INFO: [Labtools 27-1964] The ILA core 'hw_ila_1' trigger was armed at 2026-Apr-22 13:11:54
wait_on_hw_ila [get_hw_ilas -of_objects [get_hw_devices xc7a35t_0] -filter {CELL_NAME=~"ila_inst"}]
display_hw_ila_data [upload_hw_ila_data [get_hw_ilas -of_objects [get_hw_devices xc7a35t_0] -filter {CELL_NAME=~"ila_inst"}]]
INFO: [Labtools 27-1966] The ILA core 'hw_ila_1' triggered at 2026-Apr-22 13:11:54
INFO: [Labtools 27-3304] ILA Waveform data saved to file /home/deepaung/Courses/hw-syn-lab-i/final-project/vivado/vivado.hw/backup/hw_ila_data_1.ila. Use Tcl command 'read_hw_ila_data' or Vivado File->Import->Import ILA Data menu item to import the previously saved data.
run_hw_ila [get_hw_ilas -of_objects [get_hw_devices xc7a35t_0] -filter {CELL_NAME=~"ila_inst"}]
INFO: [Labtools 27-1964] The ILA core 'hw_ila_1' trigger was armed at 2026-Apr-22 13:11:56
wait_on_hw_ila [get_hw_ilas -of_objects [get_hw_devices xc7a35t_0] -filter {CELL_NAME=~"ila_inst"}]
display_hw_ila_data [upload_hw_ila_data [get_hw_ilas -of_objects [get_hw_devices xc7a35t_0] -filter {CELL_NAME=~"ila_inst"}]]
INFO: [Labtools 27-1966] The ILA core 'hw_ila_1' triggered at 2026-Apr-22 13:11:56
INFO: [Labtools 27-3304] ILA Waveform data saved to file /home/deepaung/Courses/hw-syn-lab-i/final-project/vivado/vivado.hw/backup/hw_ila_data_1.ila. Use Tcl command 'read_hw_ila_data' or Vivado File->Import->Import ILA Data menu item to import the previously saved data.
run_hw_ila [get_hw_ilas -of_objects [get_hw_devices xc7a35t_0] -filter {CELL_NAME=~"ila_inst"}]
INFO: [Labtools 27-1964] The ILA core 'hw_ila_1' trigger was armed at 2026-Apr-22 13:11:57
wait_on_hw_ila [get_hw_ilas -of_objects [get_hw_devices xc7a35t_0] -filter {CELL_NAME=~"ila_inst"}]
display_hw_ila_data [upload_hw_ila_data [get_hw_ilas -of_objects [get_hw_devices xc7a35t_0] -filter {CELL_NAME=~"ila_inst"}]]
INFO: [Labtools 27-1966] The ILA core 'hw_ila_1' triggered at 2026-Apr-22 13:11:57
INFO: [Labtools 27-3304] ILA Waveform data saved to file /home/deepaung/Courses/hw-syn-lab-i/final-project/vivado/vivado.hw/backup/hw_ila_data_1.ila. Use Tcl command 'read_hw_ila_data' or Vivado File->Import->Import ILA Data menu item to import the previously saved data.
run_hw_ila [get_hw_ilas -of_objects [get_hw_devices xc7a35t_0] -filter {CELL_NAME=~"ila_inst"}]
INFO: [Labtools 27-1964] The ILA core 'hw_ila_1' trigger was armed at 2026-Apr-22 13:12:01
wait_on_hw_ila [get_hw_ilas -of_objects [get_hw_devices xc7a35t_0] -filter {CELL_NAME=~"ila_inst"}]
display_hw_ila_data [upload_hw_ila_data [get_hw_ilas -of_objects [get_hw_devices xc7a35t_0] -filter {CELL_NAME=~"ila_inst"}]]
INFO: [Labtools 27-1966] The ILA core 'hw_ila_1' triggered at 2026-Apr-22 13:12:01
INFO: [Labtools 27-3304] ILA Waveform data saved to file /home/deepaung/Courses/hw-syn-lab-i/final-project/vivado/vivado.hw/backup/hw_ila_data_1.ila. Use Tcl command 'read_hw_ila_data' or Vivado File->Import->Import ILA Data menu item to import the previously saved data.
run_hw_ila [get_hw_ilas -of_objects [get_hw_devices xc7a35t_0] -filter {CELL_NAME=~"ila_inst"}]
INFO: [Labtools 27-1964] The ILA core 'hw_ila_1' trigger was armed at 2026-Apr-22 13:12:02
wait_on_hw_ila [get_hw_ilas -of_objects [get_hw_devices xc7a35t_0] -filter {CELL_NAME=~"ila_inst"}]
display_hw_ila_data [upload_hw_ila_data [get_hw_ilas -of_objects [get_hw_devices xc7a35t_0] -filter {CELL_NAME=~"ila_inst"}]]
INFO: [Labtools 27-1966] The ILA core 'hw_ila_1' triggered at 2026-Apr-22 13:12:02
INFO: [Labtools 27-3304] ILA Waveform data saved to file /home/deepaung/Courses/hw-syn-lab-i/final-project/vivado/vivado.hw/backup/hw_ila_data_1.ila. Use Tcl command 'read_hw_ila_data' or Vivado File->Import->Import ILA Data menu item to import the previously saved data.
run_hw_ila [get_hw_ilas -of_objects [get_hw_devices xc7a35t_0] -filter {CELL_NAME=~"ila_inst"}]
INFO: [Labtools 27-1964] The ILA core 'hw_ila_1' trigger was armed at 2026-Apr-22 13:12:03
wait_on_hw_ila [get_hw_ilas -of_objects [get_hw_devices xc7a35t_0] -filter {CELL_NAME=~"ila_inst"}]
display_hw_ila_data [upload_hw_ila_data [get_hw_ilas -of_objects [get_hw_devices xc7a35t_0] -filter {CELL_NAME=~"ila_inst"}]]
INFO: [Labtools 27-1966] The ILA core 'hw_ila_1' triggered at 2026-Apr-22 13:12:03
INFO: [Labtools 27-3304] ILA Waveform data saved to file /home/deepaung/Courses/hw-syn-lab-i/final-project/vivado/vivado.hw/backup/hw_ila_data_1.ila. Use Tcl command 'read_hw_ila_data' or Vivado File->Import->Import ILA Data menu item to import the previously saved data.
run_hw_ila [get_hw_ilas -of_objects [get_hw_devices xc7a35t_0] -filter {CELL_NAME=~"ila_inst"}]
INFO: [Labtools 27-1964] The ILA core 'hw_ila_1' trigger was armed at 2026-Apr-22 13:12:05
wait_on_hw_ila [get_hw_ilas -of_objects [get_hw_devices xc7a35t_0] -filter {CELL_NAME=~"ila_inst"}]
display_hw_ila_data [upload_hw_ila_data [get_hw_ilas -of_objects [get_hw_devices xc7a35t_0] -filter {CELL_NAME=~"ila_inst"}]]
INFO: [Labtools 27-1966] The ILA core 'hw_ila_1' triggered at 2026-Apr-22 13:12:05
INFO: [Labtools 27-3304] ILA Waveform data saved to file /home/deepaung/Courses/hw-syn-lab-i/final-project/vivado/vivado.hw/backup/hw_ila_data_1.ila. Use Tcl command 'read_hw_ila_data' or Vivado File->Import->Import ILA Data menu item to import the previously saved data.
run_hw_ila [get_hw_ilas -of_objects [get_hw_devices xc7a35t_0] -filter {CELL_NAME=~"ila_inst"}]
INFO: [Labtools 27-1964] The ILA core 'hw_ila_1' trigger was armed at 2026-Apr-22 13:12:06
wait_on_hw_ila [get_hw_ilas -of_objects [get_hw_devices xc7a35t_0] -filter {CELL_NAME=~"ila_inst"}]
display_hw_ila_data [upload_hw_ila_data [get_hw_ilas -of_objects [get_hw_devices xc7a35t_0] -filter {CELL_NAME=~"ila_inst"}]]
INFO: [Labtools 27-1966] The ILA core 'hw_ila_1' triggered at 2026-Apr-22 13:12:06
INFO: [Labtools 27-3304] ILA Waveform data saved to file /home/deepaung/Courses/hw-syn-lab-i/final-project/vivado/vivado.hw/backup/hw_ila_data_1.ila. Use Tcl command 'read_hw_ila_data' or Vivado File->Import->Import ILA Data menu item to import the previously saved data.
run_hw_ila [get_hw_ilas -of_objects [get_hw_devices xc7a35t_0] -filter {CELL_NAME=~"ila_inst"}]
INFO: [Labtools 27-1964] The ILA core 'hw_ila_1' trigger was armed at 2026-Apr-22 13:12:07
wait_on_hw_ila [get_hw_ilas -of_objects [get_hw_devices xc7a35t_0] -filter {CELL_NAME=~"ila_inst"}]
display_hw_ila_data [upload_hw_ila_data [get_hw_ilas -of_objects [get_hw_devices xc7a35t_0] -filter {CELL_NAME=~"ila_inst"}]]
INFO: [Labtools 27-1966] The ILA core 'hw_ila_1' triggered at 2026-Apr-22 13:12:07
INFO: [Labtools 27-3304] ILA Waveform data saved to file /home/deepaung/Courses/hw-syn-lab-i/final-project/vivado/vivado.hw/backup/hw_ila_data_1.ila. Use Tcl command 'read_hw_ila_data' or Vivado File->Import->Import ILA Data menu item to import the previously saved data.
run_hw_ila [get_hw_ilas -of_objects [get_hw_devices xc7a35t_0] -filter {CELL_NAME=~"ila_inst"}]
INFO: [Labtools 27-1964] The ILA core 'hw_ila_1' trigger was armed at 2026-Apr-22 13:12:08
wait_on_hw_ila [get_hw_ilas -of_objects [get_hw_devices xc7a35t_0] -filter {CELL_NAME=~"ila_inst"}]
display_hw_ila_data [upload_hw_ila_data [get_hw_ilas -of_objects [get_hw_devices xc7a35t_0] -filter {CELL_NAME=~"ila_inst"}]]
INFO: [Labtools 27-1966] The ILA core 'hw_ila_1' triggered at 2026-Apr-22 13:12:08
INFO: [Labtools 27-3304] ILA Waveform data saved to file /home/deepaung/Courses/hw-syn-lab-i/final-project/vivado/vivado.hw/backup/hw_ila_data_1.ila. Use Tcl command 'read_hw_ila_data' or Vivado File->Import->Import ILA Data menu item to import the previously saved data.
run_hw_ila [get_hw_ilas -of_objects [get_hw_devices xc7a35t_0] -filter {CELL_NAME=~"ila_inst"}]
INFO: [Labtools 27-1964] The ILA core 'hw_ila_1' trigger was armed at 2026-Apr-22 13:12:15
wait_on_hw_ila [get_hw_ilas -of_objects [get_hw_devices xc7a35t_0] -filter {CELL_NAME=~"ila_inst"}]
display_hw_ila_data [upload_hw_ila_data [get_hw_ilas -of_objects [get_hw_devices xc7a35t_0] -filter {CELL_NAME=~"ila_inst"}]]
INFO: [Labtools 27-1966] The ILA core 'hw_ila_1' triggered at 2026-Apr-22 13:12:15
INFO: [Labtools 27-3304] ILA Waveform data saved to file /home/deepaung/Courses/hw-syn-lab-i/final-project/vivado/vivado.hw/backup/hw_ila_data_1.ila. Use Tcl command 'read_hw_ila_data' or Vivado File->Import->Import ILA Data menu item to import the previously saved data.
run_hw_ila [get_hw_ilas -of_objects [get_hw_devices xc7a35t_0] -filter {CELL_NAME=~"ila_inst"}]
INFO: [Labtools 27-1964] The ILA core 'hw_ila_1' trigger was armed at 2026-Apr-22 13:12:16
wait_on_hw_ila [get_hw_ilas -of_objects [get_hw_devices xc7a35t_0] -filter {CELL_NAME=~"ila_inst"}]
display_hw_ila_data [upload_hw_ila_data [get_hw_ilas -of_objects [get_hw_devices xc7a35t_0] -filter {CELL_NAME=~"ila_inst"}]]
INFO: [Labtools 27-1966] The ILA core 'hw_ila_1' triggered at 2026-Apr-22 13:12:16
INFO: [Labtools 27-3304] ILA Waveform data saved to file /home/deepaung/Courses/hw-syn-lab-i/final-project/vivado/vivado.hw/backup/hw_ila_data_1.ila. Use Tcl command 'read_hw_ila_data' or Vivado File->Import->Import ILA Data menu item to import the previously saved data.
run_hw_ila [get_hw_ilas -of_objects [get_hw_devices xc7a35t_0] -filter {CELL_NAME=~"ila_inst"}]
INFO: [Labtools 27-1964] The ILA core 'hw_ila_1' trigger was armed at 2026-Apr-22 13:12:17
wait_on_hw_ila [get_hw_ilas -of_objects [get_hw_devices xc7a35t_0] -filter {CELL_NAME=~"ila_inst"}]
display_hw_ila_data [upload_hw_ila_data [get_hw_ilas -of_objects [get_hw_devices xc7a35t_0] -filter {CELL_NAME=~"ila_inst"}]]
INFO: [Labtools 27-1966] The ILA core 'hw_ila_1' triggered at 2026-Apr-22 13:12:17
INFO: [Labtools 27-3304] ILA Waveform data saved to file /home/deepaung/Courses/hw-syn-lab-i/final-project/vivado/vivado.hw/backup/hw_ila_data_1.ila. Use Tcl command 'read_hw_ila_data' or Vivado File->Import->Import ILA Data menu item to import the previously saved data.
run_hw_ila [get_hw_ilas -of_objects [get_hw_devices xc7a35t_0] -filter {CELL_NAME=~"ila_inst"}]
INFO: [Labtools 27-1964] The ILA core 'hw_ila_1' trigger was armed at 2026-Apr-22 13:12:18
wait_on_hw_ila [get_hw_ilas -of_objects [get_hw_devices xc7a35t_0] -filter {CELL_NAME=~"ila_inst"}]
display_hw_ila_data [upload_hw_ila_data [get_hw_ilas -of_objects [get_hw_devices xc7a35t_0] -filter {CELL_NAME=~"ila_inst"}]]
INFO: [Labtools 27-1966] The ILA core 'hw_ila_1' triggered at 2026-Apr-22 13:12:18
INFO: [Labtools 27-3304] ILA Waveform data saved to file /home/deepaung/Courses/hw-syn-lab-i/final-project/vivado/vivado.hw/backup/hw_ila_data_1.ila. Use Tcl command 'read_hw_ila_data' or Vivado File->Import->Import ILA Data menu item to import the previously saved data.
run_hw_ila [get_hw_ilas -of_objects [get_hw_devices xc7a35t_0] -filter {CELL_NAME=~"ila_inst"}]
INFO: [Labtools 27-1964] The ILA core 'hw_ila_1' trigger was armed at 2026-Apr-22 13:12:31
wait_on_hw_ila [get_hw_ilas -of_objects [get_hw_devices xc7a35t_0] -filter {CELL_NAME=~"ila_inst"}]
display_hw_ila_data [upload_hw_ila_data [get_hw_ilas -of_objects [get_hw_devices xc7a35t_0] -filter {CELL_NAME=~"ila_inst"}]]
INFO: [Labtools 27-1966] The ILA core 'hw_ila_1' triggered at 2026-Apr-22 13:12:31
INFO: [Labtools 27-3304] ILA Waveform data saved to file /home/deepaung/Courses/hw-syn-lab-i/final-project/vivado/vivado.hw/backup/hw_ila_data_1.ila. Use Tcl command 'read_hw_ila_data' or Vivado File->Import->Import ILA Data menu item to import the previously saved data.
run_hw_ila [get_hw_ilas -of_objects [get_hw_devices xc7a35t_0] -filter {CELL_NAME=~"ila_inst"}]
INFO: [Labtools 27-1964] The ILA core 'hw_ila_1' trigger was armed at 2026-Apr-22 13:12:32
wait_on_hw_ila [get_hw_ilas -of_objects [get_hw_devices xc7a35t_0] -filter {CELL_NAME=~"ila_inst"}]
display_hw_ila_data [upload_hw_ila_data [get_hw_ilas -of_objects [get_hw_devices xc7a35t_0] -filter {CELL_NAME=~"ila_inst"}]]
INFO: [Labtools 27-1966] The ILA core 'hw_ila_1' triggered at 2026-Apr-22 13:12:32
INFO: [Labtools 27-3304] ILA Waveform data saved to file /home/deepaung/Courses/hw-syn-lab-i/final-project/vivado/vivado.hw/backup/hw_ila_data_1.ila. Use Tcl command 'read_hw_ila_data' or Vivado File->Import->Import ILA Data menu item to import the previously saved data.
run_hw_ila [get_hw_ilas -of_objects [get_hw_devices xc7a35t_0] -filter {CELL_NAME=~"ila_inst"}]
INFO: [Labtools 27-1964] The ILA core 'hw_ila_1' trigger was armed at 2026-Apr-22 13:12:36
wait_on_hw_ila [get_hw_ilas -of_objects [get_hw_devices xc7a35t_0] -filter {CELL_NAME=~"ila_inst"}]
display_hw_ila_data [upload_hw_ila_data [get_hw_ilas -of_objects [get_hw_devices xc7a35t_0] -filter {CELL_NAME=~"ila_inst"}]]
INFO: [Labtools 27-1966] The ILA core 'hw_ila_1' triggered at 2026-Apr-22 13:12:36
INFO: [Labtools 27-3304] ILA Waveform data saved to file /home/deepaung/Courses/hw-syn-lab-i/final-project/vivado/vivado.hw/backup/hw_ila_data_1.ila. Use Tcl command 'read_hw_ila_data' or Vivado File->Import->Import ILA Data menu item to import the previously saved data.
run_hw_ila [get_hw_ilas -of_objects [get_hw_devices xc7a35t_0] -filter {CELL_NAME=~"ila_inst"}]
INFO: [Labtools 27-1964] The ILA core 'hw_ila_1' trigger was armed at 2026-Apr-22 13:12:37
wait_on_hw_ila [get_hw_ilas -of_objects [get_hw_devices xc7a35t_0] -filter {CELL_NAME=~"ila_inst"}]
display_hw_ila_data [upload_hw_ila_data [get_hw_ilas -of_objects [get_hw_devices xc7a35t_0] -filter {CELL_NAME=~"ila_inst"}]]
INFO: [Labtools 27-1966] The ILA core 'hw_ila_1' triggered at 2026-Apr-22 13:12:37
INFO: [Labtools 27-3304] ILA Waveform data saved to file /home/deepaung/Courses/hw-syn-lab-i/final-project/vivado/vivado.hw/backup/hw_ila_data_1.ila. Use Tcl command 'read_hw_ila_data' or Vivado File->Import->Import ILA Data menu item to import the previously saved data.
run_hw_ila [get_hw_ilas -of_objects [get_hw_devices xc7a35t_0] -filter {CELL_NAME=~"ila_inst"}]
INFO: [Labtools 27-1964] The ILA core 'hw_ila_1' trigger was armed at 2026-Apr-22 13:12:39
wait_on_hw_ila [get_hw_ilas -of_objects [get_hw_devices xc7a35t_0] -filter {CELL_NAME=~"ila_inst"}]
display_hw_ila_data [upload_hw_ila_data [get_hw_ilas -of_objects [get_hw_devices xc7a35t_0] -filter {CELL_NAME=~"ila_inst"}]]
INFO: [Labtools 27-1966] The ILA core 'hw_ila_1' triggered at 2026-Apr-22 13:12:39
INFO: [Labtools 27-3304] ILA Waveform data saved to file /home/deepaung/Courses/hw-syn-lab-i/final-project/vivado/vivado.hw/backup/hw_ila_data_1.ila. Use Tcl command 'read_hw_ila_data' or Vivado File->Import->Import ILA Data menu item to import the previously saved data.
run_hw_ila [get_hw_ilas -of_objects [get_hw_devices xc7a35t_0] -filter {CELL_NAME=~"ila_inst"}]
INFO: [Labtools 27-1964] The ILA core 'hw_ila_1' trigger was armed at 2026-Apr-22 13:12:40
wait_on_hw_ila [get_hw_ilas -of_objects [get_hw_devices xc7a35t_0] -filter {CELL_NAME=~"ila_inst"}]
display_hw_ila_data [upload_hw_ila_data [get_hw_ilas -of_objects [get_hw_devices xc7a35t_0] -filter {CELL_NAME=~"ila_inst"}]]
INFO: [Labtools 27-1966] The ILA core 'hw_ila_1' triggered at 2026-Apr-22 13:12:40
INFO: [Labtools 27-3304] ILA Waveform data saved to file /home/deepaung/Courses/hw-syn-lab-i/final-project/vivado/vivado.hw/backup/hw_ila_data_1.ila. Use Tcl command 'read_hw_ila_data' or Vivado File->Import->Import ILA Data menu item to import the previously saved data.
run_hw_ila [get_hw_ilas -of_objects [get_hw_devices xc7a35t_0] -filter {CELL_NAME=~"ila_inst"}]
INFO: [Labtools 27-1964] The ILA core 'hw_ila_1' trigger was armed at 2026-Apr-22 13:12:41
wait_on_hw_ila [get_hw_ilas -of_objects [get_hw_devices xc7a35t_0] -filter {CELL_NAME=~"ila_inst"}]
display_hw_ila_data [upload_hw_ila_data [get_hw_ilas -of_objects [get_hw_devices xc7a35t_0] -filter {CELL_NAME=~"ila_inst"}]]
INFO: [Labtools 27-1966] The ILA core 'hw_ila_1' triggered at 2026-Apr-22 13:12:41
INFO: [Labtools 27-3304] ILA Waveform data saved to file /home/deepaung/Courses/hw-syn-lab-i/final-project/vivado/vivado.hw/backup/hw_ila_data_1.ila. Use Tcl command 'read_hw_ila_data' or Vivado File->Import->Import ILA Data menu item to import the previously saved data.
run_hw_ila [get_hw_ilas -of_objects [get_hw_devices xc7a35t_0] -filter {CELL_NAME=~"ila_inst"}]
INFO: [Labtools 27-1964] The ILA core 'hw_ila_1' trigger was armed at 2026-Apr-22 13:19:33
wait_on_hw_ila [get_hw_ilas -of_objects [get_hw_devices xc7a35t_0] -filter {CELL_NAME=~"ila_inst"}]
display_hw_ila_data [upload_hw_ila_data [get_hw_ilas -of_objects [get_hw_devices xc7a35t_0] -filter {CELL_NAME=~"ila_inst"}]]
INFO: [Labtools 27-1966] The ILA core 'hw_ila_1' triggered at 2026-Apr-22 13:19:33
INFO: [Labtools 27-3304] ILA Waveform data saved to file /home/deepaung/Courses/hw-syn-lab-i/final-project/vivado/vivado.hw/backup/hw_ila_data_1.ila. Use Tcl command 'read_hw_ila_data' or Vivado File->Import->Import ILA Data menu item to import the previously saved data.
run_hw_ila [get_hw_ilas -of_objects [get_hw_devices xc7a35t_0] -filter {CELL_NAME=~"ila_inst"}]
INFO: [Labtools 27-1964] The ILA core 'hw_ila_1' trigger was armed at 2026-Apr-22 13:19:34
wait_on_hw_ila [get_hw_ilas -of_objects [get_hw_devices xc7a35t_0] -filter {CELL_NAME=~"ila_inst"}]
display_hw_ila_data [upload_hw_ila_data [get_hw_ilas -of_objects [get_hw_devices xc7a35t_0] -filter {CELL_NAME=~"ila_inst"}]]
INFO: [Labtools 27-1966] The ILA core 'hw_ila_1' triggered at 2026-Apr-22 13:19:34
INFO: [Labtools 27-3304] ILA Waveform data saved to file /home/deepaung/Courses/hw-syn-lab-i/final-project/vivado/vivado.hw/backup/hw_ila_data_1.ila. Use Tcl command 'read_hw_ila_data' or Vivado File->Import->Import ILA Data menu item to import the previously saved data.
run_hw_ila [get_hw_ilas -of_objects [get_hw_devices xc7a35t_0] -filter {CELL_NAME=~"ila_inst"}]
INFO: [Labtools 27-1964] The ILA core 'hw_ila_1' trigger was armed at 2026-Apr-22 13:19:41
wait_on_hw_ila [get_hw_ilas -of_objects [get_hw_devices xc7a35t_0] -filter {CELL_NAME=~"ila_inst"}]
display_hw_ila_data [upload_hw_ila_data [get_hw_ilas -of_objects [get_hw_devices xc7a35t_0] -filter {CELL_NAME=~"ila_inst"}]]
INFO: [Labtools 27-1966] The ILA core 'hw_ila_1' triggered at 2026-Apr-22 13:19:41
INFO: [Labtools 27-3304] ILA Waveform data saved to file /home/deepaung/Courses/hw-syn-lab-i/final-project/vivado/vivado.hw/backup/hw_ila_data_1.ila. Use Tcl command 'read_hw_ila_data' or Vivado File->Import->Import ILA Data menu item to import the previously saved data.
run_hw_ila [get_hw_ilas -of_objects [get_hw_devices xc7a35t_0] -filter {CELL_NAME=~"ila_inst"}]
INFO: [Labtools 27-1964] The ILA core 'hw_ila_1' trigger was armed at 2026-Apr-22 13:19:42
wait_on_hw_ila [get_hw_ilas -of_objects [get_hw_devices xc7a35t_0] -filter {CELL_NAME=~"ila_inst"}]
display_hw_ila_data [upload_hw_ila_data [get_hw_ilas -of_objects [get_hw_devices xc7a35t_0] -filter {CELL_NAME=~"ila_inst"}]]
INFO: [Labtools 27-1966] The ILA core 'hw_ila_1' triggered at 2026-Apr-22 13:19:42
INFO: [Labtools 27-3304] ILA Waveform data saved to file /home/deepaung/Courses/hw-syn-lab-i/final-project/vivado/vivado.hw/backup/hw_ila_data_1.ila. Use Tcl command 'read_hw_ila_data' or Vivado File->Import->Import ILA Data menu item to import the previously saved data.
run_hw_ila [get_hw_ilas -of_objects [get_hw_devices xc7a35t_0] -filter {CELL_NAME=~"ila_inst"}]
INFO: [Labtools 27-1964] The ILA core 'hw_ila_1' trigger was armed at 2026-Apr-22 13:19:43
wait_on_hw_ila [get_hw_ilas -of_objects [get_hw_devices xc7a35t_0] -filter {CELL_NAME=~"ila_inst"}]
display_hw_ila_data [upload_hw_ila_data [get_hw_ilas -of_objects [get_hw_devices xc7a35t_0] -filter {CELL_NAME=~"ila_inst"}]]
INFO: [Labtools 27-1966] The ILA core 'hw_ila_1' triggered at 2026-Apr-22 13:19:43
INFO: [Labtools 27-3304] ILA Waveform data saved to file /home/deepaung/Courses/hw-syn-lab-i/final-project/vivado/vivado.hw/backup/hw_ila_data_1.ila. Use Tcl command 'read_hw_ila_data' or Vivado File->Import->Import ILA Data menu item to import the previously saved data.
run_hw_ila [get_hw_ilas -of_objects [get_hw_devices xc7a35t_0] -filter {CELL_NAME=~"ila_inst"}]
INFO: [Labtools 27-1964] The ILA core 'hw_ila_1' trigger was armed at 2026-Apr-22 13:19:44
wait_on_hw_ila [get_hw_ilas -of_objects [get_hw_devices xc7a35t_0] -filter {CELL_NAME=~"ila_inst"}]
display_hw_ila_data [upload_hw_ila_data [get_hw_ilas -of_objects [get_hw_devices xc7a35t_0] -filter {CELL_NAME=~"ila_inst"}]]
INFO: [Labtools 27-1966] The ILA core 'hw_ila_1' triggered at 2026-Apr-22 13:19:44
INFO: [Labtools 27-3304] ILA Waveform data saved to file /home/deepaung/Courses/hw-syn-lab-i/final-project/vivado/vivado.hw/backup/hw_ila_data_1.ila. Use Tcl command 'read_hw_ila_data' or Vivado File->Import->Import ILA Data menu item to import the previously saved data.
run_hw_ila [get_hw_ilas -of_objects [get_hw_devices xc7a35t_0] -filter {CELL_NAME=~"ila_inst"}]
INFO: [Labtools 27-1964] The ILA core 'hw_ila_1' trigger was armed at 2026-Apr-22 13:19:45
wait_on_hw_ila [get_hw_ilas -of_objects [get_hw_devices xc7a35t_0] -filter {CELL_NAME=~"ila_inst"}]
display_hw_ila_data [upload_hw_ila_data [get_hw_ilas -of_objects [get_hw_devices xc7a35t_0] -filter {CELL_NAME=~"ila_inst"}]]
INFO: [Labtools 27-1966] The ILA core 'hw_ila_1' triggered at 2026-Apr-22 13:19:45
INFO: [Labtools 27-3304] ILA Waveform data saved to file /home/deepaung/Courses/hw-syn-lab-i/final-project/vivado/vivado.hw/backup/hw_ila_data_1.ila. Use Tcl command 'read_hw_ila_data' or Vivado File->Import->Import ILA Data menu item to import the previously saved data.
run_hw_ila [get_hw_ilas -of_objects [get_hw_devices xc7a35t_0] -filter {CELL_NAME=~"ila_inst"}]
INFO: [Labtools 27-1964] The ILA core 'hw_ila_1' trigger was armed at 2026-Apr-22 13:19:46
wait_on_hw_ila [get_hw_ilas -of_objects [get_hw_devices xc7a35t_0] -filter {CELL_NAME=~"ila_inst"}]
display_hw_ila_data [upload_hw_ila_data [get_hw_ilas -of_objects [get_hw_devices xc7a35t_0] -filter {CELL_NAME=~"ila_inst"}]]
INFO: [Labtools 27-1966] The ILA core 'hw_ila_1' triggered at 2026-Apr-22 13:19:46
INFO: [Labtools 27-3304] ILA Waveform data saved to file /home/deepaung/Courses/hw-syn-lab-i/final-project/vivado/vivado.hw/backup/hw_ila_data_1.ila. Use Tcl command 'read_hw_ila_data' or Vivado File->Import->Import ILA Data menu item to import the previously saved data.
ERROR: [Labtoolstcl 44-513] HW Target shutdown. Closing target: localhost:3121/xilinx_tcf/Digilent/210183B81EE0A
INFO: [Labtoolstcl 44-466] Opening hw_target localhost:3121/xilinx_tcf/Digilent/210183B81EE0A
INFO: [Labtools 27-1435] Device xc7a35t (JTAG device index = 0) is not programmed (DONE status = 0).
WARNING: [Labtoolstcl 44-129] No matching hw_ila_data was found.
set_property PROBES.FILE {/home/deepaung/Courses/hw-syn-lab-i/final-project/vivado/vivado.runs/impl_1/top_test.ltx} [get_hw_devices xc7a35t_0]
set_property FULL_PROBES.FILE {/home/deepaung/Courses/hw-syn-lab-i/final-project/vivado/vivado.runs/impl_1/top_test.ltx} [get_hw_devices xc7a35t_0]
set_property PROGRAM.FILE {/home/deepaung/Courses/hw-syn-lab-i/final-project/vivado/vivado.runs/impl_1/top_test.bit} [get_hw_devices xc7a35t_0]
program_hw_devices [get_hw_devices xc7a35t_0]
INFO: [Labtools 27-3164] End of startup status: HIGH
refresh_hw_device [lindex [get_hw_devices xc7a35t_0] 0]
INFO: [Labtools 27-2302] Device xc7a35t (JTAG device index = 0) is programmed with a design that has 1 ILA core(s).
display_hw_ila_data [ get_hw_ila_data hw_ila_data_1 -of_objects [get_hw_ilas -of_objects [get_hw_devices xc7a35t_0] -filter {CELL_NAME=~"ila_inst"}]]
set_property PROBES.FILE {/home/deepaung/Courses/hw-syn-lab-i/final-project/vivado/vivado.runs/impl_1/top_test.ltx} [get_hw_devices xc7a35t_0]
set_property FULL_PROBES.FILE {/home/deepaung/Courses/hw-syn-lab-i/final-project/vivado/vivado.runs/impl_1/top_test.ltx} [get_hw_devices xc7a35t_0]
set_property PROGRAM.FILE {/home/deepaung/Courses/hw-syn-lab-i/final-project/vivado/vivado.runs/impl_1/top_test.bit} [get_hw_devices xc7a35t_0]
program_hw_devices [get_hw_devices xc7a35t_0]
INFO: [Labtools 27-3164] End of startup status: HIGH
refresh_hw_device [lindex [get_hw_devices xc7a35t_0] 0]
INFO: [Labtools 27-2302] Device xc7a35t (JTAG device index = 0) is programmed with a design that has 1 ILA core(s).
display_hw_ila_data [ get_hw_ila_data hw_ila_data_1 -of_objects [get_hw_ilas -of_objects [get_hw_devices xc7a35t_0] -filter {CELL_NAME=~"ila_inst"}]]
run_hw_ila [get_hw_ilas -of_objects [get_hw_devices xc7a35t_0] -filter {CELL_NAME=~"ila_inst"}]
INFO: [Labtools 27-1964] The ILA core 'hw_ila_1' trigger was armed at 2026-Apr-22 13:53:10
wait_on_hw_ila [get_hw_ilas -of_objects [get_hw_devices xc7a35t_0] -filter {CELL_NAME=~"ila_inst"}]
display_hw_ila_data [upload_hw_ila_data [get_hw_ilas -of_objects [get_hw_devices xc7a35t_0] -filter {CELL_NAME=~"ila_inst"}]]
INFO: [Labtools 27-1966] The ILA core 'hw_ila_1' triggered at 2026-Apr-22 13:53:10
INFO: [Labtools 27-3304] ILA Waveform data saved to file /home/deepaung/Courses/hw-syn-lab-i/final-project/vivado/vivado.hw/backup/hw_ila_data_1.ila. Use Tcl command 'read_hw_ila_data' or Vivado File->Import->Import ILA Data menu item to import the previously saved data.
run_hw_ila [get_hw_ilas -of_objects [get_hw_devices xc7a35t_0] -filter {CELL_NAME=~"ila_inst"}]
INFO: [Labtools 27-1964] The ILA core 'hw_ila_1' trigger was armed at 2026-Apr-22 13:53:17
wait_on_hw_ila [get_hw_ilas -of_objects [get_hw_devices xc7a35t_0] -filter {CELL_NAME=~"ila_inst"}]
display_hw_ila_data [upload_hw_ila_data [get_hw_ilas -of_objects [get_hw_devices xc7a35t_0] -filter {CELL_NAME=~"ila_inst"}]]
INFO: [Labtools 27-1966] The ILA core 'hw_ila_1' triggered at 2026-Apr-22 13:53:17
INFO: [Labtools 27-3304] ILA Waveform data saved to file /home/deepaung/Courses/hw-syn-lab-i/final-project/vivado/vivado.hw/backup/hw_ila_data_1.ila. Use Tcl command 'read_hw_ila_data' or Vivado File->Import->Import ILA Data menu item to import the previously saved data.
run_hw_ila [get_hw_ilas -of_objects [get_hw_devices xc7a35t_0] -filter {CELL_NAME=~"ila_inst"}]
INFO: [Labtools 27-1964] The ILA core 'hw_ila_1' trigger was armed at 2026-Apr-22 13:53:20
wait_on_hw_ila [get_hw_ilas -of_objects [get_hw_devices xc7a35t_0] -filter {CELL_NAME=~"ila_inst"}]
display_hw_ila_data [upload_hw_ila_data [get_hw_ilas -of_objects [get_hw_devices xc7a35t_0] -filter {CELL_NAME=~"ila_inst"}]]
INFO: [Labtools 27-1966] The ILA core 'hw_ila_1' triggered at 2026-Apr-22 13:53:20
INFO: [Labtools 27-3304] ILA Waveform data saved to file /home/deepaung/Courses/hw-syn-lab-i/final-project/vivado/vivado.hw/backup/hw_ila_data_1.ila. Use Tcl command 'read_hw_ila_data' or Vivado File->Import->Import ILA Data menu item to import the previously saved data.
run_hw_ila [get_hw_ilas -of_objects [get_hw_devices xc7a35t_0] -filter {CELL_NAME=~"ila_inst"}]
INFO: [Labtools 27-1964] The ILA core 'hw_ila_1' trigger was armed at 2026-Apr-22 13:53:24
wait_on_hw_ila [get_hw_ilas -of_objects [get_hw_devices xc7a35t_0] -filter {CELL_NAME=~"ila_inst"}]
display_hw_ila_data [upload_hw_ila_data [get_hw_ilas -of_objects [get_hw_devices xc7a35t_0] -filter {CELL_NAME=~"ila_inst"}]]
INFO: [Labtools 27-1966] The ILA core 'hw_ila_1' triggered at 2026-Apr-22 13:53:24
INFO: [Labtools 27-3304] ILA Waveform data saved to file /home/deepaung/Courses/hw-syn-lab-i/final-project/vivado/vivado.hw/backup/hw_ila_data_1.ila. Use Tcl command 'read_hw_ila_data' or Vivado File->Import->Import ILA Data menu item to import the previously saved data.
run_hw_ila [get_hw_ilas -of_objects [get_hw_devices xc7a35t_0] -filter {CELL_NAME=~"ila_inst"}]
INFO: [Labtools 27-1964] The ILA core 'hw_ila_1' trigger was armed at 2026-Apr-22 13:56:01
wait_on_hw_ila [get_hw_ilas -of_objects [get_hw_devices xc7a35t_0] -filter {CELL_NAME=~"ila_inst"}]
display_hw_ila_data [upload_hw_ila_data [get_hw_ilas -of_objects [get_hw_devices xc7a35t_0] -filter {CELL_NAME=~"ila_inst"}]]
INFO: [Labtools 27-1966] The ILA core 'hw_ila_1' triggered at 2026-Apr-22 13:56:01
INFO: [Labtools 27-3304] ILA Waveform data saved to file /home/deepaung/Courses/hw-syn-lab-i/final-project/vivado/vivado.hw/backup/hw_ila_data_1.ila. Use Tcl command 'read_hw_ila_data' or Vivado File->Import->Import ILA Data menu item to import the previously saved data.
set_property PROBES.FILE {/home/deepaung/Courses/hw-syn-lab-i/final-project/vivado/vivado.runs/impl_1/top_test.ltx} [get_hw_devices xc7a35t_0]
set_property FULL_PROBES.FILE {/home/deepaung/Courses/hw-syn-lab-i/final-project/vivado/vivado.runs/impl_1/top_test.ltx} [get_hw_devices xc7a35t_0]
set_property PROGRAM.FILE {/home/deepaung/Courses/hw-syn-lab-i/final-project/vivado/vivado.runs/impl_1/top_test.bit} [get_hw_devices xc7a35t_0]
program_hw_devices [get_hw_devices xc7a35t_0]
INFO: [Labtools 27-3164] End of startup status: HIGH
refresh_hw_device [lindex [get_hw_devices xc7a35t_0] 0]
INFO: [Labtools 27-2302] Device xc7a35t (JTAG device index = 0) is programmed with a design that has 1 ILA core(s).
reset_run impl_1 -prev_step 
launch_runs impl_1 -to_step write_bitstream -jobs 8
INFO: [Vivado 12-4149] The synthesis checkpoint for IP '/home/deepaung/Courses/hw-syn-lab-i/final-project/vivado/vivado.srcs/sources_1/ip/ila_data_out_1/ila_data_out.xci' is already up-to-date
[Wed Apr 22 13:59:12 2026] Launched impl_1...
Run output will be captured here: /home/deepaung/Courses/hw-syn-lab-i/final-project/vivado/vivado.runs/impl_1/runme.log
open_run impl_1
Netlist sorting complete. Time (s): cpu = 00:00:00.02 ; elapsed = 00:00:00.02 . Memory (MB): peak = 12532.621 ; gain = 0.000 ; free physical = 1953 ; free virtual = 22141
INFO: [Netlist 29-17] Analyzing 124 Unisim elements for replacement
INFO: [Netlist 29-28] Unisim Transformation completed in 0 CPU seconds
INFO: [Project 1-479] Netlist was created with Vivado 2025.2
INFO: [Project 1-570] Preparing netlist for logic optimization
Read ShapeDB Complete: Time (s): cpu = 00:00:00 ; elapsed = 00:00:00.01 . Memory (MB): peak = 12532.621 ; gain = 0.000 ; free physical = 1960 ; free virtual = 22144
INFO: [Timing 38-478] Restoring timing data from binary archive.
INFO: [Timing 38-479] Binary timing data restore complete.
INFO: [Project 1-856] Restoring constraints from binary archive.
INFO: [Project 1-853] Binary constraint restore complete.
INFO: [Designutils 20-5722] Start Reading Physical Databases.
Reading placement.
Read Netlist Cache: Time (s): cpu = 00:00:00.01 ; elapsed = 00:00:00 . Memory (MB): peak = 12532.621 ; gain = 0.000 ; free physical = 1944 ; free virtual = 22142
Reading placer database...
Read Device Cache: Time (s): cpu = 00:00:00 ; elapsed = 00:00:00.01 . Memory (MB): peak = 12532.621 ; gain = 0.000 ; free physical = 1944 ; free virtual = 22142
Read PlaceDB: Time (s): cpu = 00:00:00 ; elapsed = 00:00:00 . Memory (MB): peak = 12532.621 ; gain = 0.000 ; free physical = 1944 ; free virtual = 22142
Read placeStorage: Time (s): cpu = 00:00:00.05 ; elapsed = 00:00:00.05 . Memory (MB): peak = 12532.621 ; gain = 0.000 ; free physical = 1943 ; free virtual = 22140
Read PulsedLatchDB: Time (s): cpu = 00:00:00 ; elapsed = 00:00:00 . Memory (MB): peak = 12532.621 ; gain = 0.000 ; free physical = 1943 ; free virtual = 22140
Reading routing.
Read RouteStorage: Time (s): cpu = 00:00:00.05 ; elapsed = 00:00:00.02 . Memory (MB): peak = 12532.621 ; gain = 0.000 ; free physical = 1927 ; free virtual = 22124
Read Physdb Files: Time (s): cpu = 00:00:00.13 ; elapsed = 00:00:00.09 . Memory (MB): peak = 12532.621 ; gain = 0.000 ; free physical = 1927 ; free virtual = 22124
Restored from archive | CPU: 0.130000 secs | Memory: 2.838409 MB |
Finished XDEF File Restore: Time (s): cpu = 00:00:00.13 ; elapsed = 00:00:00.09 . Memory (MB): peak = 12532.621 ; gain = 0.000 ; free physical = 1927 ; free virtual = 22124
Netlist sorting complete. Time (s): cpu = 00:00:00 ; elapsed = 00:00:00 . Memory (MB): peak = 12532.621 ; gain = 0.000 ; free physical = 1923 ; free virtual = 22120
INFO: [Project 1-111] Unisim Transformation Summary:
  A total of 55 instances were transformed.
  CFGLUT5 => CFGLUT5 (SRL16E, SRLC32E): 48 instances
  IOBUF => IOBUF (IBUF, OBUFT): 1 instance 
  RAM32M => RAM32M (RAMD32(x6), RAMS32(x2)): 6 instances

open_run: Time (s): cpu = 00:00:10 ; elapsed = 00:00:06 . Memory (MB): peak = 12532.621 ; gain = 0.000 ; free physical = 1909 ; free virtual = 22121
set_property PROBES.FILE {/home/deepaung/Courses/hw-syn-lab-i/final-project/vivado/vivado.runs/impl_1/top_test.ltx} [get_hw_devices xc7a35t_0]
set_property FULL_PROBES.FILE {/home/deepaung/Courses/hw-syn-lab-i/final-project/vivado/vivado.runs/impl_1/top_test.ltx} [get_hw_devices xc7a35t_0]
set_property PROGRAM.FILE {/home/deepaung/Courses/hw-syn-lab-i/final-project/vivado/vivado.runs/impl_1/top_test.bit} [get_hw_devices xc7a35t_0]
program_hw_devices [get_hw_devices xc7a35t_0]
INFO: [Labtools 27-3164] End of startup status: HIGH
refresh_hw_device [lindex [get_hw_devices xc7a35t_0] 0]
INFO: [Labtools 27-2302] Device xc7a35t (JTAG device index = 0) is programmed with a design that has 1 ILA core(s).
display_hw_ila_data [ get_hw_ila_data hw_ila_data_1 -of_objects [get_hw_ilas -of_objects [get_hw_devices xc7a35t_0] -filter {CELL_NAME=~"ila_inst"}]]
run_hw_ila [get_hw_ilas -of_objects [get_hw_devices xc7a35t_0] -filter {CELL_NAME=~"ila_inst"}]
INFO: [Labtools 27-1964] The ILA core 'hw_ila_1' trigger was armed at 2026-Apr-22 14:00:39
wait_on_hw_ila [get_hw_ilas -of_objects [get_hw_devices xc7a35t_0] -filter {CELL_NAME=~"ila_inst"}]
display_hw_ila_data [upload_hw_ila_data [get_hw_ilas -of_objects [get_hw_devices xc7a35t_0] -filter {CELL_NAME=~"ila_inst"}]]
INFO: [Labtools 27-1966] The ILA core 'hw_ila_1' triggered at 2026-Apr-22 14:00:39
INFO: [Labtools 27-3304] ILA Waveform data saved to file /home/deepaung/Courses/hw-syn-lab-i/final-project/vivado/vivado.hw/backup/hw_ila_data_1.ila. Use Tcl command 'read_hw_ila_data' or Vivado File->Import->Import ILA Data menu item to import the previously saved data.
run_hw_ila [get_hw_ilas -of_objects [get_hw_devices xc7a35t_0] -filter {CELL_NAME=~"ila_inst"}]
INFO: [Labtools 27-1964] The ILA core 'hw_ila_1' trigger was armed at 2026-Apr-22 14:01:32
wait_on_hw_ila [get_hw_ilas -of_objects [get_hw_devices xc7a35t_0] -filter {CELL_NAME=~"ila_inst"}]
display_hw_ila_data [upload_hw_ila_data [get_hw_ilas -of_objects [get_hw_devices xc7a35t_0] -filter {CELL_NAME=~"ila_inst"}]]
INFO: [Labtools 27-1966] The ILA core 'hw_ila_1' triggered at 2026-Apr-22 14:01:32
INFO: [Labtools 27-3304] ILA Waveform data saved to file /home/deepaung/Courses/hw-syn-lab-i/final-project/vivado/vivado.hw/backup/hw_ila_data_1.ila. Use Tcl command 'read_hw_ila_data' or Vivado File->Import->Import ILA Data menu item to import the previously saved data.
run_hw_ila [get_hw_ilas -of_objects [get_hw_devices xc7a35t_0] -filter {CELL_NAME=~"ila_inst"}]
INFO: [Labtools 27-1964] The ILA core 'hw_ila_1' trigger was armed at 2026-Apr-22 14:01:42
wait_on_hw_ila [get_hw_ilas -of_objects [get_hw_devices xc7a35t_0] -filter {CELL_NAME=~"ila_inst"}]
display_hw_ila_data [upload_hw_ila_data [get_hw_ilas -of_objects [get_hw_devices xc7a35t_0] -filter {CELL_NAME=~"ila_inst"}]]
INFO: [Labtools 27-1966] The ILA core 'hw_ila_1' triggered at 2026-Apr-22 14:01:42
INFO: [Labtools 27-3304] ILA Waveform data saved to file /home/deepaung/Courses/hw-syn-lab-i/final-project/vivado/vivado.hw/backup/hw_ila_data_1.ila. Use Tcl command 'read_hw_ila_data' or Vivado File->Import->Import ILA Data menu item to import the previously saved data.
run_hw_ila [get_hw_ilas -of_objects [get_hw_devices xc7a35t_0] -filter {CELL_NAME=~"ila_inst"}]
INFO: [Labtools 27-1964] The ILA core 'hw_ila_1' trigger was armed at 2026-Apr-22 14:01:48
wait_on_hw_ila [get_hw_ilas -of_objects [get_hw_devices xc7a35t_0] -filter {CELL_NAME=~"ila_inst"}]
display_hw_ila_data [upload_hw_ila_data [get_hw_ilas -of_objects [get_hw_devices xc7a35t_0] -filter {CELL_NAME=~"ila_inst"}]]
INFO: [Labtools 27-1966] The ILA core 'hw_ila_1' triggered at 2026-Apr-22 14:01:48
INFO: [Labtools 27-3304] ILA Waveform data saved to file /home/deepaung/Courses/hw-syn-lab-i/final-project/vivado/vivado.hw/backup/hw_ila_data_1.ila. Use Tcl command 'read_hw_ila_data' or Vivado File->Import->Import ILA Data menu item to import the previously saved data.
run_hw_ila [get_hw_ilas -of_objects [get_hw_devices xc7a35t_0] -filter {CELL_NAME=~"ila_inst"}]
INFO: [Labtools 27-1964] The ILA core 'hw_ila_1' trigger was armed at 2026-Apr-22 14:01:50
wait_on_hw_ila [get_hw_ilas -of_objects [get_hw_devices xc7a35t_0] -filter {CELL_NAME=~"ila_inst"}]
display_hw_ila_data [upload_hw_ila_data [get_hw_ilas -of_objects [get_hw_devices xc7a35t_0] -filter {CELL_NAME=~"ila_inst"}]]
INFO: [Labtools 27-1966] The ILA core 'hw_ila_1' triggered at 2026-Apr-22 14:01:50
INFO: [Labtools 27-3304] ILA Waveform data saved to file /home/deepaung/Courses/hw-syn-lab-i/final-project/vivado/vivado.hw/backup/hw_ila_data_1.ila. Use Tcl command 'read_hw_ila_data' or Vivado File->Import->Import ILA Data menu item to import the previously saved data.
run_hw_ila [get_hw_ilas -of_objects [get_hw_devices xc7a35t_0] -filter {CELL_NAME=~"ila_inst"}]
INFO: [Labtools 27-1964] The ILA core 'hw_ila_1' trigger was armed at 2026-Apr-22 14:01:52
wait_on_hw_ila [get_hw_ilas -of_objects [get_hw_devices xc7a35t_0] -filter {CELL_NAME=~"ila_inst"}]
display_hw_ila_data [upload_hw_ila_data [get_hw_ilas -of_objects [get_hw_devices xc7a35t_0] -filter {CELL_NAME=~"ila_inst"}]]
INFO: [Labtools 27-1966] The ILA core 'hw_ila_1' triggered at 2026-Apr-22 14:01:52
INFO: [Labtools 27-3304] ILA Waveform data saved to file /home/deepaung/Courses/hw-syn-lab-i/final-project/vivado/vivado.hw/backup/hw_ila_data_1.ila. Use Tcl command 'read_hw_ila_data' or Vivado File->Import->Import ILA Data menu item to import the previously saved data.
run_hw_ila [get_hw_ilas -of_objects [get_hw_devices xc7a35t_0] -filter {CELL_NAME=~"ila_inst"}]
INFO: [Labtools 27-1964] The ILA core 'hw_ila_1' trigger was armed at 2026-Apr-22 14:01:53
wait_on_hw_ila [get_hw_ilas -of_objects [get_hw_devices xc7a35t_0] -filter {CELL_NAME=~"ila_inst"}]
display_hw_ila_data [upload_hw_ila_data [get_hw_ilas -of_objects [get_hw_devices xc7a35t_0] -filter {CELL_NAME=~"ila_inst"}]]
INFO: [Labtools 27-1966] The ILA core 'hw_ila_1' triggered at 2026-Apr-22 14:01:53
INFO: [Labtools 27-3304] ILA Waveform data saved to file /home/deepaung/Courses/hw-syn-lab-i/final-project/vivado/vivado.hw/backup/hw_ila_data_1.ila. Use Tcl command 'read_hw_ila_data' or Vivado File->Import->Import ILA Data menu item to import the previously saved data.
run_hw_ila [get_hw_ilas -of_objects [get_hw_devices xc7a35t_0] -filter {CELL_NAME=~"ila_inst"}]
INFO: [Labtools 27-1964] The ILA core 'hw_ila_1' trigger was armed at 2026-Apr-22 14:01:55
wait_on_hw_ila [get_hw_ilas -of_objects [get_hw_devices xc7a35t_0] -filter {CELL_NAME=~"ila_inst"}]
display_hw_ila_data [upload_hw_ila_data [get_hw_ilas -of_objects [get_hw_devices xc7a35t_0] -filter {CELL_NAME=~"ila_inst"}]]
INFO: [Labtools 27-1966] The ILA core 'hw_ila_1' triggered at 2026-Apr-22 14:01:55
INFO: [Labtools 27-3304] ILA Waveform data saved to file /home/deepaung/Courses/hw-syn-lab-i/final-project/vivado/vivado.hw/backup/hw_ila_data_1.ila. Use Tcl command 'read_hw_ila_data' or Vivado File->Import->Import ILA Data menu item to import the previously saved data.
run_hw_ila [get_hw_ilas -of_objects [get_hw_devices xc7a35t_0] -filter {CELL_NAME=~"ila_inst"}]
INFO: [Labtools 27-1964] The ILA core 'hw_ila_1' trigger was armed at 2026-Apr-22 14:01:58
wait_on_hw_ila [get_hw_ilas -of_objects [get_hw_devices xc7a35t_0] -filter {CELL_NAME=~"ila_inst"}]
display_hw_ila_data [upload_hw_ila_data [get_hw_ilas -of_objects [get_hw_devices xc7a35t_0] -filter {CELL_NAME=~"ila_inst"}]]
INFO: [Labtools 27-1966] The ILA core 'hw_ila_1' triggered at 2026-Apr-22 14:01:58
INFO: [Labtools 27-3304] ILA Waveform data saved to file /home/deepaung/Courses/hw-syn-lab-i/final-project/vivado/vivado.hw/backup/hw_ila_data_1.ila. Use Tcl command 'read_hw_ila_data' or Vivado File->Import->Import ILA Data menu item to import the previously saved data.
run_hw_ila [get_hw_ilas -of_objects [get_hw_devices xc7a35t_0] -filter {CELL_NAME=~"ila_inst"}]
INFO: [Labtools 27-1964] The ILA core 'hw_ila_1' trigger was armed at 2026-Apr-22 14:02:01
wait_on_hw_ila [get_hw_ilas -of_objects [get_hw_devices xc7a35t_0] -filter {CELL_NAME=~"ila_inst"}]
display_hw_ila_data [upload_hw_ila_data [get_hw_ilas -of_objects [get_hw_devices xc7a35t_0] -filter {CELL_NAME=~"ila_inst"}]]
INFO: [Labtools 27-1966] The ILA core 'hw_ila_1' triggered at 2026-Apr-22 14:02:01
INFO: [Labtools 27-3304] ILA Waveform data saved to file /home/deepaung/Courses/hw-syn-lab-i/final-project/vivado/vivado.hw/backup/hw_ila_data_1.ila. Use Tcl command 'read_hw_ila_data' or Vivado File->Import->Import ILA Data menu item to import the previously saved data.
run_hw_ila [get_hw_ilas -of_objects [get_hw_devices xc7a35t_0] -filter {CELL_NAME=~"ila_inst"}]
INFO: [Labtools 27-1964] The ILA core 'hw_ila_1' trigger was armed at 2026-Apr-22 14:02:02
wait_on_hw_ila [get_hw_ilas -of_objects [get_hw_devices xc7a35t_0] -filter {CELL_NAME=~"ila_inst"}]
display_hw_ila_data [upload_hw_ila_data [get_hw_ilas -of_objects [get_hw_devices xc7a35t_0] -filter {CELL_NAME=~"ila_inst"}]]
INFO: [Labtools 27-1966] The ILA core 'hw_ila_1' triggered at 2026-Apr-22 14:02:02
INFO: [Labtools 27-3304] ILA Waveform data saved to file /home/deepaung/Courses/hw-syn-lab-i/final-project/vivado/vivado.hw/backup/hw_ila_data_1.ila. Use Tcl command 'read_hw_ila_data' or Vivado File->Import->Import ILA Data menu item to import the previously saved data.
run_hw_ila [get_hw_ilas -of_objects [get_hw_devices xc7a35t_0] -filter {CELL_NAME=~"ila_inst"}]
INFO: [Labtools 27-1964] The ILA core 'hw_ila_1' trigger was armed at 2026-Apr-22 14:02:04
wait_on_hw_ila [get_hw_ilas -of_objects [get_hw_devices xc7a35t_0] -filter {CELL_NAME=~"ila_inst"}]
display_hw_ila_data [upload_hw_ila_data [get_hw_ilas -of_objects [get_hw_devices xc7a35t_0] -filter {CELL_NAME=~"ila_inst"}]]
INFO: [Labtools 27-1966] The ILA core 'hw_ila_1' triggered at 2026-Apr-22 14:02:04
INFO: [Labtools 27-3304] ILA Waveform data saved to file /home/deepaung/Courses/hw-syn-lab-i/final-project/vivado/vivado.hw/backup/hw_ila_data_1.ila. Use Tcl command 'read_hw_ila_data' or Vivado File->Import->Import ILA Data menu item to import the previously saved data.
run_hw_ila [get_hw_ilas -of_objects [get_hw_devices xc7a35t_0] -filter {CELL_NAME=~"ila_inst"}]
INFO: [Labtools 27-1964] The ILA core 'hw_ila_1' trigger was armed at 2026-Apr-22 14:02:05
wait_on_hw_ila [get_hw_ilas -of_objects [get_hw_devices xc7a35t_0] -filter {CELL_NAME=~"ila_inst"}]
display_hw_ila_data [upload_hw_ila_data [get_hw_ilas -of_objects [get_hw_devices xc7a35t_0] -filter {CELL_NAME=~"ila_inst"}]]
INFO: [Labtools 27-1966] The ILA core 'hw_ila_1' triggered at 2026-Apr-22 14:02:05
INFO: [Labtools 27-3304] ILA Waveform data saved to file /home/deepaung/Courses/hw-syn-lab-i/final-project/vivado/vivado.hw/backup/hw_ila_data_1.ila. Use Tcl command 'read_hw_ila_data' or Vivado File->Import->Import ILA Data menu item to import the previously saved data.
run_hw_ila [get_hw_ilas -of_objects [get_hw_devices xc7a35t_0] -filter {CELL_NAME=~"ila_inst"}]
INFO: [Labtools 27-1964] The ILA core 'hw_ila_1' trigger was armed at 2026-Apr-22 14:02:07
wait_on_hw_ila [get_hw_ilas -of_objects [get_hw_devices xc7a35t_0] -filter {CELL_NAME=~"ila_inst"}]
display_hw_ila_data [upload_hw_ila_data [get_hw_ilas -of_objects [get_hw_devices xc7a35t_0] -filter {CELL_NAME=~"ila_inst"}]]
INFO: [Labtools 27-1966] The ILA core 'hw_ila_1' triggered at 2026-Apr-22 14:02:07
INFO: [Labtools 27-3304] ILA Waveform data saved to file /home/deepaung/Courses/hw-syn-lab-i/final-project/vivado/vivado.hw/backup/hw_ila_data_1.ila. Use Tcl command 'read_hw_ila_data' or Vivado File->Import->Import ILA Data menu item to import the previously saved data.
run_hw_ila [get_hw_ilas -of_objects [get_hw_devices xc7a35t_0] -filter {CELL_NAME=~"ila_inst"}]
INFO: [Labtools 27-1964] The ILA core 'hw_ila_1' trigger was armed at 2026-Apr-22 14:02:08
wait_on_hw_ila [get_hw_ilas -of_objects [get_hw_devices xc7a35t_0] -filter {CELL_NAME=~"ila_inst"}]
display_hw_ila_data [upload_hw_ila_data [get_hw_ilas -of_objects [get_hw_devices xc7a35t_0] -filter {CELL_NAME=~"ila_inst"}]]
INFO: [Labtools 27-1966] The ILA core 'hw_ila_1' triggered at 2026-Apr-22 14:02:08
INFO: [Labtools 27-3304] ILA Waveform data saved to file /home/deepaung/Courses/hw-syn-lab-i/final-project/vivado/vivado.hw/backup/hw_ila_data_1.ila. Use Tcl command 'read_hw_ila_data' or Vivado File->Import->Import ILA Data menu item to import the previously saved data.
run_hw_ila [get_hw_ilas -of_objects [get_hw_devices xc7a35t_0] -filter {CELL_NAME=~"ila_inst"}]
INFO: [Labtools 27-1964] The ILA core 'hw_ila_1' trigger was armed at 2026-Apr-22 14:02:14
wait_on_hw_ila [get_hw_ilas -of_objects [get_hw_devices xc7a35t_0] -filter {CELL_NAME=~"ila_inst"}]
display_hw_ila_data [upload_hw_ila_data [get_hw_ilas -of_objects [get_hw_devices xc7a35t_0] -filter {CELL_NAME=~"ila_inst"}]]
INFO: [Labtools 27-1966] The ILA core 'hw_ila_1' triggered at 2026-Apr-22 14:02:14
INFO: [Labtools 27-3304] ILA Waveform data saved to file /home/deepaung/Courses/hw-syn-lab-i/final-project/vivado/vivado.hw/backup/hw_ila_data_1.ila. Use Tcl command 'read_hw_ila_data' or Vivado File->Import->Import ILA Data menu item to import the previously saved data.
run_hw_ila [get_hw_ilas -of_objects [get_hw_devices xc7a35t_0] -filter {CELL_NAME=~"ila_inst"}]
INFO: [Labtools 27-1964] The ILA core 'hw_ila_1' trigger was armed at 2026-Apr-22 14:02:17
wait_on_hw_ila [get_hw_ilas -of_objects [get_hw_devices xc7a35t_0] -filter {CELL_NAME=~"ila_inst"}]
display_hw_ila_data [upload_hw_ila_data [get_hw_ilas -of_objects [get_hw_devices xc7a35t_0] -filter {CELL_NAME=~"ila_inst"}]]
INFO: [Labtools 27-1966] The ILA core 'hw_ila_1' triggered at 2026-Apr-22 14:02:17
INFO: [Labtools 27-3304] ILA Waveform data saved to file /home/deepaung/Courses/hw-syn-lab-i/final-project/vivado/vivado.hw/backup/hw_ila_data_1.ila. Use Tcl command 'read_hw_ila_data' or Vivado File->Import->Import ILA Data menu item to import the previously saved data.
run_hw_ila [get_hw_ilas -of_objects [get_hw_devices xc7a35t_0] -filter {CELL_NAME=~"ila_inst"}]
INFO: [Labtools 27-1964] The ILA core 'hw_ila_1' trigger was armed at 2026-Apr-22 14:02:21
wait_on_hw_ila [get_hw_ilas -of_objects [get_hw_devices xc7a35t_0] -filter {CELL_NAME=~"ila_inst"}]
display_hw_ila_data [upload_hw_ila_data [get_hw_ilas -of_objects [get_hw_devices xc7a35t_0] -filter {CELL_NAME=~"ila_inst"}]]
INFO: [Labtools 27-1966] The ILA core 'hw_ila_1' triggered at 2026-Apr-22 14:02:21
INFO: [Labtools 27-3304] ILA Waveform data saved to file /home/deepaung/Courses/hw-syn-lab-i/final-project/vivado/vivado.hw/backup/hw_ila_data_1.ila. Use Tcl command 'read_hw_ila_data' or Vivado File->Import->Import ILA Data menu item to import the previously saved data.
run_hw_ila [get_hw_ilas -of_objects [get_hw_devices xc7a35t_0] -filter {CELL_NAME=~"ila_inst"}]
INFO: [Labtools 27-1964] The ILA core 'hw_ila_1' trigger was armed at 2026-Apr-22 14:02:26
wait_on_hw_ila [get_hw_ilas -of_objects [get_hw_devices xc7a35t_0] -filter {CELL_NAME=~"ila_inst"}]
display_hw_ila_data [upload_hw_ila_data [get_hw_ilas -of_objects [get_hw_devices xc7a35t_0] -filter {CELL_NAME=~"ila_inst"}]]
INFO: [Labtools 27-1966] The ILA core 'hw_ila_1' triggered at 2026-Apr-22 14:02:26
INFO: [Labtools 27-3304] ILA Waveform data saved to file /home/deepaung/Courses/hw-syn-lab-i/final-project/vivado/vivado.hw/backup/hw_ila_data_1.ila. Use Tcl command 'read_hw_ila_data' or Vivado File->Import->Import ILA Data menu item to import the previously saved data.
run_hw_ila [get_hw_ilas -of_objects [get_hw_devices xc7a35t_0] -filter {CELL_NAME=~"ila_inst"}]
INFO: [Labtools 27-1964] The ILA core 'hw_ila_1' trigger was armed at 2026-Apr-22 14:02:28
wait_on_hw_ila [get_hw_ilas -of_objects [get_hw_devices xc7a35t_0] -filter {CELL_NAME=~"ila_inst"}]
display_hw_ila_data [upload_hw_ila_data [get_hw_ilas -of_objects [get_hw_devices xc7a35t_0] -filter {CELL_NAME=~"ila_inst"}]]
INFO: [Labtools 27-1966] The ILA core 'hw_ila_1' triggered at 2026-Apr-22 14:02:28
INFO: [Labtools 27-3304] ILA Waveform data saved to file /home/deepaung/Courses/hw-syn-lab-i/final-project/vivado/vivado.hw/backup/hw_ila_data_1.ila. Use Tcl command 'read_hw_ila_data' or Vivado File->Import->Import ILA Data menu item to import the previously saved data.
run_hw_ila [get_hw_ilas -of_objects [get_hw_devices xc7a35t_0] -filter {CELL_NAME=~"ila_inst"}]
INFO: [Labtools 27-1964] The ILA core 'hw_ila_1' trigger was armed at 2026-Apr-22 14:02:29
wait_on_hw_ila [get_hw_ilas -of_objects [get_hw_devices xc7a35t_0] -filter {CELL_NAME=~"ila_inst"}]
display_hw_ila_data [upload_hw_ila_data [get_hw_ilas -of_objects [get_hw_devices xc7a35t_0] -filter {CELL_NAME=~"ila_inst"}]]
INFO: [Labtools 27-1966] The ILA core 'hw_ila_1' triggered at 2026-Apr-22 14:02:29
INFO: [Labtools 27-3304] ILA Waveform data saved to file /home/deepaung/Courses/hw-syn-lab-i/final-project/vivado/vivado.hw/backup/hw_ila_data_1.ila. Use Tcl command 'read_hw_ila_data' or Vivado File->Import->Import ILA Data menu item to import the previously saved data.
run_hw_ila [get_hw_ilas -of_objects [get_hw_devices xc7a35t_0] -filter {CELL_NAME=~"ila_inst"}]
INFO: [Labtools 27-1964] The ILA core 'hw_ila_1' trigger was armed at 2026-Apr-22 14:02:30
wait_on_hw_ila [get_hw_ilas -of_objects [get_hw_devices xc7a35t_0] -filter {CELL_NAME=~"ila_inst"}]
display_hw_ila_data [upload_hw_ila_data [get_hw_ilas -of_objects [get_hw_devices xc7a35t_0] -filter {CELL_NAME=~"ila_inst"}]]
INFO: [Labtools 27-1966] The ILA core 'hw_ila_1' triggered at 2026-Apr-22 14:02:30
INFO: [Labtools 27-3304] ILA Waveform data saved to file /home/deepaung/Courses/hw-syn-lab-i/final-project/vivado/vivado.hw/backup/hw_ila_data_1.ila. Use Tcl command 'read_hw_ila_data' or Vivado File->Import->Import ILA Data menu item to import the previously saved data.
run_hw_ila [get_hw_ilas -of_objects [get_hw_devices xc7a35t_0] -filter {CELL_NAME=~"ila_inst"}]
INFO: [Labtools 27-1964] The ILA core 'hw_ila_1' trigger was armed at 2026-Apr-22 14:02:32
wait_on_hw_ila [get_hw_ilas -of_objects [get_hw_devices xc7a35t_0] -filter {CELL_NAME=~"ila_inst"}]
display_hw_ila_data [upload_hw_ila_data [get_hw_ilas -of_objects [get_hw_devices xc7a35t_0] -filter {CELL_NAME=~"ila_inst"}]]
INFO: [Labtools 27-1966] The ILA core 'hw_ila_1' triggered at 2026-Apr-22 14:02:32
INFO: [Labtools 27-3304] ILA Waveform data saved to file /home/deepaung/Courses/hw-syn-lab-i/final-project/vivado/vivado.hw/backup/hw_ila_data_1.ila. Use Tcl command 'read_hw_ila_data' or Vivado File->Import->Import ILA Data menu item to import the previously saved data.
run_hw_ila [get_hw_ilas -of_objects [get_hw_devices xc7a35t_0] -filter {CELL_NAME=~"ila_inst"}]
INFO: [Labtools 27-1964] The ILA core 'hw_ila_1' trigger was armed at 2026-Apr-22 14:02:33
wait_on_hw_ila [get_hw_ilas -of_objects [get_hw_devices xc7a35t_0] -filter {CELL_NAME=~"ila_inst"}]
display_hw_ila_data [upload_hw_ila_data [get_hw_ilas -of_objects [get_hw_devices xc7a35t_0] -filter {CELL_NAME=~"ila_inst"}]]
INFO: [Labtools 27-1966] The ILA core 'hw_ila_1' triggered at 2026-Apr-22 14:02:33
INFO: [Labtools 27-3304] ILA Waveform data saved to file /home/deepaung/Courses/hw-syn-lab-i/final-project/vivado/vivado.hw/backup/hw_ila_data_1.ila. Use Tcl command 'read_hw_ila_data' or Vivado File->Import->Import ILA Data menu item to import the previously saved data.
run_hw_ila [get_hw_ilas -of_objects [get_hw_devices xc7a35t_0] -filter {CELL_NAME=~"ila_inst"}]
INFO: [Labtools 27-1964] The ILA core 'hw_ila_1' trigger was armed at 2026-Apr-22 14:02:34
wait_on_hw_ila [get_hw_ilas -of_objects [get_hw_devices xc7a35t_0] -filter {CELL_NAME=~"ila_inst"}]
display_hw_ila_data [upload_hw_ila_data [get_hw_ilas -of_objects [get_hw_devices xc7a35t_0] -filter {CELL_NAME=~"ila_inst"}]]
INFO: [Labtools 27-1966] The ILA core 'hw_ila_1' triggered at 2026-Apr-22 14:02:34
INFO: [Labtools 27-3304] ILA Waveform data saved to file /home/deepaung/Courses/hw-syn-lab-i/final-project/vivado/vivado.hw/backup/hw_ila_data_1.ila. Use Tcl command 'read_hw_ila_data' or Vivado File->Import->Import ILA Data menu item to import the previously saved data.
run_hw_ila [get_hw_ilas -of_objects [get_hw_devices xc7a35t_0] -filter {CELL_NAME=~"ila_inst"}]
INFO: [Labtools 27-1964] The ILA core 'hw_ila_1' trigger was armed at 2026-Apr-22 14:02:36
wait_on_hw_ila [get_hw_ilas -of_objects [get_hw_devices xc7a35t_0] -filter {CELL_NAME=~"ila_inst"}]
display_hw_ila_data [upload_hw_ila_data [get_hw_ilas -of_objects [get_hw_devices xc7a35t_0] -filter {CELL_NAME=~"ila_inst"}]]
INFO: [Labtools 27-1966] The ILA core 'hw_ila_1' triggered at 2026-Apr-22 14:02:36
INFO: [Labtools 27-3304] ILA Waveform data saved to file /home/deepaung/Courses/hw-syn-lab-i/final-project/vivado/vivado.hw/backup/hw_ila_data_1.ila. Use Tcl command 'read_hw_ila_data' or Vivado File->Import->Import ILA Data menu item to import the previously saved data.
run_hw_ila [get_hw_ilas -of_objects [get_hw_devices xc7a35t_0] -filter {CELL_NAME=~"ila_inst"}]
INFO: [Labtools 27-1964] The ILA core 'hw_ila_1' trigger was armed at 2026-Apr-22 14:02:38
wait_on_hw_ila [get_hw_ilas -of_objects [get_hw_devices xc7a35t_0] -filter {CELL_NAME=~"ila_inst"}]
display_hw_ila_data [upload_hw_ila_data [get_hw_ilas -of_objects [get_hw_devices xc7a35t_0] -filter {CELL_NAME=~"ila_inst"}]]
INFO: [Labtools 27-1966] The ILA core 'hw_ila_1' triggered at 2026-Apr-22 14:02:38
INFO: [Labtools 27-3304] ILA Waveform data saved to file /home/deepaung/Courses/hw-syn-lab-i/final-project/vivado/vivado.hw/backup/hw_ila_data_1.ila. Use Tcl command 'read_hw_ila_data' or Vivado File->Import->Import ILA Data menu item to import the previously saved data.
run_hw_ila [get_hw_ilas -of_objects [get_hw_devices xc7a35t_0] -filter {CELL_NAME=~"ila_inst"}]
INFO: [Labtools 27-1964] The ILA core 'hw_ila_1' trigger was armed at 2026-Apr-22 14:02:39
wait_on_hw_ila [get_hw_ilas -of_objects [get_hw_devices xc7a35t_0] -filter {CELL_NAME=~"ila_inst"}]
display_hw_ila_data [upload_hw_ila_data [get_hw_ilas -of_objects [get_hw_devices xc7a35t_0] -filter {CELL_NAME=~"ila_inst"}]]
INFO: [Labtools 27-1966] The ILA core 'hw_ila_1' triggered at 2026-Apr-22 14:02:39
INFO: [Labtools 27-3304] ILA Waveform data saved to file /home/deepaung/Courses/hw-syn-lab-i/final-project/vivado/vivado.hw/backup/hw_ila_data_1.ila. Use Tcl command 'read_hw_ila_data' or Vivado File->Import->Import ILA Data menu item to import the previously saved data.
run_hw_ila [get_hw_ilas -of_objects [get_hw_devices xc7a35t_0] -filter {CELL_NAME=~"ila_inst"}]
INFO: [Labtools 27-1964] The ILA core 'hw_ila_1' trigger was armed at 2026-Apr-22 14:02:40
wait_on_hw_ila [get_hw_ilas -of_objects [get_hw_devices xc7a35t_0] -filter {CELL_NAME=~"ila_inst"}]
display_hw_ila_data [upload_hw_ila_data [get_hw_ilas -of_objects [get_hw_devices xc7a35t_0] -filter {CELL_NAME=~"ila_inst"}]]
INFO: [Labtools 27-1966] The ILA core 'hw_ila_1' triggered at 2026-Apr-22 14:02:40
INFO: [Labtools 27-3304] ILA Waveform data saved to file /home/deepaung/Courses/hw-syn-lab-i/final-project/vivado/vivado.hw/backup/hw_ila_data_1.ila. Use Tcl command 'read_hw_ila_data' or Vivado File->Import->Import ILA Data menu item to import the previously saved data.
run_hw_ila [get_hw_ilas -of_objects [get_hw_devices xc7a35t_0] -filter {CELL_NAME=~"ila_inst"}]
INFO: [Labtools 27-1964] The ILA core 'hw_ila_1' trigger was armed at 2026-Apr-22 14:02:41
wait_on_hw_ila [get_hw_ilas -of_objects [get_hw_devices xc7a35t_0] -filter {CELL_NAME=~"ila_inst"}]
display_hw_ila_data [upload_hw_ila_data [get_hw_ilas -of_objects [get_hw_devices xc7a35t_0] -filter {CELL_NAME=~"ila_inst"}]]
INFO: [Labtools 27-1966] The ILA core 'hw_ila_1' triggered at 2026-Apr-22 14:02:41
INFO: [Labtools 27-3304] ILA Waveform data saved to file /home/deepaung/Courses/hw-syn-lab-i/final-project/vivado/vivado.hw/backup/hw_ila_data_1.ila. Use Tcl command 'read_hw_ila_data' or Vivado File->Import->Import ILA Data menu item to import the previously saved data.
run_hw_ila [get_hw_ilas -of_objects [get_hw_devices xc7a35t_0] -filter {CELL_NAME=~"ila_inst"}]
INFO: [Labtools 27-1964] The ILA core 'hw_ila_1' trigger was armed at 2026-Apr-22 14:02:42
wait_on_hw_ila [get_hw_ilas -of_objects [get_hw_devices xc7a35t_0] -filter {CELL_NAME=~"ila_inst"}]
display_hw_ila_data [upload_hw_ila_data [get_hw_ilas -of_objects [get_hw_devices xc7a35t_0] -filter {CELL_NAME=~"ila_inst"}]]
INFO: [Labtools 27-1966] The ILA core 'hw_ila_1' triggered at 2026-Apr-22 14:02:42
INFO: [Labtools 27-3304] ILA Waveform data saved to file /home/deepaung/Courses/hw-syn-lab-i/final-project/vivado/vivado.hw/backup/hw_ila_data_1.ila. Use Tcl command 'read_hw_ila_data' or Vivado File->Import->Import ILA Data menu item to import the previously saved data.
run_hw_ila [get_hw_ilas -of_objects [get_hw_devices xc7a35t_0] -filter {CELL_NAME=~"ila_inst"}]
INFO: [Labtools 27-1964] The ILA core 'hw_ila_1' trigger was armed at 2026-Apr-22 14:02:45
wait_on_hw_ila [get_hw_ilas -of_objects [get_hw_devices xc7a35t_0] -filter {CELL_NAME=~"ila_inst"}]
display_hw_ila_data [upload_hw_ila_data [get_hw_ilas -of_objects [get_hw_devices xc7a35t_0] -filter {CELL_NAME=~"ila_inst"}]]
INFO: [Labtools 27-1966] The ILA core 'hw_ila_1' triggered at 2026-Apr-22 14:02:45
INFO: [Labtools 27-3304] ILA Waveform data saved to file /home/deepaung/Courses/hw-syn-lab-i/final-project/vivado/vivado.hw/backup/hw_ila_data_1.ila. Use Tcl command 'read_hw_ila_data' or Vivado File->Import->Import ILA Data menu item to import the previously saved data.
run_hw_ila [get_hw_ilas -of_objects [get_hw_devices xc7a35t_0] -filter {CELL_NAME=~"ila_inst"}]
INFO: [Labtools 27-1964] The ILA core 'hw_ila_1' trigger was armed at 2026-Apr-22 14:02:46
wait_on_hw_ila [get_hw_ilas -of_objects [get_hw_devices xc7a35t_0] -filter {CELL_NAME=~"ila_inst"}]
display_hw_ila_data [upload_hw_ila_data [get_hw_ilas -of_objects [get_hw_devices xc7a35t_0] -filter {CELL_NAME=~"ila_inst"}]]
INFO: [Labtools 27-1966] The ILA core 'hw_ila_1' triggered at 2026-Apr-22 14:02:46
INFO: [Labtools 27-3304] ILA Waveform data saved to file /home/deepaung/Courses/hw-syn-lab-i/final-project/vivado/vivado.hw/backup/hw_ila_data_1.ila. Use Tcl command 'read_hw_ila_data' or Vivado File->Import->Import ILA Data menu item to import the previously saved data.
run_hw_ila [get_hw_ilas -of_objects [get_hw_devices xc7a35t_0] -filter {CELL_NAME=~"ila_inst"}]
INFO: [Labtools 27-1964] The ILA core 'hw_ila_1' trigger was armed at 2026-Apr-22 14:02:47
wait_on_hw_ila [get_hw_ilas -of_objects [get_hw_devices xc7a35t_0] -filter {CELL_NAME=~"ila_inst"}]
display_hw_ila_data [upload_hw_ila_data [get_hw_ilas -of_objects [get_hw_devices xc7a35t_0] -filter {CELL_NAME=~"ila_inst"}]]
INFO: [Labtools 27-1966] The ILA core 'hw_ila_1' triggered at 2026-Apr-22 14:02:47
INFO: [Labtools 27-3304] ILA Waveform data saved to file /home/deepaung/Courses/hw-syn-lab-i/final-project/vivado/vivado.hw/backup/hw_ila_data_1.ila. Use Tcl command 'read_hw_ila_data' or Vivado File->Import->Import ILA Data menu item to import the previously saved data.
run_hw_ila [get_hw_ilas -of_objects [get_hw_devices xc7a35t_0] -filter {CELL_NAME=~"ila_inst"}]
INFO: [Labtools 27-1964] The ILA core 'hw_ila_1' trigger was armed at 2026-Apr-22 14:02:49
wait_on_hw_ila [get_hw_ilas -of_objects [get_hw_devices xc7a35t_0] -filter {CELL_NAME=~"ila_inst"}]
display_hw_ila_data [upload_hw_ila_data [get_hw_ilas -of_objects [get_hw_devices xc7a35t_0] -filter {CELL_NAME=~"ila_inst"}]]
INFO: [Labtools 27-1966] The ILA core 'hw_ila_1' triggered at 2026-Apr-22 14:02:49
INFO: [Labtools 27-3304] ILA Waveform data saved to file /home/deepaung/Courses/hw-syn-lab-i/final-project/vivado/vivado.hw/backup/hw_ila_data_1.ila. Use Tcl command 'read_hw_ila_data' or Vivado File->Import->Import ILA Data menu item to import the previously saved data.
run_hw_ila [get_hw_ilas -of_objects [get_hw_devices xc7a35t_0] -filter {CELL_NAME=~"ila_inst"}]
INFO: [Labtools 27-1964] The ILA core 'hw_ila_1' trigger was armed at 2026-Apr-22 14:02:50
wait_on_hw_ila [get_hw_ilas -of_objects [get_hw_devices xc7a35t_0] -filter {CELL_NAME=~"ila_inst"}]
display_hw_ila_data [upload_hw_ila_data [get_hw_ilas -of_objects [get_hw_devices xc7a35t_0] -filter {CELL_NAME=~"ila_inst"}]]
INFO: [Labtools 27-1966] The ILA core 'hw_ila_1' triggered at 2026-Apr-22 14:02:50
INFO: [Labtools 27-3304] ILA Waveform data saved to file /home/deepaung/Courses/hw-syn-lab-i/final-project/vivado/vivado.hw/backup/hw_ila_data_1.ila. Use Tcl command 'read_hw_ila_data' or Vivado File->Import->Import ILA Data menu item to import the previously saved data.
run_hw_ila [get_hw_ilas -of_objects [get_hw_devices xc7a35t_0] -filter {CELL_NAME=~"ila_inst"}]
INFO: [Labtools 27-1964] The ILA core 'hw_ila_1' trigger was armed at 2026-Apr-22 14:02:51
wait_on_hw_ila [get_hw_ilas -of_objects [get_hw_devices xc7a35t_0] -filter {CELL_NAME=~"ila_inst"}]
display_hw_ila_data [upload_hw_ila_data [get_hw_ilas -of_objects [get_hw_devices xc7a35t_0] -filter {CELL_NAME=~"ila_inst"}]]
INFO: [Labtools 27-1966] The ILA core 'hw_ila_1' triggered at 2026-Apr-22 14:02:51
INFO: [Labtools 27-3304] ILA Waveform data saved to file /home/deepaung/Courses/hw-syn-lab-i/final-project/vivado/vivado.hw/backup/hw_ila_data_1.ila. Use Tcl command 'read_hw_ila_data' or Vivado File->Import->Import ILA Data menu item to import the previously saved data.
run_hw_ila [get_hw_ilas -of_objects [get_hw_devices xc7a35t_0] -filter {CELL_NAME=~"ila_inst"}]
INFO: [Labtools 27-1964] The ILA core 'hw_ila_1' trigger was armed at 2026-Apr-22 14:07:32
wait_on_hw_ila [get_hw_ilas -of_objects [get_hw_devices xc7a35t_0] -filter {CELL_NAME=~"ila_inst"}]
display_hw_ila_data [upload_hw_ila_data [get_hw_ilas -of_objects [get_hw_devices xc7a35t_0] -filter {CELL_NAME=~"ila_inst"}]]
INFO: [Labtools 27-1966] The ILA core 'hw_ila_1' triggered at 2026-Apr-22 14:07:32
INFO: [Labtools 27-3304] ILA Waveform data saved to file /home/deepaung/Courses/hw-syn-lab-i/final-project/vivado/vivado.hw/backup/hw_ila_data_1.ila. Use Tcl command 'read_hw_ila_data' or Vivado File->Import->Import ILA Data menu item to import the previously saved data.
run_hw_ila [get_hw_ilas -of_objects [get_hw_devices xc7a35t_0] -filter {CELL_NAME=~"ila_inst"}]
INFO: [Labtools 27-1964] The ILA core 'hw_ila_1' trigger was armed at 2026-Apr-22 14:07:35
wait_on_hw_ila [get_hw_ilas -of_objects [get_hw_devices xc7a35t_0] -filter {CELL_NAME=~"ila_inst"}]
display_hw_ila_data [upload_hw_ila_data [get_hw_ilas -of_objects [get_hw_devices xc7a35t_0] -filter {CELL_NAME=~"ila_inst"}]]
INFO: [Labtools 27-1966] The ILA core 'hw_ila_1' triggered at 2026-Apr-22 14:07:35
INFO: [Labtools 27-3304] ILA Waveform data saved to file /home/deepaung/Courses/hw-syn-lab-i/final-project/vivado/vivado.hw/backup/hw_ila_data_1.ila. Use Tcl command 'read_hw_ila_data' or Vivado File->Import->Import ILA Data menu item to import the previously saved data.
run_hw_ila [get_hw_ilas -of_objects [get_hw_devices xc7a35t_0] -filter {CELL_NAME=~"ila_inst"}]
INFO: [Labtools 27-1964] The ILA core 'hw_ila_1' trigger was armed at 2026-Apr-22 14:07:37
wait_on_hw_ila [get_hw_ilas -of_objects [get_hw_devices xc7a35t_0] -filter {CELL_NAME=~"ila_inst"}]
display_hw_ila_data [upload_hw_ila_data [get_hw_ilas -of_objects [get_hw_devices xc7a35t_0] -filter {CELL_NAME=~"ila_inst"}]]
INFO: [Labtools 27-1966] The ILA core 'hw_ila_1' triggered at 2026-Apr-22 14:07:37
INFO: [Labtools 27-3304] ILA Waveform data saved to file /home/deepaung/Courses/hw-syn-lab-i/final-project/vivado/vivado.hw/backup/hw_ila_data_1.ila. Use Tcl command 'read_hw_ila_data' or Vivado File->Import->Import ILA Data menu item to import the previously saved data.
run_hw_ila [get_hw_ilas -of_objects [get_hw_devices xc7a35t_0] -filter {CELL_NAME=~"ila_inst"}]
INFO: [Labtools 27-1964] The ILA core 'hw_ila_1' trigger was armed at 2026-Apr-22 14:07:37
wait_on_hw_ila [get_hw_ilas -of_objects [get_hw_devices xc7a35t_0] -filter {CELL_NAME=~"ila_inst"}]
display_hw_ila_data [upload_hw_ila_data [get_hw_ilas -of_objects [get_hw_devices xc7a35t_0] -filter {CELL_NAME=~"ila_inst"}]]
INFO: [Labtools 27-1966] The ILA core 'hw_ila_1' triggered at 2026-Apr-22 14:07:37
INFO: [Labtools 27-3304] ILA Waveform data saved to file /home/deepaung/Courses/hw-syn-lab-i/final-project/vivado/vivado.hw/backup/hw_ila_data_1.ila. Use Tcl command 'read_hw_ila_data' or Vivado File->Import->Import ILA Data menu item to import the previously saved data.
run_hw_ila [get_hw_ilas -of_objects [get_hw_devices xc7a35t_0] -filter {CELL_NAME=~"ila_inst"}]
INFO: [Labtools 27-1964] The ILA core 'hw_ila_1' trigger was armed at 2026-Apr-22 14:07:39
wait_on_hw_ila [get_hw_ilas -of_objects [get_hw_devices xc7a35t_0] -filter {CELL_NAME=~"ila_inst"}]
display_hw_ila_data [upload_hw_ila_data [get_hw_ilas -of_objects [get_hw_devices xc7a35t_0] -filter {CELL_NAME=~"ila_inst"}]]
INFO: [Labtools 27-1966] The ILA core 'hw_ila_1' triggered at 2026-Apr-22 14:07:39
INFO: [Labtools 27-3304] ILA Waveform data saved to file /home/deepaung/Courses/hw-syn-lab-i/final-project/vivado/vivado.hw/backup/hw_ila_data_1.ila. Use Tcl command 'read_hw_ila_data' or Vivado File->Import->Import ILA Data menu item to import the previously saved data.
run_hw_ila [get_hw_ilas -of_objects [get_hw_devices xc7a35t_0] -filter {CELL_NAME=~"ila_inst"}]
INFO: [Labtools 27-1964] The ILA core 'hw_ila_1' trigger was armed at 2026-Apr-22 14:07:46
wait_on_hw_ila [get_hw_ilas -of_objects [get_hw_devices xc7a35t_0] -filter {CELL_NAME=~"ila_inst"}]
display_hw_ila_data [upload_hw_ila_data [get_hw_ilas -of_objects [get_hw_devices xc7a35t_0] -filter {CELL_NAME=~"ila_inst"}]]
INFO: [Labtools 27-1966] The ILA core 'hw_ila_1' triggered at 2026-Apr-22 14:07:46
INFO: [Labtools 27-3304] ILA Waveform data saved to file /home/deepaung/Courses/hw-syn-lab-i/final-project/vivado/vivado.hw/backup/hw_ila_data_1.ila. Use Tcl command 'read_hw_ila_data' or Vivado File->Import->Import ILA Data menu item to import the previously saved data.
run_hw_ila [get_hw_ilas -of_objects [get_hw_devices xc7a35t_0] -filter {CELL_NAME=~"ila_inst"}]
INFO: [Labtools 27-1964] The ILA core 'hw_ila_1' trigger was armed at 2026-Apr-22 14:07:47
wait_on_hw_ila [get_hw_ilas -of_objects [get_hw_devices xc7a35t_0] -filter {CELL_NAME=~"ila_inst"}]
display_hw_ila_data [upload_hw_ila_data [get_hw_ilas -of_objects [get_hw_devices xc7a35t_0] -filter {CELL_NAME=~"ila_inst"}]]
INFO: [Labtools 27-1966] The ILA core 'hw_ila_1' triggered at 2026-Apr-22 14:07:47
INFO: [Labtools 27-3304] ILA Waveform data saved to file /home/deepaung/Courses/hw-syn-lab-i/final-project/vivado/vivado.hw/backup/hw_ila_data_1.ila. Use Tcl command 'read_hw_ila_data' or Vivado File->Import->Import ILA Data menu item to import the previously saved data.
run_hw_ila [get_hw_ilas -of_objects [get_hw_devices xc7a35t_0] -filter {CELL_NAME=~"ila_inst"}]
INFO: [Labtools 27-1964] The ILA core 'hw_ila_1' trigger was armed at 2026-Apr-22 14:07:51
wait_on_hw_ila [get_hw_ilas -of_objects [get_hw_devices xc7a35t_0] -filter {CELL_NAME=~"ila_inst"}]
display_hw_ila_data [upload_hw_ila_data [get_hw_ilas -of_objects [get_hw_devices xc7a35t_0] -filter {CELL_NAME=~"ila_inst"}]]
INFO: [Labtools 27-1966] The ILA core 'hw_ila_1' triggered at 2026-Apr-22 14:07:51
INFO: [Labtools 27-3304] ILA Waveform data saved to file /home/deepaung/Courses/hw-syn-lab-i/final-project/vivado/vivado.hw/backup/hw_ila_data_1.ila. Use Tcl command 'read_hw_ila_data' or Vivado File->Import->Import ILA Data menu item to import the previously saved data.
run_hw_ila [get_hw_ilas -of_objects [get_hw_devices xc7a35t_0] -filter {CELL_NAME=~"ila_inst"}]
INFO: [Labtools 27-1964] The ILA core 'hw_ila_1' trigger was armed at 2026-Apr-22 14:07:52
wait_on_hw_ila [get_hw_ilas -of_objects [get_hw_devices xc7a35t_0] -filter {CELL_NAME=~"ila_inst"}]
display_hw_ila_data [upload_hw_ila_data [get_hw_ilas -of_objects [get_hw_devices xc7a35t_0] -filter {CELL_NAME=~"ila_inst"}]]
INFO: [Labtools 27-1966] The ILA core 'hw_ila_1' triggered at 2026-Apr-22 14:07:52
INFO: [Labtools 27-3304] ILA Waveform data saved to file /home/deepaung/Courses/hw-syn-lab-i/final-project/vivado/vivado.hw/backup/hw_ila_data_1.ila. Use Tcl command 'read_hw_ila_data' or Vivado File->Import->Import ILA Data menu item to import the previously saved data.
run_hw_ila [get_hw_ilas -of_objects [get_hw_devices xc7a35t_0] -filter {CELL_NAME=~"ila_inst"}]
INFO: [Labtools 27-1964] The ILA core 'hw_ila_1' trigger was armed at 2026-Apr-22 14:07:54
wait_on_hw_ila [get_hw_ilas -of_objects [get_hw_devices xc7a35t_0] -filter {CELL_NAME=~"ila_inst"}]
display_hw_ila_data [upload_hw_ila_data [get_hw_ilas -of_objects [get_hw_devices xc7a35t_0] -filter {CELL_NAME=~"ila_inst"}]]
INFO: [Labtools 27-1966] The ILA core 'hw_ila_1' triggered at 2026-Apr-22 14:07:54
INFO: [Labtools 27-3304] ILA Waveform data saved to file /home/deepaung/Courses/hw-syn-lab-i/final-project/vivado/vivado.hw/backup/hw_ila_data_1.ila. Use Tcl command 'read_hw_ila_data' or Vivado File->Import->Import ILA Data menu item to import the previously saved data.
run_hw_ila [get_hw_ilas -of_objects [get_hw_devices xc7a35t_0] -filter {CELL_NAME=~"ila_inst"}]
INFO: [Labtools 27-1964] The ILA core 'hw_ila_1' trigger was armed at 2026-Apr-22 14:07:55
wait_on_hw_ila [get_hw_ilas -of_objects [get_hw_devices xc7a35t_0] -filter {CELL_NAME=~"ila_inst"}]
display_hw_ila_data [upload_hw_ila_data [get_hw_ilas -of_objects [get_hw_devices xc7a35t_0] -filter {CELL_NAME=~"ila_inst"}]]
INFO: [Labtools 27-1966] The ILA core 'hw_ila_1' triggered at 2026-Apr-22 14:07:55
INFO: [Labtools 27-3304] ILA Waveform data saved to file /home/deepaung/Courses/hw-syn-lab-i/final-project/vivado/vivado.hw/backup/hw_ila_data_1.ila. Use Tcl command 'read_hw_ila_data' or Vivado File->Import->Import ILA Data menu item to import the previously saved data.
run_hw_ila [get_hw_ilas -of_objects [get_hw_devices xc7a35t_0] -filter {CELL_NAME=~"ila_inst"}]
INFO: [Labtools 27-1964] The ILA core 'hw_ila_1' trigger was armed at 2026-Apr-22 14:07:56
wait_on_hw_ila [get_hw_ilas -of_objects [get_hw_devices xc7a35t_0] -filter {CELL_NAME=~"ila_inst"}]
display_hw_ila_data [upload_hw_ila_data [get_hw_ilas -of_objects [get_hw_devices xc7a35t_0] -filter {CELL_NAME=~"ila_inst"}]]
INFO: [Labtools 27-1966] The ILA core 'hw_ila_1' triggered at 2026-Apr-22 14:07:56
INFO: [Labtools 27-3304] ILA Waveform data saved to file /home/deepaung/Courses/hw-syn-lab-i/final-project/vivado/vivado.hw/backup/hw_ila_data_1.ila. Use Tcl command 'read_hw_ila_data' or Vivado File->Import->Import ILA Data menu item to import the previously saved data.
run_hw_ila [get_hw_ilas -of_objects [get_hw_devices xc7a35t_0] -filter {CELL_NAME=~"ila_inst"}]
INFO: [Labtools 27-1964] The ILA core 'hw_ila_1' trigger was armed at 2026-Apr-22 14:07:57
wait_on_hw_ila [get_hw_ilas -of_objects [get_hw_devices xc7a35t_0] -filter {CELL_NAME=~"ila_inst"}]
display_hw_ila_data [upload_hw_ila_data [get_hw_ilas -of_objects [get_hw_devices xc7a35t_0] -filter {CELL_NAME=~"ila_inst"}]]
INFO: [Labtools 27-1966] The ILA core 'hw_ila_1' triggered at 2026-Apr-22 14:07:57
INFO: [Labtools 27-3304] ILA Waveform data saved to file /home/deepaung/Courses/hw-syn-lab-i/final-project/vivado/vivado.hw/backup/hw_ila_data_1.ila. Use Tcl command 'read_hw_ila_data' or Vivado File->Import->Import ILA Data menu item to import the previously saved data.
run_hw_ila [get_hw_ilas -of_objects [get_hw_devices xc7a35t_0] -filter {CELL_NAME=~"ila_inst"}] -trigger_now
INFO: [Labtools 27-1964] The ILA core 'hw_ila_1' trigger was armed at 2026-Apr-22 14:08:07
wait_on_hw_ila [get_hw_ilas -of_objects [get_hw_devices xc7a35t_0] -filter {CELL_NAME=~"ila_inst"}]
display_hw_ila_data [upload_hw_ila_data [get_hw_ilas -of_objects [get_hw_devices xc7a35t_0] -filter {CELL_NAME=~"ila_inst"}]]
INFO: [Labtools 27-1966] The ILA core 'hw_ila_1' triggered at 2026-Apr-22 14:08:07
INFO: [Labtools 27-3304] ILA Waveform data saved to file /home/deepaung/Courses/hw-syn-lab-i/final-project/vivado/vivado.hw/backup/hw_ila_data_1.ila. Use Tcl command 'read_hw_ila_data' or Vivado File->Import->Import ILA Data menu item to import the previously saved data.
run_hw_ila [get_hw_ilas -of_objects [get_hw_devices xc7a35t_0] -filter {CELL_NAME=~"ila_inst"}]
INFO: [Labtools 27-1964] The ILA core 'hw_ila_1' trigger was armed at 2026-Apr-22 14:12:27
wait_on_hw_ila [get_hw_ilas -of_objects [get_hw_devices xc7a35t_0] -filter {CELL_NAME=~"ila_inst"}]
display_hw_ila_data [upload_hw_ila_data [get_hw_ilas -of_objects [get_hw_devices xc7a35t_0] -filter {CELL_NAME=~"ila_inst"}]]
INFO: [Labtools 27-1966] The ILA core 'hw_ila_1' triggered at 2026-Apr-22 14:12:27
INFO: [Labtools 27-3304] ILA Waveform data saved to file /home/deepaung/Courses/hw-syn-lab-i/final-project/vivado/vivado.hw/backup/hw_ila_data_1.ila. Use Tcl command 'read_hw_ila_data' or Vivado File->Import->Import ILA Data menu item to import the previously saved data.
run_hw_ila [get_hw_ilas -of_objects [get_hw_devices xc7a35t_0] -filter {CELL_NAME=~"ila_inst"}]
INFO: [Labtools 27-1964] The ILA core 'hw_ila_1' trigger was armed at 2026-Apr-22 14:12:30
wait_on_hw_ila [get_hw_ilas -of_objects [get_hw_devices xc7a35t_0] -filter {CELL_NAME=~"ila_inst"}]
display_hw_ila_data [upload_hw_ila_data [get_hw_ilas -of_objects [get_hw_devices xc7a35t_0] -filter {CELL_NAME=~"ila_inst"}]]
INFO: [Labtools 27-1966] The ILA core 'hw_ila_1' triggered at 2026-Apr-22 14:12:30
INFO: [Labtools 27-3304] ILA Waveform data saved to file /home/deepaung/Courses/hw-syn-lab-i/final-project/vivado/vivado.hw/backup/hw_ila_data_1.ila. Use Tcl command 'read_hw_ila_data' or Vivado File->Import->Import ILA Data menu item to import the previously saved data.
run_hw_ila [get_hw_ilas -of_objects [get_hw_devices xc7a35t_0] -filter {CELL_NAME=~"ila_inst"}]
INFO: [Labtools 27-1964] The ILA core 'hw_ila_1' trigger was armed at 2026-Apr-22 14:12:32
wait_on_hw_ila [get_hw_ilas -of_objects [get_hw_devices xc7a35t_0] -filter {CELL_NAME=~"ila_inst"}]
display_hw_ila_data [upload_hw_ila_data [get_hw_ilas -of_objects [get_hw_devices xc7a35t_0] -filter {CELL_NAME=~"ila_inst"}]]
INFO: [Labtools 27-1966] The ILA core 'hw_ila_1' triggered at 2026-Apr-22 14:12:32
INFO: [Labtools 27-3304] ILA Waveform data saved to file /home/deepaung/Courses/hw-syn-lab-i/final-project/vivado/vivado.hw/backup/hw_ila_data_1.ila. Use Tcl command 'read_hw_ila_data' or Vivado File->Import->Import ILA Data menu item to import the previously saved data.
run_hw_ila [get_hw_ilas -of_objects [get_hw_devices xc7a35t_0] -filter {CELL_NAME=~"ila_inst"}]
INFO: [Labtools 27-1964] The ILA core 'hw_ila_1' trigger was armed at 2026-Apr-22 14:12:34
wait_on_hw_ila [get_hw_ilas -of_objects [get_hw_devices xc7a35t_0] -filter {CELL_NAME=~"ila_inst"}]
display_hw_ila_data [upload_hw_ila_data [get_hw_ilas -of_objects [get_hw_devices xc7a35t_0] -filter {CELL_NAME=~"ila_inst"}]]
INFO: [Labtools 27-1966] The ILA core 'hw_ila_1' triggered at 2026-Apr-22 14:12:34
INFO: [Labtools 27-3304] ILA Waveform data saved to file /home/deepaung/Courses/hw-syn-lab-i/final-project/vivado/vivado.hw/backup/hw_ila_data_1.ila. Use Tcl command 'read_hw_ila_data' or Vivado File->Import->Import ILA Data menu item to import the previously saved data.
save_wave_config {/home/deepaung/Courses/hw-syn-lab-i/final-project/vivado/vivado.hw/hw_1/wave/hw_ila_data_1/hw_ila_data_1.wcfg}
close_hw_manager
open_hw_manager
connect_hw_server -allow_non_jtag
INFO: [Labtools 27-2285] Connecting to hw_server url TCP:localhost:3121
INFO: [Labtools 27-3415] Connecting to cs_server url TCP:localhost:0
INFO: [Labtools 27-3417] Launching cs_server...
INFO: [Labtools 27-2221] Launch Output:


******** Xilinx cs_server v2025.2.0
  ****** Build date   : Nov 14 2025-06:16:52
    **** Build number : 2025.2.1763075812
      ** Copyright 2017-2022 Xilinx, Inc. All Rights Reserved.
      ** Copyright 2022-2026 Advanced Micro Devices, Inc. All Rights Reserved.



open_hw_target
INFO: [Labtoolstcl 44-466] Opening hw_target localhost:3121/xilinx_tcf/Digilent/210183B81EE0A
set_property PROGRAM.FILE {/home/deepaung/Courses/hw-syn-lab-i/final-project/vivado/vivado.runs/impl_1/top_test.bit} [get_hw_devices xc7a35t_0]
set_property PROBES.FILE {/home/deepaung/Courses/hw-syn-lab-i/final-project/vivado/vivado.runs/impl_1/top_test.ltx} [get_hw_devices xc7a35t_0]
set_property FULL_PROBES.FILE {/home/deepaung/Courses/hw-syn-lab-i/final-project/vivado/vivado.runs/impl_1/top_test.ltx} [get_hw_devices xc7a35t_0]
current_hw_device [get_hw_devices xc7a35t_0]
refresh_hw_device [lindex [get_hw_devices xc7a35t_0] 0]
INFO: [Labtools 27-2302] Device xc7a35t (JTAG device index = 0) is programmed with a design that has 1 ILA core(s).
display_hw_ila_data [ get_hw_ila_data hw_ila_data_1 -of_objects [get_hw_ilas -of_objects [get_hw_devices xc7a35t_0] -filter {CELL_NAME=~"ila_inst"}]]
run_hw_ila [get_hw_ilas -of_objects [get_hw_devices xc7a35t_0] -filter {CELL_NAME=~"ila_inst"}]
INFO: [Labtools 27-1964] The ILA core 'hw_ila_1' trigger was armed at 2026-Apr-22 14:18:12
wait_on_hw_ila [get_hw_ilas -of_objects [get_hw_devices xc7a35t_0] -filter {CELL_NAME=~"ila_inst"}]
display_hw_ila_data [upload_hw_ila_data [get_hw_ilas -of_objects [get_hw_devices xc7a35t_0] -filter {CELL_NAME=~"ila_inst"}]]
INFO: [Labtools 27-1966] The ILA core 'hw_ila_1' triggered at 2026-Apr-22 14:18:12
INFO: [Labtools 27-3304] ILA Waveform data saved to file /home/deepaung/Courses/hw-syn-lab-i/final-project/vivado/vivado.hw/backup/hw_ila_data_1.ila. Use Tcl command 'read_hw_ila_data' or Vivado File->Import->Import ILA Data menu item to import the previously saved data.
run_hw_ila [get_hw_ilas -of_objects [get_hw_devices xc7a35t_0] -filter {CELL_NAME=~"ila_inst"}]
INFO: [Labtools 27-1964] The ILA core 'hw_ila_1' trigger was armed at 2026-Apr-22 14:18:22
wait_on_hw_ila [get_hw_ilas -of_objects [get_hw_devices xc7a35t_0] -filter {CELL_NAME=~"ila_inst"}]
display_hw_ila_data [upload_hw_ila_data [get_hw_ilas -of_objects [get_hw_devices xc7a35t_0] -filter {CELL_NAME=~"ila_inst"}]]
INFO: [Labtools 27-1966] The ILA core 'hw_ila_1' triggered at 2026-Apr-22 14:18:22
INFO: [Labtools 27-3304] ILA Waveform data saved to file /home/deepaung/Courses/hw-syn-lab-i/final-project/vivado/vivado.hw/backup/hw_ila_data_1.ila. Use Tcl command 'read_hw_ila_data' or Vivado File->Import->Import ILA Data menu item to import the previously saved data.
