Copyright 1986-2022 Xilinx, Inc. All Rights Reserved. Copyright 2022-2025 Advanced Micro Devices, Inc. All Rights Reserved.
---------------------------------------------------------------------------------------------------------------------------------------------------------------------------------------------------------------------
| Tool Version : Vivado v.2025.2 (lin64) Build 6299465 Fri Nov 14 12:34:56 MST 2025
| Date         : Tue Apr 21 15:16:23 2026
| Host         : archlinux running 64-bit Arch Linux
| Command      : report_timing_summary -max_paths 10 -routable_nets -report_unconstrained -file top_timing_summary_routed.rpt -pb top_timing_summary_routed.pb -rpx top_timing_summary_routed.rpx -warn_on_violation
| Design       : top
| Device       : 7a35t-cpg236
| Speed File   : -1  PRODUCTION 1.23 2018-06-13
| Design State : Routed
---------------------------------------------------------------------------------------------------------------------------------------------------------------------------------------------------------------------

Timing Summary Report

------------------------------------------------------------------------------------------------
| Timer Settings
| --------------
------------------------------------------------------------------------------------------------

  Enable Multi Corner Analysis               :  Yes
  Enable Pessimism Removal                   :  Yes
  Pessimism Removal Resolution               :  Nearest Common Node
  Enable Input Delay Default Clock           :  No
  Enable Preset / Clear Arcs                 :  No
  Disable Flight Delays                      :  No
  Ignore I/O Paths                           :  No
  Timing Early Launch at Borrowing Latches   :  No
  Borrow Time for Max Delay Exceptions       :  Yes
  Merge Timing Exceptions                    :  Yes
  Inter-SLR Compensation                     :  Conservative

  Corner  Analyze    Analyze    
  Name    Max Paths  Min Paths  
  ------  ---------  ---------  
  Slow    Yes        Yes        
  Fast    Yes        Yes        


------------------------------------------------------------------------------------------------
| Report Methodology
| ------------------
------------------------------------------------------------------------------------------------

Rule       Severity          Description                    Violations  
---------  ----------------  -----------------------------  ----------  
TIMING-17  Critical Warning  Non-clocked sequential cell    45          
TIMING-18  Warning           Missing input or output delay  26          

Note: This report is based on the most recent report_methodology run and may not be up-to-date. Run report_methodology on the current design for the latest report.



check_timing report

Table of Contents
-----------------
1. checking no_clock (65)
2. checking constant_clock (0)
3. checking pulse_width_clock (0)
4. checking unconstrained_internal_endpoints (99)
5. checking no_input_delay (13)
6. checking no_output_delay (14)
7. checking multiple_clock (0)
8. checking generated_clocks (0)
9. checking loops (0)
10. checking partial_input_delay (0)
11. checking partial_output_delay (0)
12. checking latch_loops (0)

1. checking no_clock (65)
-------------------------
 There are 45 register/latch pins with no clock driven by root clock pin: clock_gen_inst/counter_reg[0]/Q (HIGH)

 There are 20 register/latch pins with no clock driven by root clock pin: clock_gen_inst/counter_reg[1]/Q (HIGH)


2. checking constant_clock (0)
------------------------------
 There are 0 register/latch pins with constant_clock.


3. checking pulse_width_clock (0)
---------------------------------
 There are 0 register/latch pins which need pulse_width check


4. checking unconstrained_internal_endpoints (99)
-------------------------------------------------
 There are 99 pins that are not constrained for maximum delay. (HIGH)

 There are 0 pins that are not constrained for maximum delay due to constant clock.


5. checking no_input_delay (13)
-------------------------------
 There are 13 input ports with no input delay specified. (HIGH)

 There are 0 input ports with no input delay but user has a false path constraint.


6. checking no_output_delay (14)
--------------------------------
 There are 14 ports with no output delay specified. (HIGH)

 There are 0 ports with no output delay but user has a false path constraint

 There are 0 ports with no output delay but with a timing clock defined on it or propagating through it


7. checking multiple_clock (0)
------------------------------
 There are 0 register/latch pins with multiple clocks.


8. checking generated_clocks (0)
--------------------------------
 There are 0 generated clocks that are not connected to a clock source.


9. checking loops (0)
---------------------
 There are 0 combinational loops in the design.


10. checking partial_input_delay (0)
------------------------------------
 There are 0 input ports with partial input delay specified.


11. checking partial_output_delay (0)
-------------------------------------
 There are 0 ports with partial output delay specified.


12. checking latch_loops (0)
----------------------------
 There are 0 combinational latch loops in the design through latch input



------------------------------------------------------------------------------------------------
| Design Timing Summary
| ---------------------
------------------------------------------------------------------------------------------------

    WNS(ns)      TNS(ns)  TNS Failing Endpoints  TNS Total Endpoints      WHS(ns)      THS(ns)  THS Failing Endpoints  THS Total Endpoints     WPWS(ns)     TPWS(ns)  TPWS Failing Endpoints  TPWS Total Endpoints  
    -------      -------  ---------------------  -------------------      -------      -------  ---------------------  -------------------     --------     --------  ----------------------  --------------------  
      7.295        0.000                      0                    4        0.210        0.000                      0                    4        4.500        0.000                       0                    37  


All user specified timing constraints are met.


------------------------------------------------------------------------------------------------
| Clock Summary
| -------------
------------------------------------------------------------------------------------------------

Clock        Waveform(ns)       Period(ns)      Frequency(MHz)
-----        ------------       ----------      --------------
sys_clk_pin  {0.000 5.000}      10.000          100.000         


------------------------------------------------------------------------------------------------
| Intra Clock Table
| -----------------
------------------------------------------------------------------------------------------------

Clock             WNS(ns)      TNS(ns)  TNS Failing Endpoints  TNS Total Endpoints      WHS(ns)      THS(ns)  THS Failing Endpoints  THS Total Endpoints     WPWS(ns)     TPWS(ns)  TPWS Failing Endpoints  TPWS Total Endpoints  
-----             -------      -------  ---------------------  -------------------      -------      -------  ---------------------  -------------------     --------     --------  ----------------------  --------------------  
sys_clk_pin         7.295        0.000                      0                    4        0.210        0.000                      0                    4        4.500        0.000                       0                    37  


------------------------------------------------------------------------------------------------
| Inter Clock Table
| -----------------
------------------------------------------------------------------------------------------------

From Clock    To Clock          WNS(ns)      TNS(ns)  TNS Failing Endpoints  TNS Total Endpoints      WHS(ns)      THS(ns)  THS Failing Endpoints  THS Total Endpoints  
----------    --------          -------      -------  ---------------------  -------------------      -------      -------  ---------------------  -------------------  


------------------------------------------------------------------------------------------------
| Other Path Groups Table
| -----------------------
------------------------------------------------------------------------------------------------

Path Group    From Clock    To Clock          WNS(ns)      TNS(ns)  TNS Failing Endpoints  TNS Total Endpoints      WHS(ns)      THS(ns)  THS Failing Endpoints  THS Total Endpoints  
----------    ----------    --------          -------      -------  ---------------------  -------------------      -------      -------  ---------------------  -------------------  


------------------------------------------------------------------------------------------------
| User Ignored Path Table
| -----------------------
------------------------------------------------------------------------------------------------

Path Group    From Clock    To Clock    
----------    ----------    --------    


------------------------------------------------------------------------------------------------
| Unconstrained Path Table
| ------------------------
------------------------------------------------------------------------------------------------

Path Group    From Clock    To Clock    
----------    ----------    --------    
(none)                                    
(none)        sys_clk_pin                 
(none)                      sys_clk_pin   


------------------------------------------------------------------------------------------------
| Timing Details
| --------------
------------------------------------------------------------------------------------------------


---------------------------------------------------------------------------------------------------
From Clock:  sys_clk_pin
  To Clock:  sys_clk_pin

Setup :            0  Failing Endpoints,  Worst Slack        7.295ns,  Total Violation        0.000ns
Hold  :            0  Failing Endpoints,  Worst Slack        0.210ns,  Total Violation        0.000ns
PW    :            0  Failing Endpoints,  Worst Slack        4.500ns,  Total Violation        0.000ns
---------------------------------------------------------------------------------------------------


Max Delay Paths
--------------------------------------------------------------------------------------
Slack (MET) :             7.295ns  (required time - arrival time)
  Source:                 vga_c/v_count_reg_reg[7]/C
                            (rising edge-triggered cell FDCE clocked by sys_clk_pin  {rise@0.000ns fall@5.000ns period=10.000ns})
  Destination:            vga_c/v_sync_reg_reg/D
                            (rising edge-triggered cell FDCE clocked by sys_clk_pin  {rise@0.000ns fall@5.000ns period=10.000ns})
  Path Group:             sys_clk_pin
  Path Type:              Setup (Max at Slow Process Corner)
  Requirement:            10.000ns  (sys_clk_pin rise@10.000ns - sys_clk_pin rise@0.000ns)
  Data Path Delay:        2.673ns  (logic 0.704ns (26.333%)  route 1.969ns (73.666%))
  Logic Levels:           2  (LUT5=1 LUT6=1)
  Clock Path Skew:        -0.025ns (DCD - SCD + CPR)
    Destination Clock Delay (DCD):    4.850ns = ( 14.850 - 10.000 ) 
    Source Clock Delay      (SCD):    5.148ns
    Clock Pessimism Removal (CPR):    0.273ns
  Clock Uncertainty:      0.035ns  ((TSJ^2 + TIJ^2)^1/2 + DJ) / 2 + PE
    Total System Jitter     (TSJ):    0.071ns
    Total Input Jitter      (TIJ):    0.000ns
    Discrete Jitter          (DJ):    0.000ns
    Phase Error              (PE):    0.000ns

    Location             Delay type                Incr(ns)  Path(ns)    Netlist Resource(s)
  -------------------------------------------------------------------    -------------------
                         (clock sys_clk_pin rise edge)
                                                      0.000     0.000 r  
    W5                                                0.000     0.000 r  clk_100MHz (IN)
                         net (fo=0)                   0.000     0.000    clk_100MHz
    W5                   IBUF (Prop_ibuf_I_O)         1.458     1.458 r  clk_100MHz_IBUF_inst/O
                         net (fo=1, routed)           1.967     3.425    clk_100MHz_IBUF
    BUFGCTRL_X0Y0        BUFG (Prop_bufg_I_O)         0.096     3.521 r  clk_100MHz_IBUF_BUFG_inst/O
                         net (fo=36, routed)          1.627     5.148    vga_c/CLK
    SLICE_X4Y33          FDCE                                         r  vga_c/v_count_reg_reg[7]/C
  -------------------------------------------------------------------    -------------------
    SLICE_X4Y33          FDCE (Prop_fdce_C_Q)         0.456     5.604 f  vga_c/v_count_reg_reg[7]/Q
                         net (fo=5, routed)           1.136     6.740    vga_c/v_count_reg_reg_n_0_[7]
    SLICE_X5Y33          LUT6 (Prop_lut6_I3_O)        0.124     6.864 f  vga_c/v_count_next[3]_i_2/O
                         net (fo=4, routed)           0.833     7.698    vga_c/v_count_next[3]_i_2_n_0
    SLICE_X4Y32          LUT5 (Prop_lut5_I4_O)        0.124     7.822 r  vga_c/v_sync_reg_i_1/O
                         net (fo=1, routed)           0.000     7.822    vga_c/v_sync_next
    SLICE_X4Y32          FDCE                                         r  vga_c/v_sync_reg_reg/D
  -------------------------------------------------------------------    -------------------

                         (clock sys_clk_pin rise edge)
                                                     10.000    10.000 r  
    W5                                                0.000    10.000 r  clk_100MHz (IN)
                         net (fo=0)                   0.000    10.000    clk_100MHz
    W5                   IBUF (Prop_ibuf_I_O)         1.388    11.388 r  clk_100MHz_IBUF_inst/O
                         net (fo=1, routed)           1.862    13.250    clk_100MHz_IBUF
    BUFGCTRL_X0Y0        BUFG (Prop_bufg_I_O)         0.091    13.341 r  clk_100MHz_IBUF_BUFG_inst/O
                         net (fo=36, routed)          1.509    14.850    vga_c/CLK
    SLICE_X4Y32          FDCE                                         r  vga_c/v_sync_reg_reg/C
                         clock pessimism              0.273    15.123    
                         clock uncertainty           -0.035    15.088    
    SLICE_X4Y32          FDCE (Setup_fdce_C_D)        0.029    15.117    vga_c/v_sync_reg_reg
  -------------------------------------------------------------------
                         required time                         15.117    
                         arrival time                          -7.822    
  -------------------------------------------------------------------
                         slack                                  7.295    

Slack (MET) :             8.351ns  (required time - arrival time)
  Source:                 vga_c/h_count_reg_reg[5]/C
                            (rising edge-triggered cell FDCE clocked by sys_clk_pin  {rise@0.000ns fall@5.000ns period=10.000ns})
  Destination:            vga_c/h_sync_reg_reg/D
                            (rising edge-triggered cell FDCE clocked by sys_clk_pin  {rise@0.000ns fall@5.000ns period=10.000ns})
  Path Group:             sys_clk_pin
  Path Type:              Setup (Max at Slow Process Corner)
  Requirement:            10.000ns  (sys_clk_pin rise@10.000ns - sys_clk_pin rise@0.000ns)
  Data Path Delay:        1.607ns  (logic 0.580ns (36.095%)  route 1.027ns (63.905%))
  Logic Levels:           1  (LUT6=1)
  Clock Path Skew:        -0.036ns (DCD - SCD + CPR)
    Destination Clock Delay (DCD):    4.852ns = ( 14.852 - 10.000 ) 
    Source Clock Delay      (SCD):    5.148ns
    Clock Pessimism Removal (CPR):    0.260ns
  Clock Uncertainty:      0.035ns  ((TSJ^2 + TIJ^2)^1/2 + DJ) / 2 + PE
    Total System Jitter     (TSJ):    0.071ns
    Total Input Jitter      (TIJ):    0.000ns
    Discrete Jitter          (DJ):    0.000ns
    Phase Error              (PE):    0.000ns

    Location             Delay type                Incr(ns)  Path(ns)    Netlist Resource(s)
  -------------------------------------------------------------------    -------------------
                         (clock sys_clk_pin rise edge)
                                                      0.000     0.000 r  
    W5                                                0.000     0.000 r  clk_100MHz (IN)
                         net (fo=0)                   0.000     0.000    clk_100MHz
    W5                   IBUF (Prop_ibuf_I_O)         1.458     1.458 r  clk_100MHz_IBUF_inst/O
                         net (fo=1, routed)           1.967     3.425    clk_100MHz_IBUF
    BUFGCTRL_X0Y0        BUFG (Prop_bufg_I_O)         0.096     3.521 r  clk_100MHz_IBUF_BUFG_inst/O
                         net (fo=36, routed)          1.627     5.148    vga_c/CLK
    SLICE_X4Y33          FDCE                                         r  vga_c/h_count_reg_reg[5]/C
  -------------------------------------------------------------------    -------------------
    SLICE_X4Y33          FDCE (Prop_fdce_C_Q)         0.456     5.604 r  vga_c/h_count_reg_reg[5]/Q
                         net (fo=7, routed)           1.027     6.631    vga_c/h_count_reg_reg_n_0_[5]
    SLICE_X0Y32          LUT6 (Prop_lut6_I0_O)        0.124     6.755 r  vga_c/h_sync_reg_i_1/O
                         net (fo=1, routed)           0.000     6.755    vga_c/h_sync_next
    SLICE_X0Y32          FDCE                                         r  vga_c/h_sync_reg_reg/D
  -------------------------------------------------------------------    -------------------

                         (clock sys_clk_pin rise edge)
                                                     10.000    10.000 r  
    W5                                                0.000    10.000 r  clk_100MHz (IN)
                         net (fo=0)                   0.000    10.000    clk_100MHz
    W5                   IBUF (Prop_ibuf_I_O)         1.388    11.388 r  clk_100MHz_IBUF_inst/O
                         net (fo=1, routed)           1.862    13.250    clk_100MHz_IBUF
    BUFGCTRL_X0Y0        BUFG (Prop_bufg_I_O)         0.091    13.341 r  clk_100MHz_IBUF_BUFG_inst/O
                         net (fo=36, routed)          1.511    14.852    vga_c/CLK
    SLICE_X0Y32          FDCE                                         r  vga_c/h_sync_reg_reg/C
                         clock pessimism              0.260    15.112    
                         clock uncertainty           -0.035    15.077    
    SLICE_X0Y32          FDCE (Setup_fdce_C_D)        0.029    15.106    vga_c/h_sync_reg_reg
  -------------------------------------------------------------------
                         required time                         15.106    
                         arrival time                          -6.755    
  -------------------------------------------------------------------
                         slack                                  8.351    

Slack (MET) :             8.738ns  (required time - arrival time)
  Source:                 clock_gen_inst/counter_reg[1]/C
                            (rising edge-triggered cell FDRE clocked by sys_clk_pin  {rise@0.000ns fall@5.000ns period=10.000ns})
  Destination:            clock_gen_inst/counter_reg[1]/D
                            (rising edge-triggered cell FDRE clocked by sys_clk_pin  {rise@0.000ns fall@5.000ns period=10.000ns})
  Path Group:             sys_clk_pin
  Path Type:              Setup (Max at Slow Process Corner)
  Requirement:            10.000ns  (sys_clk_pin rise@10.000ns - sys_clk_pin rise@0.000ns)
  Data Path Delay:        1.307ns  (logic 0.642ns (49.111%)  route 0.665ns (50.889%))
  Logic Levels:           1  (LUT2=1)
  Clock Path Skew:        0.000ns (DCD - SCD + CPR)
    Destination Clock Delay (DCD):    4.855ns = ( 14.855 - 10.000 ) 
    Source Clock Delay      (SCD):    5.154ns
    Clock Pessimism Removal (CPR):    0.299ns
  Clock Uncertainty:      0.035ns  ((TSJ^2 + TIJ^2)^1/2 + DJ) / 2 + PE
    Total System Jitter     (TSJ):    0.071ns
    Total Input Jitter      (TIJ):    0.000ns
    Discrete Jitter          (DJ):    0.000ns
    Phase Error              (PE):    0.000ns

    Location             Delay type                Incr(ns)  Path(ns)    Netlist Resource(s)
  -------------------------------------------------------------------    -------------------
                         (clock sys_clk_pin rise edge)
                                                      0.000     0.000 r  
    W5                                                0.000     0.000 r  clk_100MHz (IN)
                         net (fo=0)                   0.000     0.000    clk_100MHz
    W5                   IBUF (Prop_ibuf_I_O)         1.458     1.458 r  clk_100MHz_IBUF_inst/O
                         net (fo=1, routed)           1.967     3.425    clk_100MHz_IBUF
    BUFGCTRL_X0Y0        BUFG (Prop_bufg_I_O)         0.096     3.521 r  clk_100MHz_IBUF_BUFG_inst/O
                         net (fo=36, routed)          1.633     5.154    clock_gen_inst/counter_reg[0]_1
    SLICE_X2Y36          FDRE                                         r  clock_gen_inst/counter_reg[1]/C
  -------------------------------------------------------------------    -------------------
    SLICE_X2Y36          FDRE (Prop_fdre_C_Q)         0.518     5.672 r  clock_gen_inst/counter_reg[1]/Q
                         net (fo=2, routed)           0.665     6.338    clock_gen_inst/counter[1]
    SLICE_X2Y36          LUT2 (Prop_lut2_I1_O)        0.124     6.462 r  clock_gen_inst/counter[1]_i_1/O
                         net (fo=1, routed)           0.000     6.462    clock_gen_inst/p_0_in[1]
    SLICE_X2Y36          FDRE                                         r  clock_gen_inst/counter_reg[1]/D
  -------------------------------------------------------------------    -------------------

                         (clock sys_clk_pin rise edge)
                                                     10.000    10.000 r  
    W5                                                0.000    10.000 r  clk_100MHz (IN)
                         net (fo=0)                   0.000    10.000    clk_100MHz
    W5                   IBUF (Prop_ibuf_I_O)         1.388    11.388 r  clk_100MHz_IBUF_inst/O
                         net (fo=1, routed)           1.862    13.250    clk_100MHz_IBUF
    BUFGCTRL_X0Y0        BUFG (Prop_bufg_I_O)         0.091    13.341 r  clk_100MHz_IBUF_BUFG_inst/O
                         net (fo=36, routed)          1.514    14.855    clock_gen_inst/counter_reg[0]_1
    SLICE_X2Y36          FDRE                                         r  clock_gen_inst/counter_reg[1]/C
                         clock pessimism              0.299    15.154    
                         clock uncertainty           -0.035    15.119    
    SLICE_X2Y36          FDRE (Setup_fdre_C_D)        0.081    15.200    clock_gen_inst/counter_reg[1]
  -------------------------------------------------------------------
                         required time                         15.200    
                         arrival time                          -6.462    
  -------------------------------------------------------------------
                         slack                                  8.738    

Slack (MET) :             8.831ns  (required time - arrival time)
  Source:                 clock_gen_inst/counter_reg[0]/C
                            (rising edge-triggered cell FDRE clocked by sys_clk_pin  {rise@0.000ns fall@5.000ns period=10.000ns})
  Destination:            clock_gen_inst/counter_reg[0]/D
                            (rising edge-triggered cell FDRE clocked by sys_clk_pin  {rise@0.000ns fall@5.000ns period=10.000ns})
  Path Group:             sys_clk_pin
  Path Type:              Setup (Max at Slow Process Corner)
  Requirement:            10.000ns  (sys_clk_pin rise@10.000ns - sys_clk_pin rise@0.000ns)
  Data Path Delay:        1.211ns  (logic 0.642ns (53.025%)  route 0.569ns (46.975%))
  Logic Levels:           1  (LUT1=1)
  Clock Path Skew:        0.000ns (DCD - SCD + CPR)
    Destination Clock Delay (DCD):    4.855ns = ( 14.855 - 10.000 ) 
    Source Clock Delay      (SCD):    5.154ns
    Clock Pessimism Removal (CPR):    0.299ns
  Clock Uncertainty:      0.035ns  ((TSJ^2 + TIJ^2)^1/2 + DJ) / 2 + PE
    Total System Jitter     (TSJ):    0.071ns
    Total Input Jitter      (TIJ):    0.000ns
    Discrete Jitter          (DJ):    0.000ns
    Phase Error              (PE):    0.000ns

    Location             Delay type                Incr(ns)  Path(ns)    Netlist Resource(s)
  -------------------------------------------------------------------    -------------------
                         (clock sys_clk_pin rise edge)
                                                      0.000     0.000 r  
    W5                                                0.000     0.000 r  clk_100MHz (IN)
                         net (fo=0)                   0.000     0.000    clk_100MHz
    W5                   IBUF (Prop_ibuf_I_O)         1.458     1.458 r  clk_100MHz_IBUF_inst/O
                         net (fo=1, routed)           1.967     3.425    clk_100MHz_IBUF
    BUFGCTRL_X0Y0        BUFG (Prop_bufg_I_O)         0.096     3.521 r  clk_100MHz_IBUF_BUFG_inst/O
                         net (fo=36, routed)          1.633     5.154    clock_gen_inst/counter_reg[0]_1
    SLICE_X2Y36          FDRE                                         r  clock_gen_inst/counter_reg[0]/C
  -------------------------------------------------------------------    -------------------
    SLICE_X2Y36          FDRE (Prop_fdre_C_Q)         0.518     5.672 f  clock_gen_inst/counter_reg[0]/Q
                         net (fo=28, routed)          0.569     6.241    counter[0]
    SLICE_X2Y36          LUT1 (Prop_lut1_I0_O)        0.124     6.365 r  counter_reg[0]_i_1/O
                         net (fo=1, routed)           0.000     6.365    clock_gen_inst/lopt
    SLICE_X2Y36          FDRE                                         r  clock_gen_inst/counter_reg[0]/D
  -------------------------------------------------------------------    -------------------

                         (clock sys_clk_pin rise edge)
                                                     10.000    10.000 r  
    W5                                                0.000    10.000 r  clk_100MHz (IN)
                         net (fo=0)                   0.000    10.000    clk_100MHz
    W5                   IBUF (Prop_ibuf_I_O)         1.388    11.388 r  clk_100MHz_IBUF_inst/O
                         net (fo=1, routed)           1.862    13.250    clk_100MHz_IBUF
    BUFGCTRL_X0Y0        BUFG (Prop_bufg_I_O)         0.091    13.341 r  clk_100MHz_IBUF_BUFG_inst/O
                         net (fo=36, routed)          1.514    14.855    clock_gen_inst/counter_reg[0]_1
    SLICE_X2Y36          FDRE                                         r  clock_gen_inst/counter_reg[0]/C
                         clock pessimism              0.299    15.154    
                         clock uncertainty           -0.035    15.119    
    SLICE_X2Y36          FDRE (Setup_fdre_C_D)        0.077    15.196    clock_gen_inst/counter_reg[0]
  -------------------------------------------------------------------
                         required time                         15.196    
                         arrival time                          -6.365    
  -------------------------------------------------------------------
                         slack                                  8.831    





Min Delay Paths
--------------------------------------------------------------------------------------
Slack (MET) :             0.210ns  (arrival time - required time)
  Source:                 vga_c/h_count_reg_reg[4]/C
                            (rising edge-triggered cell FDCE clocked by sys_clk_pin  {rise@0.000ns fall@5.000ns period=10.000ns})
  Destination:            vga_c/h_sync_reg_reg/D
                            (rising edge-triggered cell FDCE clocked by sys_clk_pin  {rise@0.000ns fall@5.000ns period=10.000ns})
  Path Group:             sys_clk_pin
  Path Type:              Hold (Min at Fast Process Corner)
  Requirement:            0.000ns  (sys_clk_pin rise@0.000ns - sys_clk_pin rise@0.000ns)
  Data Path Delay:        0.314ns  (logic 0.186ns (59.323%)  route 0.128ns (40.677%))
  Logic Levels:           1  (LUT6=1)
  Clock Path Skew:        0.013ns (DCD - SCD - CPR)
    Destination Clock Delay (DCD):    1.985ns
    Source Clock Delay      (SCD):    1.473ns
    Clock Pessimism Removal (CPR):    0.499ns

    Location             Delay type                Incr(ns)  Path(ns)    Netlist Resource(s)
  -------------------------------------------------------------------    -------------------
                         (clock sys_clk_pin rise edge)
                                                      0.000     0.000 r  
    W5                                                0.000     0.000 r  clk_100MHz (IN)
                         net (fo=0)                   0.000     0.000    clk_100MHz
    W5                   IBUF (Prop_ibuf_I_O)         0.226     0.226 r  clk_100MHz_IBUF_inst/O
                         net (fo=1, routed)           0.631     0.858    clk_100MHz_IBUF
    BUFGCTRL_X0Y0        BUFG (Prop_bufg_I_O)         0.026     0.884 r  clk_100MHz_IBUF_BUFG_inst/O
                         net (fo=36, routed)          0.590     1.473    vga_c/CLK
    SLICE_X0Y33          FDCE                                         r  vga_c/h_count_reg_reg[4]/C
  -------------------------------------------------------------------    -------------------
    SLICE_X0Y33          FDCE (Prop_fdce_C_Q)         0.141     1.614 r  vga_c/h_count_reg_reg[4]/Q
                         net (fo=3, routed)           0.128     1.742    vga_c/h_count_reg_reg_n_0_[4]
    SLICE_X0Y32          LUT6 (Prop_lut6_I3_O)        0.045     1.787 r  vga_c/h_sync_reg_i_1/O
                         net (fo=1, routed)           0.000     1.787    vga_c/h_sync_next
    SLICE_X0Y32          FDCE                                         r  vga_c/h_sync_reg_reg/D
  -------------------------------------------------------------------    -------------------

                         (clock sys_clk_pin rise edge)
                                                      0.000     0.000 r  
    W5                                                0.000     0.000 r  clk_100MHz (IN)
                         net (fo=0)                   0.000     0.000    clk_100MHz
    W5                   IBUF (Prop_ibuf_I_O)         0.414     0.414 r  clk_100MHz_IBUF_inst/O
                         net (fo=1, routed)           0.685     1.099    clk_100MHz_IBUF
    BUFGCTRL_X0Y0        BUFG (Prop_bufg_I_O)         0.029     1.128 r  clk_100MHz_IBUF_BUFG_inst/O
                         net (fo=36, routed)          0.858     1.985    vga_c/CLK
    SLICE_X0Y32          FDCE                                         r  vga_c/h_sync_reg_reg/C
                         clock pessimism             -0.499     1.486    
    SLICE_X0Y32          FDCE (Hold_fdce_C_D)         0.091     1.577    vga_c/h_sync_reg_reg
  -------------------------------------------------------------------
                         required time                         -1.577    
                         arrival time                           1.787    
  -------------------------------------------------------------------
                         slack                                  0.210    

Slack (MET) :             0.294ns  (arrival time - required time)
  Source:                 vga_c/v_count_reg_reg[2]/C
                            (rising edge-triggered cell FDCE clocked by sys_clk_pin  {rise@0.000ns fall@5.000ns period=10.000ns})
  Destination:            vga_c/v_sync_reg_reg/D
                            (rising edge-triggered cell FDCE clocked by sys_clk_pin  {rise@0.000ns fall@5.000ns period=10.000ns})
  Path Group:             sys_clk_pin
  Path Type:              Hold (Min at Fast Process Corner)
  Requirement:            0.000ns  (sys_clk_pin rise@0.000ns - sys_clk_pin rise@0.000ns)
  Data Path Delay:        0.385ns  (logic 0.226ns (58.636%)  route 0.159ns (41.364%))
  Logic Levels:           1  (LUT5=1)
  Clock Path Skew:        0.000ns (DCD - SCD - CPR)
    Destination Clock Delay (DCD):    1.983ns
    Source Clock Delay      (SCD):    1.470ns
    Clock Pessimism Removal (CPR):    0.513ns

    Location             Delay type                Incr(ns)  Path(ns)    Netlist Resource(s)
  -------------------------------------------------------------------    -------------------
                         (clock sys_clk_pin rise edge)
                                                      0.000     0.000 r  
    W5                                                0.000     0.000 r  clk_100MHz (IN)
                         net (fo=0)                   0.000     0.000    clk_100MHz
    W5                   IBUF (Prop_ibuf_I_O)         0.226     0.226 r  clk_100MHz_IBUF_inst/O
                         net (fo=1, routed)           0.631     0.858    clk_100MHz_IBUF
    BUFGCTRL_X0Y0        BUFG (Prop_bufg_I_O)         0.026     0.884 r  clk_100MHz_IBUF_BUFG_inst/O
                         net (fo=36, routed)          0.587     1.470    vga_c/CLK
    SLICE_X4Y32          FDCE                                         r  vga_c/v_count_reg_reg[2]/C
  -------------------------------------------------------------------    -------------------
    SLICE_X4Y32          FDCE (Prop_fdce_C_Q)         0.128     1.598 f  vga_c/v_count_reg_reg[2]/Q
                         net (fo=8, routed)           0.159     1.758    vga_c/v_count_reg_reg_n_0_[2]
    SLICE_X4Y32          LUT5 (Prop_lut5_I2_O)        0.098     1.856 r  vga_c/v_sync_reg_i_1/O
                         net (fo=1, routed)           0.000     1.856    vga_c/v_sync_next
    SLICE_X4Y32          FDCE                                         r  vga_c/v_sync_reg_reg/D
  -------------------------------------------------------------------    -------------------

                         (clock sys_clk_pin rise edge)
                                                      0.000     0.000 r  
    W5                                                0.000     0.000 r  clk_100MHz (IN)
                         net (fo=0)                   0.000     0.000    clk_100MHz
    W5                   IBUF (Prop_ibuf_I_O)         0.414     0.414 r  clk_100MHz_IBUF_inst/O
                         net (fo=1, routed)           0.685     1.099    clk_100MHz_IBUF
    BUFGCTRL_X0Y0        BUFG (Prop_bufg_I_O)         0.029     1.128 r  clk_100MHz_IBUF_BUFG_inst/O
                         net (fo=36, routed)          0.856     1.983    vga_c/CLK
    SLICE_X4Y32          FDCE                                         r  vga_c/v_sync_reg_reg/C
                         clock pessimism             -0.513     1.470    
    SLICE_X4Y32          FDCE (Hold_fdce_C_D)         0.091     1.561    vga_c/v_sync_reg_reg
  -------------------------------------------------------------------
                         required time                         -1.561    
                         arrival time                           1.856    
  -------------------------------------------------------------------
                         slack                                  0.294    

Slack (MET) :             0.299ns  (arrival time - required time)
  Source:                 clock_gen_inst/counter_reg[0]/C
                            (rising edge-triggered cell FDRE clocked by sys_clk_pin  {rise@0.000ns fall@5.000ns period=10.000ns})
  Destination:            clock_gen_inst/counter_reg[1]/D
                            (rising edge-triggered cell FDRE clocked by sys_clk_pin  {rise@0.000ns fall@5.000ns period=10.000ns})
  Path Group:             sys_clk_pin
  Path Type:              Hold (Min at Fast Process Corner)
  Requirement:            0.000ns  (sys_clk_pin rise@0.000ns - sys_clk_pin rise@0.000ns)
  Data Path Delay:        0.420ns  (logic 0.209ns (49.793%)  route 0.211ns (50.207%))
  Logic Levels:           1  (LUT2=1)
  Clock Path Skew:        0.000ns (DCD - SCD - CPR)
    Destination Clock Delay (DCD):    1.988ns
    Source Clock Delay      (SCD):    1.474ns
    Clock Pessimism Removal (CPR):    0.514ns

    Location             Delay type                Incr(ns)  Path(ns)    Netlist Resource(s)
  -------------------------------------------------------------------    -------------------
                         (clock sys_clk_pin rise edge)
                                                      0.000     0.000 r  
    W5                                                0.000     0.000 r  clk_100MHz (IN)
                         net (fo=0)                   0.000     0.000    clk_100MHz
    W5                   IBUF (Prop_ibuf_I_O)         0.226     0.226 r  clk_100MHz_IBUF_inst/O
                         net (fo=1, routed)           0.631     0.858    clk_100MHz_IBUF
    BUFGCTRL_X0Y0        BUFG (Prop_bufg_I_O)         0.026     0.884 r  clk_100MHz_IBUF_BUFG_inst/O
                         net (fo=36, routed)          0.591     1.474    clock_gen_inst/counter_reg[0]_1
    SLICE_X2Y36          FDRE                                         r  clock_gen_inst/counter_reg[0]/C
  -------------------------------------------------------------------    -------------------
    SLICE_X2Y36          FDRE (Prop_fdre_C_Q)         0.164     1.638 r  clock_gen_inst/counter_reg[0]/Q
                         net (fo=28, routed)          0.211     1.849    clock_gen_inst/counter_reg[0]_0[0]
    SLICE_X2Y36          LUT2 (Prop_lut2_I0_O)        0.045     1.894 r  clock_gen_inst/counter[1]_i_1/O
                         net (fo=1, routed)           0.000     1.894    clock_gen_inst/p_0_in[1]
    SLICE_X2Y36          FDRE                                         r  clock_gen_inst/counter_reg[1]/D
  -------------------------------------------------------------------    -------------------

                         (clock sys_clk_pin rise edge)
                                                      0.000     0.000 r  
    W5                                                0.000     0.000 r  clk_100MHz (IN)
                         net (fo=0)                   0.000     0.000    clk_100MHz
    W5                   IBUF (Prop_ibuf_I_O)         0.414     0.414 r  clk_100MHz_IBUF_inst/O
                         net (fo=1, routed)           0.685     1.099    clk_100MHz_IBUF
    BUFGCTRL_X0Y0        BUFG (Prop_bufg_I_O)         0.029     1.128 r  clk_100MHz_IBUF_BUFG_inst/O
                         net (fo=36, routed)          0.861     1.988    clock_gen_inst/counter_reg[0]_1
    SLICE_X2Y36          FDRE                                         r  clock_gen_inst/counter_reg[1]/C
                         clock pessimism             -0.514     1.474    
    SLICE_X2Y36          FDRE (Hold_fdre_C_D)         0.121     1.595    clock_gen_inst/counter_reg[1]
  -------------------------------------------------------------------
                         required time                         -1.595    
                         arrival time                           1.894    
  -------------------------------------------------------------------
                         slack                                  0.299    

Slack (MET) :             0.300ns  (arrival time - required time)
  Source:                 clock_gen_inst/counter_reg[0]/C
                            (rising edge-triggered cell FDRE clocked by sys_clk_pin  {rise@0.000ns fall@5.000ns period=10.000ns})
  Destination:            clock_gen_inst/counter_reg[0]/D
                            (rising edge-triggered cell FDRE clocked by sys_clk_pin  {rise@0.000ns fall@5.000ns period=10.000ns})
  Path Group:             sys_clk_pin
  Path Type:              Hold (Min at Fast Process Corner)
  Requirement:            0.000ns  (sys_clk_pin rise@0.000ns - sys_clk_pin rise@0.000ns)
  Data Path Delay:        0.420ns  (logic 0.209ns (49.793%)  route 0.211ns (50.207%))
  Logic Levels:           1  (LUT1=1)
  Clock Path Skew:        0.000ns (DCD - SCD - CPR)
    Destination Clock Delay (DCD):    1.988ns
    Source Clock Delay      (SCD):    1.474ns
    Clock Pessimism Removal (CPR):    0.514ns

    Location             Delay type                Incr(ns)  Path(ns)    Netlist Resource(s)
  -------------------------------------------------------------------    -------------------
                         (clock sys_clk_pin rise edge)
                                                      0.000     0.000 r  
    W5                                                0.000     0.000 r  clk_100MHz (IN)
                         net (fo=0)                   0.000     0.000    clk_100MHz
    W5                   IBUF (Prop_ibuf_I_O)         0.226     0.226 r  clk_100MHz_IBUF_inst/O
                         net (fo=1, routed)           0.631     0.858    clk_100MHz_IBUF
    BUFGCTRL_X0Y0        BUFG (Prop_bufg_I_O)         0.026     0.884 r  clk_100MHz_IBUF_BUFG_inst/O
                         net (fo=36, routed)          0.591     1.474    clock_gen_inst/counter_reg[0]_1
    SLICE_X2Y36          FDRE                                         r  clock_gen_inst/counter_reg[0]/C
  -------------------------------------------------------------------    -------------------
    SLICE_X2Y36          FDRE (Prop_fdre_C_Q)         0.164     1.638 f  clock_gen_inst/counter_reg[0]/Q
                         net (fo=28, routed)          0.211     1.849    counter[0]
    SLICE_X2Y36          LUT1 (Prop_lut1_I0_O)        0.045     1.894 r  counter_reg[0]_i_1/O
                         net (fo=1, routed)           0.000     1.894    clock_gen_inst/lopt
    SLICE_X2Y36          FDRE                                         r  clock_gen_inst/counter_reg[0]/D
  -------------------------------------------------------------------    -------------------

                         (clock sys_clk_pin rise edge)
                                                      0.000     0.000 r  
    W5                                                0.000     0.000 r  clk_100MHz (IN)
                         net (fo=0)                   0.000     0.000    clk_100MHz
    W5                   IBUF (Prop_ibuf_I_O)         0.414     0.414 r  clk_100MHz_IBUF_inst/O
                         net (fo=1, routed)           0.685     1.099    clk_100MHz_IBUF
    BUFGCTRL_X0Y0        BUFG (Prop_bufg_I_O)         0.029     1.128 r  clk_100MHz_IBUF_BUFG_inst/O
                         net (fo=36, routed)          0.861     1.988    clock_gen_inst/counter_reg[0]_1
    SLICE_X2Y36          FDRE                                         r  clock_gen_inst/counter_reg[0]/C
                         clock pessimism             -0.514     1.474    
    SLICE_X2Y36          FDRE (Hold_fdre_C_D)         0.120     1.594    clock_gen_inst/counter_reg[0]
  -------------------------------------------------------------------
                         required time                         -1.594    
                         arrival time                           1.894    
  -------------------------------------------------------------------
                         slack                                  0.300    





Pulse Width Checks
--------------------------------------------------------------------------------------
Clock Name:         sys_clk_pin
Waveform(ns):       { 0.000 5.000 }
Period(ns):         10.000
Sources:            { clk_100MHz }

Check Type        Corner  Lib Pin  Reference Pin  Required(ns)  Actual(ns)  Slack(ns)  Location       Pin
Min Period        n/a     BUFG/I   n/a            2.155         10.000      7.845      BUFGCTRL_X0Y0  clk_100MHz_IBUF_BUFG_inst/I
Min Period        n/a     FDCE/C   n/a            1.000         10.000      9.000      SLICE_X1Y31    rgb_reg_reg[0]/C
Min Period        n/a     FDCE/C   n/a            1.000         10.000      9.000      SLICE_X2Y35    rgb_reg_reg[10]/C
Min Period        n/a     FDCE/C   n/a            1.000         10.000      9.000      SLICE_X4Y32    rgb_reg_reg[11]/C
Min Period        n/a     FDCE/C   n/a            1.000         10.000      9.000      SLICE_X1Y31    rgb_reg_reg[1]/C
Min Period        n/a     FDCE/C   n/a            1.000         10.000      9.000      SLICE_X0Y33    rgb_reg_reg[2]/C
Min Period        n/a     FDCE/C   n/a            1.000         10.000      9.000      SLICE_X1Y31    rgb_reg_reg[3]/C
Min Period        n/a     FDCE/C   n/a            1.000         10.000      9.000      SLICE_X1Y31    rgb_reg_reg[4]/C
Min Period        n/a     FDCE/C   n/a            1.000         10.000      9.000      SLICE_X0Y33    rgb_reg_reg[5]/C
Min Period        n/a     FDCE/C   n/a            1.000         10.000      9.000      SLICE_X1Y32    rgb_reg_reg[6]/C
Low Pulse Width   Slow    FDCE/C   n/a            0.500         5.000       4.500      SLICE_X1Y31    rgb_reg_reg[0]/C
Low Pulse Width   Fast    FDCE/C   n/a            0.500         5.000       4.500      SLICE_X1Y31    rgb_reg_reg[0]/C
Low Pulse Width   Slow    FDCE/C   n/a            0.500         5.000       4.500      SLICE_X2Y35    rgb_reg_reg[10]/C
Low Pulse Width   Fast    FDCE/C   n/a            0.500         5.000       4.500      SLICE_X2Y35    rgb_reg_reg[10]/C
Low Pulse Width   Slow    FDCE/C   n/a            0.500         5.000       4.500      SLICE_X4Y32    rgb_reg_reg[11]/C
Low Pulse Width   Fast    FDCE/C   n/a            0.500         5.000       4.500      SLICE_X4Y32    rgb_reg_reg[11]/C
Low Pulse Width   Slow    FDCE/C   n/a            0.500         5.000       4.500      SLICE_X1Y31    rgb_reg_reg[1]/C
Low Pulse Width   Fast    FDCE/C   n/a            0.500         5.000       4.500      SLICE_X1Y31    rgb_reg_reg[1]/C
Low Pulse Width   Slow    FDCE/C   n/a            0.500         5.000       4.500      SLICE_X0Y33    rgb_reg_reg[2]/C
Low Pulse Width   Fast    FDCE/C   n/a            0.500         5.000       4.500      SLICE_X0Y33    rgb_reg_reg[2]/C
High Pulse Width  Slow    FDCE/C   n/a            0.500         5.000       4.500      SLICE_X1Y31    rgb_reg_reg[0]/C
High Pulse Width  Fast    FDCE/C   n/a            0.500         5.000       4.500      SLICE_X1Y31    rgb_reg_reg[0]/C
High Pulse Width  Slow    FDCE/C   n/a            0.500         5.000       4.500      SLICE_X2Y35    rgb_reg_reg[10]/C
High Pulse Width  Fast    FDCE/C   n/a            0.500         5.000       4.500      SLICE_X2Y35    rgb_reg_reg[10]/C
High Pulse Width  Slow    FDCE/C   n/a            0.500         5.000       4.500      SLICE_X4Y32    rgb_reg_reg[11]/C
High Pulse Width  Fast    FDCE/C   n/a            0.500         5.000       4.500      SLICE_X4Y32    rgb_reg_reg[11]/C
High Pulse Width  Slow    FDCE/C   n/a            0.500         5.000       4.500      SLICE_X1Y31    rgb_reg_reg[1]/C
High Pulse Width  Fast    FDCE/C   n/a            0.500         5.000       4.500      SLICE_X1Y31    rgb_reg_reg[1]/C
High Pulse Width  Slow    FDCE/C   n/a            0.500         5.000       4.500      SLICE_X0Y33    rgb_reg_reg[2]/C
High Pulse Width  Fast    FDCE/C   n/a            0.500         5.000       4.500      SLICE_X0Y33    rgb_reg_reg[2]/C



--------------------------------------------------------------------------------------
Path Group:  (none)
From Clock:  
  To Clock:  

Max Delay            69 Endpoints
Min Delay            69 Endpoints
--------------------------------------------------------------------------------------


Max Delay Paths
--------------------------------------------------------------------------------------
Slack:                    inf
  Source:                 reset
                            (input port)
  Destination:            debounce_inst/o_reg/D
  Path Group:             (none)
  Path Type:              Max at Slow Process Corner
  Data Path Delay:        4.866ns  (logic 1.689ns (34.719%)  route 3.176ns (65.281%))
  Logic Levels:           3  (IBUF=1 LUT5=1 LUT6=1)

    Location             Delay type                Incr(ns)  Path(ns)    Netlist Resource(s)
  -------------------------------------------------------------------    -------------------
    U18                                               0.000     0.000 r  reset (IN)
                         net (fo=0)                   0.000     0.000    reset
    U18                  IBUF (Prop_ibuf_I_O)         1.441     1.441 r  reset_IBUF_inst/O
                         net (fo=2, routed)           2.044     3.485    debounce_inst/reset_IBUF
    SLICE_X2Y37          LUT6 (Prop_lut6_I4_O)        0.124     3.609 r  debounce_inst/o_i_3/O
                         net (fo=1, routed)           1.133     4.742    debounce_inst/o_i_3_n_0
    SLICE_X2Y34          LUT5 (Prop_lut5_I1_O)        0.124     4.866 r  debounce_inst/o_i_1/O
                         net (fo=1, routed)           0.000     4.866    debounce_inst/o_i_1_n_0
    SLICE_X2Y34          FDRE                                         r  debounce_inst/o_reg/D
  -------------------------------------------------------------------    -------------------

Slack:                    inf
  Source:                 reset
                            (input port)
  Destination:            debounce_inst/c_reg[20]/R
  Path Group:             (none)
  Path Type:              Max at Slow Process Corner
  Data Path Delay:        4.819ns  (logic 1.565ns (32.483%)  route 3.253ns (67.517%))
  Logic Levels:           2  (IBUF=1 LUT1=1)

    Location             Delay type                Incr(ns)  Path(ns)    Netlist Resource(s)
  -------------------------------------------------------------------    -------------------
    U18                                               0.000     0.000 f  reset (IN)
                         net (fo=0)                   0.000     0.000    reset
    U18                  IBUF (Prop_ibuf_I_O)         1.441     1.441 f  reset_IBUF_inst/O
                         net (fo=2, routed)           2.071     3.512    debounce_inst/reset_IBUF
    SLICE_X2Y36          LUT1 (Prop_lut1_I0_O)        0.124     3.636 r  debounce_inst/c[0]_i_1/O
                         net (fo=24, routed)          1.183     4.819    debounce_inst/clear
    SLICE_X3Y37          FDRE                                         r  debounce_inst/c_reg[20]/R
  -------------------------------------------------------------------    -------------------

Slack:                    inf
  Source:                 reset
                            (input port)
  Destination:            debounce_inst/c_reg[21]/R
  Path Group:             (none)
  Path Type:              Max at Slow Process Corner
  Data Path Delay:        4.819ns  (logic 1.565ns (32.483%)  route 3.253ns (67.517%))
  Logic Levels:           2  (IBUF=1 LUT1=1)

    Location             Delay type                Incr(ns)  Path(ns)    Netlist Resource(s)
  -------------------------------------------------------------------    -------------------
    U18                                               0.000     0.000 f  reset (IN)
                         net (fo=0)                   0.000     0.000    reset
    U18                  IBUF (Prop_ibuf_I_O)         1.441     1.441 f  reset_IBUF_inst/O
                         net (fo=2, routed)           2.071     3.512    debounce_inst/reset_IBUF
    SLICE_X2Y36          LUT1 (Prop_lut1_I0_O)        0.124     3.636 r  debounce_inst/c[0]_i_1/O
                         net (fo=24, routed)          1.183     4.819    debounce_inst/clear
    SLICE_X3Y37          FDRE                                         r  debounce_inst/c_reg[21]/R
  -------------------------------------------------------------------    -------------------

Slack:                    inf
  Source:                 reset
                            (input port)
  Destination:            debounce_inst/c_reg[22]/R
  Path Group:             (none)
  Path Type:              Max at Slow Process Corner
  Data Path Delay:        4.819ns  (logic 1.565ns (32.483%)  route 3.253ns (67.517%))
  Logic Levels:           2  (IBUF=1 LUT1=1)

    Location             Delay type                Incr(ns)  Path(ns)    Netlist Resource(s)
  -------------------------------------------------------------------    -------------------
    U18                                               0.000     0.000 f  reset (IN)
                         net (fo=0)                   0.000     0.000    reset
    U18                  IBUF (Prop_ibuf_I_O)         1.441     1.441 f  reset_IBUF_inst/O
                         net (fo=2, routed)           2.071     3.512    debounce_inst/reset_IBUF
    SLICE_X2Y36          LUT1 (Prop_lut1_I0_O)        0.124     3.636 r  debounce_inst/c[0]_i_1/O
                         net (fo=24, routed)          1.183     4.819    debounce_inst/clear
    SLICE_X3Y37          FDRE                                         r  debounce_inst/c_reg[22]/R
  -------------------------------------------------------------------    -------------------

Slack:                    inf
  Source:                 reset
                            (input port)
  Destination:            debounce_inst/c_reg[23]/R
  Path Group:             (none)
  Path Type:              Max at Slow Process Corner
  Data Path Delay:        4.819ns  (logic 1.565ns (32.483%)  route 3.253ns (67.517%))
  Logic Levels:           2  (IBUF=1 LUT1=1)

    Location             Delay type                Incr(ns)  Path(ns)    Netlist Resource(s)
  -------------------------------------------------------------------    -------------------
    U18                                               0.000     0.000 f  reset (IN)
                         net (fo=0)                   0.000     0.000    reset
    U18                  IBUF (Prop_ibuf_I_O)         1.441     1.441 f  reset_IBUF_inst/O
                         net (fo=2, routed)           2.071     3.512    debounce_inst/reset_IBUF
    SLICE_X2Y36          LUT1 (Prop_lut1_I0_O)        0.124     3.636 r  debounce_inst/c[0]_i_1/O
                         net (fo=24, routed)          1.183     4.819    debounce_inst/clear
    SLICE_X3Y37          FDRE                                         r  debounce_inst/c_reg[23]/R
  -------------------------------------------------------------------    -------------------

Slack:                    inf
  Source:                 reset
                            (input port)
  Destination:            debounce_inst/c_reg[16]/R
  Path Group:             (none)
  Path Type:              Max at Slow Process Corner
  Data Path Delay:        4.817ns  (logic 1.565ns (32.498%)  route 3.251ns (67.502%))
  Logic Levels:           2  (IBUF=1 LUT1=1)

    Location             Delay type                Incr(ns)  Path(ns)    Netlist Resource(s)
  -------------------------------------------------------------------    -------------------
    U18                                               0.000     0.000 f  reset (IN)
                         net (fo=0)                   0.000     0.000    reset
    U18                  IBUF (Prop_ibuf_I_O)         1.441     1.441 f  reset_IBUF_inst/O
                         net (fo=2, routed)           2.071     3.512    debounce_inst/reset_IBUF
    SLICE_X2Y36          LUT1 (Prop_lut1_I0_O)        0.124     3.636 r  debounce_inst/c[0]_i_1/O
                         net (fo=24, routed)          1.181     4.817    debounce_inst/clear
    SLICE_X3Y36          FDRE                                         r  debounce_inst/c_reg[16]/R
  -------------------------------------------------------------------    -------------------

Slack:                    inf
  Source:                 reset
                            (input port)
  Destination:            debounce_inst/c_reg[17]/R
  Path Group:             (none)
  Path Type:              Max at Slow Process Corner
  Data Path Delay:        4.817ns  (logic 1.565ns (32.498%)  route 3.251ns (67.502%))
  Logic Levels:           2  (IBUF=1 LUT1=1)

    Location             Delay type                Incr(ns)  Path(ns)    Netlist Resource(s)
  -------------------------------------------------------------------    -------------------
    U18                                               0.000     0.000 f  reset (IN)
                         net (fo=0)                   0.000     0.000    reset
    U18                  IBUF (Prop_ibuf_I_O)         1.441     1.441 f  reset_IBUF_inst/O
                         net (fo=2, routed)           2.071     3.512    debounce_inst/reset_IBUF
    SLICE_X2Y36          LUT1 (Prop_lut1_I0_O)        0.124     3.636 r  debounce_inst/c[0]_i_1/O
                         net (fo=24, routed)          1.181     4.817    debounce_inst/clear
    SLICE_X3Y36          FDRE                                         r  debounce_inst/c_reg[17]/R
  -------------------------------------------------------------------    -------------------

Slack:                    inf
  Source:                 reset
                            (input port)
  Destination:            debounce_inst/c_reg[18]/R
  Path Group:             (none)
  Path Type:              Max at Slow Process Corner
  Data Path Delay:        4.817ns  (logic 1.565ns (32.498%)  route 3.251ns (67.502%))
  Logic Levels:           2  (IBUF=1 LUT1=1)

    Location             Delay type                Incr(ns)  Path(ns)    Netlist Resource(s)
  -------------------------------------------------------------------    -------------------
    U18                                               0.000     0.000 f  reset (IN)
                         net (fo=0)                   0.000     0.000    reset
    U18                  IBUF (Prop_ibuf_I_O)         1.441     1.441 f  reset_IBUF_inst/O
                         net (fo=2, routed)           2.071     3.512    debounce_inst/reset_IBUF
    SLICE_X2Y36          LUT1 (Prop_lut1_I0_O)        0.124     3.636 r  debounce_inst/c[0]_i_1/O
                         net (fo=24, routed)          1.181     4.817    debounce_inst/clear
    SLICE_X3Y36          FDRE                                         r  debounce_inst/c_reg[18]/R
  -------------------------------------------------------------------    -------------------

Slack:                    inf
  Source:                 reset
                            (input port)
  Destination:            debounce_inst/c_reg[19]/R
  Path Group:             (none)
  Path Type:              Max at Slow Process Corner
  Data Path Delay:        4.817ns  (logic 1.565ns (32.498%)  route 3.251ns (67.502%))
  Logic Levels:           2  (IBUF=1 LUT1=1)

    Location             Delay type                Incr(ns)  Path(ns)    Netlist Resource(s)
  -------------------------------------------------------------------    -------------------
    U18                                               0.000     0.000 f  reset (IN)
                         net (fo=0)                   0.000     0.000    reset
    U18                  IBUF (Prop_ibuf_I_O)         1.441     1.441 f  reset_IBUF_inst/O
                         net (fo=2, routed)           2.071     3.512    debounce_inst/reset_IBUF
    SLICE_X2Y36          LUT1 (Prop_lut1_I0_O)        0.124     3.636 r  debounce_inst/c[0]_i_1/O
                         net (fo=24, routed)          1.181     4.817    debounce_inst/clear
    SLICE_X3Y36          FDRE                                         r  debounce_inst/c_reg[19]/R
  -------------------------------------------------------------------    -------------------

Slack:                    inf
  Source:                 reset
                            (input port)
  Destination:            debounce_inst/c_reg[0]/R
  Path Group:             (none)
  Path Type:              Max at Slow Process Corner
  Data Path Delay:        4.659ns  (logic 1.565ns (33.601%)  route 3.093ns (66.399%))
  Logic Levels:           2  (IBUF=1 LUT1=1)

    Location             Delay type                Incr(ns)  Path(ns)    Netlist Resource(s)
  -------------------------------------------------------------------    -------------------
    U18                                               0.000     0.000 f  reset (IN)
                         net (fo=0)                   0.000     0.000    reset
    U18                  IBUF (Prop_ibuf_I_O)         1.441     1.441 f  reset_IBUF_inst/O
                         net (fo=2, routed)           2.071     3.512    debounce_inst/reset_IBUF
    SLICE_X2Y36          LUT1 (Prop_lut1_I0_O)        0.124     3.636 r  debounce_inst/c[0]_i_1/O
                         net (fo=24, routed)          1.023     4.659    debounce_inst/clear
    SLICE_X3Y32          FDRE                                         r  debounce_inst/c_reg[0]/R
  -------------------------------------------------------------------    -------------------





Min Delay Paths
--------------------------------------------------------------------------------------
Slack:                    inf
  Source:                 debounce_inst/o_reg/C
                            (rising edge-triggered cell FDRE)
  Destination:            vga_c/h_count_next_reg[0]/CLR
  Path Group:             (none)
  Path Type:              Min at Fast Process Corner
  Data Path Delay:        0.359ns  (logic 0.167ns (46.555%)  route 0.192ns (53.445%))
  Logic Levels:           1  (FDRE=1)

    Location             Delay type                Incr(ns)  Path(ns)    Netlist Resource(s)
  -------------------------------------------------------------------    -------------------
    SLICE_X2Y34          FDRE                         0.000     0.000 r  debounce_inst/o_reg/C
    SLICE_X2Y34          FDRE (Prop_fdre_C_Q)         0.167     0.167 f  debounce_inst/o_reg/Q
                         net (fo=54, routed)          0.192     0.359    vga_c/AR[0]
    SLICE_X2Y33          FDCE                                         f  vga_c/h_count_next_reg[0]/CLR
  -------------------------------------------------------------------    -------------------

Slack:                    inf
  Source:                 debounce_inst/o_reg/C
                            (rising edge-triggered cell FDRE)
  Destination:            vga_c/h_count_next_reg[1]/CLR
  Path Group:             (none)
  Path Type:              Min at Fast Process Corner
  Data Path Delay:        0.359ns  (logic 0.167ns (46.555%)  route 0.192ns (53.445%))
  Logic Levels:           1  (FDRE=1)

    Location             Delay type                Incr(ns)  Path(ns)    Netlist Resource(s)
  -------------------------------------------------------------------    -------------------
    SLICE_X2Y34          FDRE                         0.000     0.000 r  debounce_inst/o_reg/C
    SLICE_X2Y34          FDRE (Prop_fdre_C_Q)         0.167     0.167 f  debounce_inst/o_reg/Q
                         net (fo=54, routed)          0.192     0.359    vga_c/AR[0]
    SLICE_X2Y33          FDCE                                         f  vga_c/h_count_next_reg[1]/CLR
  -------------------------------------------------------------------    -------------------

Slack:                    inf
  Source:                 debounce_inst/o_reg/C
                            (rising edge-triggered cell FDRE)
  Destination:            vga_c/h_count_next_reg[2]/CLR
  Path Group:             (none)
  Path Type:              Min at Fast Process Corner
  Data Path Delay:        0.359ns  (logic 0.167ns (46.555%)  route 0.192ns (53.445%))
  Logic Levels:           1  (FDRE=1)

    Location             Delay type                Incr(ns)  Path(ns)    Netlist Resource(s)
  -------------------------------------------------------------------    -------------------
    SLICE_X2Y34          FDRE                         0.000     0.000 r  debounce_inst/o_reg/C
    SLICE_X2Y34          FDRE (Prop_fdre_C_Q)         0.167     0.167 f  debounce_inst/o_reg/Q
                         net (fo=54, routed)          0.192     0.359    vga_c/AR[0]
    SLICE_X2Y33          FDCE                                         f  vga_c/h_count_next_reg[2]/CLR
  -------------------------------------------------------------------    -------------------

Slack:                    inf
  Source:                 debounce_inst/o_reg/C
                            (rising edge-triggered cell FDRE)
  Destination:            vga_c/h_count_next_reg[3]/CLR
  Path Group:             (none)
  Path Type:              Min at Fast Process Corner
  Data Path Delay:        0.359ns  (logic 0.167ns (46.555%)  route 0.192ns (53.445%))
  Logic Levels:           1  (FDRE=1)

    Location             Delay type                Incr(ns)  Path(ns)    Netlist Resource(s)
  -------------------------------------------------------------------    -------------------
    SLICE_X2Y34          FDRE                         0.000     0.000 r  debounce_inst/o_reg/C
    SLICE_X2Y34          FDRE (Prop_fdre_C_Q)         0.167     0.167 f  debounce_inst/o_reg/Q
                         net (fo=54, routed)          0.192     0.359    vga_c/AR[0]
    SLICE_X2Y33          FDCE                                         f  vga_c/h_count_next_reg[3]/CLR
  -------------------------------------------------------------------    -------------------

Slack:                    inf
  Source:                 debounce_inst/o_reg/C
                            (rising edge-triggered cell FDRE)
  Destination:            vga_c/h_count_next_reg[4]/CLR
  Path Group:             (none)
  Path Type:              Min at Fast Process Corner
  Data Path Delay:        0.359ns  (logic 0.167ns (46.555%)  route 0.192ns (53.445%))
  Logic Levels:           1  (FDRE=1)

    Location             Delay type                Incr(ns)  Path(ns)    Netlist Resource(s)
  -------------------------------------------------------------------    -------------------
    SLICE_X2Y34          FDRE                         0.000     0.000 r  debounce_inst/o_reg/C
    SLICE_X2Y34          FDRE (Prop_fdre_C_Q)         0.167     0.167 f  debounce_inst/o_reg/Q
                         net (fo=54, routed)          0.192     0.359    vga_c/AR[0]
    SLICE_X2Y33          FDCE                                         f  vga_c/h_count_next_reg[4]/CLR
  -------------------------------------------------------------------    -------------------

Slack:                    inf
  Source:                 debounce_inst/o_reg/C
                            (rising edge-triggered cell FDRE)
  Destination:            vga_c/h_count_next_reg[5]/CLR
  Path Group:             (none)
  Path Type:              Min at Fast Process Corner
  Data Path Delay:        0.359ns  (logic 0.167ns (46.555%)  route 0.192ns (53.445%))
  Logic Levels:           1  (FDRE=1)

    Location             Delay type                Incr(ns)  Path(ns)    Netlist Resource(s)
  -------------------------------------------------------------------    -------------------
    SLICE_X2Y34          FDRE                         0.000     0.000 r  debounce_inst/o_reg/C
    SLICE_X2Y34          FDRE (Prop_fdre_C_Q)         0.167     0.167 f  debounce_inst/o_reg/Q
                         net (fo=54, routed)          0.192     0.359    vga_c/AR[0]
    SLICE_X2Y33          FDCE                                         f  vga_c/h_count_next_reg[5]/CLR
  -------------------------------------------------------------------    -------------------

Slack:                    inf
  Source:                 debounce_inst/c_reg[15]/C
                            (rising edge-triggered cell FDRE)
  Destination:            debounce_inst/c_reg[15]/D
  Path Group:             (none)
  Path Type:              Min at Fast Process Corner
  Data Path Delay:        0.371ns  (logic 0.254ns (68.425%)  route 0.117ns (31.575%))
  Logic Levels:           2  (CARRY4=1 FDRE=1)

    Location             Delay type                Incr(ns)  Path(ns)    Netlist Resource(s)
  -------------------------------------------------------------------    -------------------
    SLICE_X3Y35          FDRE                         0.000     0.000 r  debounce_inst/c_reg[15]/C
    SLICE_X3Y35          FDRE (Prop_fdre_C_Q)         0.146     0.146 r  debounce_inst/c_reg[15]/Q
                         net (fo=2, routed)           0.117     0.263    debounce_inst/c_reg[15]
    SLICE_X3Y35          CARRY4 (Prop_carry4_S[3]_O[3])
                                                      0.108     0.371 r  debounce_inst/c_reg[12]_i_1/O[3]
                         net (fo=1, routed)           0.000     0.371    debounce_inst/c_reg[12]_i_1_n_4
    SLICE_X3Y35          FDRE                                         r  debounce_inst/c_reg[15]/D
  -------------------------------------------------------------------    -------------------

Slack:                    inf
  Source:                 debounce_inst/c_reg[23]/C
                            (rising edge-triggered cell FDRE)
  Destination:            debounce_inst/c_reg[23]/D
  Path Group:             (none)
  Path Type:              Min at Fast Process Corner
  Data Path Delay:        0.371ns  (logic 0.254ns (68.425%)  route 0.117ns (31.575%))
  Logic Levels:           2  (CARRY4=1 FDRE=1)

    Location             Delay type                Incr(ns)  Path(ns)    Netlist Resource(s)
  -------------------------------------------------------------------    -------------------
    SLICE_X3Y37          FDRE                         0.000     0.000 r  debounce_inst/c_reg[23]/C
    SLICE_X3Y37          FDRE (Prop_fdre_C_Q)         0.146     0.146 r  debounce_inst/c_reg[23]/Q
                         net (fo=2, routed)           0.117     0.263    debounce_inst/c_reg[23]
    SLICE_X3Y37          CARRY4 (Prop_carry4_S[3]_O[3])
                                                      0.108     0.371 r  debounce_inst/c_reg[20]_i_1/O[3]
                         net (fo=1, routed)           0.000     0.371    debounce_inst/c_reg[20]_i_1_n_4
    SLICE_X3Y37          FDRE                                         r  debounce_inst/c_reg[23]/D
  -------------------------------------------------------------------    -------------------

Slack:                    inf
  Source:                 debounce_inst/c_reg[3]/C
                            (rising edge-triggered cell FDRE)
  Destination:            debounce_inst/c_reg[3]/D
  Path Group:             (none)
  Path Type:              Min at Fast Process Corner
  Data Path Delay:        0.371ns  (logic 0.254ns (68.425%)  route 0.117ns (31.575%))
  Logic Levels:           2  (CARRY4=1 FDRE=1)

    Location             Delay type                Incr(ns)  Path(ns)    Netlist Resource(s)
  -------------------------------------------------------------------    -------------------
    SLICE_X3Y32          FDRE                         0.000     0.000 r  debounce_inst/c_reg[3]/C
    SLICE_X3Y32          FDRE (Prop_fdre_C_Q)         0.146     0.146 r  debounce_inst/c_reg[3]/Q
                         net (fo=2, routed)           0.117     0.263    debounce_inst/c_reg[3]
    SLICE_X3Y32          CARRY4 (Prop_carry4_S[3]_O[3])
                                                      0.108     0.371 r  debounce_inst/c_reg[0]_i_2/O[3]
                         net (fo=1, routed)           0.000     0.371    debounce_inst/c_reg[0]_i_2_n_4
    SLICE_X3Y32          FDRE                                         r  debounce_inst/c_reg[3]/D
  -------------------------------------------------------------------    -------------------

Slack:                    inf
  Source:                 debounce_inst/c_reg[11]/C
                            (rising edge-triggered cell FDRE)
  Destination:            debounce_inst/c_reg[11]/D
  Path Group:             (none)
  Path Type:              Min at Fast Process Corner
  Data Path Delay:        0.373ns  (logic 0.254ns (68.046%)  route 0.119ns (31.954%))
  Logic Levels:           2  (CARRY4=1 FDRE=1)

    Location             Delay type                Incr(ns)  Path(ns)    Netlist Resource(s)
  -------------------------------------------------------------------    -------------------
    SLICE_X3Y34          FDRE                         0.000     0.000 r  debounce_inst/c_reg[11]/C
    SLICE_X3Y34          FDRE (Prop_fdre_C_Q)         0.146     0.146 r  debounce_inst/c_reg[11]/Q
                         net (fo=2, routed)           0.119     0.265    debounce_inst/c_reg[11]
    SLICE_X3Y34          CARRY4 (Prop_carry4_S[3]_O[3])
                                                      0.108     0.373 r  debounce_inst/c_reg[8]_i_1/O[3]
                         net (fo=1, routed)           0.000     0.373    debounce_inst/c_reg[8]_i_1_n_4
    SLICE_X3Y34          FDRE                                         r  debounce_inst/c_reg[11]/D
  -------------------------------------------------------------------    -------------------





--------------------------------------------------------------------------------------
Path Group:  (none)
From Clock:  sys_clk_pin
  To Clock:  

Max Delay            44 Endpoints
Min Delay            44 Endpoints
--------------------------------------------------------------------------------------


Max Delay Paths
--------------------------------------------------------------------------------------
Slack:                    inf
  Source:                 vga_c/v_count_reg_reg[8]/C
                            (rising edge-triggered cell FDCE clocked by sys_clk_pin  {rise@0.000ns fall@5.000ns period=10.000ns})
  Destination:            vga_rgb[7]
                            (output port)
  Path Group:             (none)
  Path Type:              Max at Slow Process Corner
  Data Path Delay:        8.285ns  (logic 4.369ns (52.739%)  route 3.916ns (47.261%))
  Logic Levels:           3  (LUT4=1 LUT6=1 OBUF=1)
  Clock Uncertainty:      0.025ns  ((TSJ^2 + TIJ^2)^1/2 + DJ) / 2 + PE
    Total System Jitter     (TSJ):    0.050ns
    Total Input Jitter      (TIJ):    0.000ns
    Discrete Jitter          (DJ):    0.000ns
    Phase Error              (PE):    0.000ns

    Location             Delay type                Incr(ns)  Path(ns)    Netlist Resource(s)
  -------------------------------------------------------------------    -------------------
                         (clock sys_clk_pin rise edge)
                                                      0.000     0.000 r  
    W5                                                0.000     0.000 r  clk_100MHz (IN)
                         net (fo=0)                   0.000     0.000    clk_100MHz
    W5                   IBUF (Prop_ibuf_I_O)         1.458     1.458 r  clk_100MHz_IBUF_inst/O
                         net (fo=1, routed)           1.967     3.425    clk_100MHz_IBUF
    BUFGCTRL_X0Y0        BUFG (Prop_bufg_I_O)         0.096     3.521 r  clk_100MHz_IBUF_BUFG_inst/O
                         net (fo=36, routed)          1.627     5.148    vga_c/CLK
    SLICE_X4Y33          FDCE                                         r  vga_c/v_count_reg_reg[8]/C
  -------------------------------------------------------------------    -------------------
    SLICE_X4Y33          FDCE (Prop_fdce_C_Q)         0.419     5.567 f  vga_c/v_count_reg_reg[8]/Q
                         net (fo=4, routed)           0.711     6.278    vga_c/v_count_reg_reg_n_0_[8]
    SLICE_X4Y33          LUT4 (Prop_lut4_I3_O)        0.296     6.574 r  vga_c/vga_rgb_OBUF[11]_inst_i_2/O
                         net (fo=13, routed)          1.091     7.665    vga_c/vga_rgb_OBUF[11]_inst_i_2_n_0
    SLICE_X0Y33          LUT6 (Prop_lut6_I4_O)        0.124     7.789 r  vga_c/vga_rgb_OBUF[7]_inst_i_1/O
                         net (fo=1, routed)           2.114     9.903    vga_rgb_OBUF[7]
    D17                  OBUF (Prop_obuf_I_O)         3.530    13.433 r  vga_rgb_OBUF[7]_inst/O
                         net (fo=0)                   0.000    13.433    vga_rgb[7]
    D17                                                               r  vga_rgb[7] (OUT)
  -------------------------------------------------------------------    -------------------

Slack:                    inf
  Source:                 vga_c/v_count_reg_reg[8]/C
                            (rising edge-triggered cell FDCE clocked by sys_clk_pin  {rise@0.000ns fall@5.000ns period=10.000ns})
  Destination:            vga_rgb[8]
                            (output port)
  Path Group:             (none)
  Path Type:              Max at Slow Process Corner
  Data Path Delay:        8.077ns  (logic 4.363ns (54.013%)  route 3.714ns (45.987%))
  Logic Levels:           3  (LUT4=1 LUT6=1 OBUF=1)
  Clock Uncertainty:      0.025ns  ((TSJ^2 + TIJ^2)^1/2 + DJ) / 2 + PE
    Total System Jitter     (TSJ):    0.050ns
    Total Input Jitter      (TIJ):    0.000ns
    Discrete Jitter          (DJ):    0.000ns
    Phase Error              (PE):    0.000ns

    Location             Delay type                Incr(ns)  Path(ns)    Netlist Resource(s)
  -------------------------------------------------------------------    -------------------
                         (clock sys_clk_pin rise edge)
                                                      0.000     0.000 r  
    W5                                                0.000     0.000 r  clk_100MHz (IN)
                         net (fo=0)                   0.000     0.000    clk_100MHz
    W5                   IBUF (Prop_ibuf_I_O)         1.458     1.458 r  clk_100MHz_IBUF_inst/O
                         net (fo=1, routed)           1.967     3.425    clk_100MHz_IBUF
    BUFGCTRL_X0Y0        BUFG (Prop_bufg_I_O)         0.096     3.521 r  clk_100MHz_IBUF_BUFG_inst/O
                         net (fo=36, routed)          1.627     5.148    vga_c/CLK
    SLICE_X4Y33          FDCE                                         r  vga_c/v_count_reg_reg[8]/C
  -------------------------------------------------------------------    -------------------
    SLICE_X4Y33          FDCE (Prop_fdce_C_Q)         0.419     5.567 f  vga_c/v_count_reg_reg[8]/Q
                         net (fo=4, routed)           0.711     6.278    vga_c/v_count_reg_reg_n_0_[8]
    SLICE_X4Y33          LUT4 (Prop_lut4_I3_O)        0.296     6.574 r  vga_c/vga_rgb_OBUF[11]_inst_i_2/O
                         net (fo=13, routed)          1.087     7.661    vga_c/vga_rgb_OBUF[11]_inst_i_2_n_0
    SLICE_X0Y32          LUT6 (Prop_lut6_I4_O)        0.124     7.785 r  vga_c/vga_rgb_OBUF[8]_inst_i_1/O
                         net (fo=1, routed)           1.917     9.702    vga_rgb_OBUF[8]
    G19                  OBUF (Prop_obuf_I_O)         3.524    13.225 r  vga_rgb_OBUF[8]_inst/O
                         net (fo=0)                   0.000    13.225    vga_rgb[8]
    G19                                                               r  vga_rgb[8] (OUT)
  -------------------------------------------------------------------    -------------------

Slack:                    inf
  Source:                 vga_c/v_count_reg_reg[8]/C
                            (rising edge-triggered cell FDCE clocked by sys_clk_pin  {rise@0.000ns fall@5.000ns period=10.000ns})
  Destination:            vga_rgb[6]
                            (output port)
  Path Group:             (none)
  Path Type:              Max at Slow Process Corner
  Data Path Delay:        8.030ns  (logic 4.368ns (54.395%)  route 3.662ns (45.605%))
  Logic Levels:           3  (LUT4=1 LUT6=1 OBUF=1)
  Clock Uncertainty:      0.025ns  ((TSJ^2 + TIJ^2)^1/2 + DJ) / 2 + PE
    Total System Jitter     (TSJ):    0.050ns
    Total Input Jitter      (TIJ):    0.000ns
    Discrete Jitter          (DJ):    0.000ns
    Phase Error              (PE):    0.000ns

    Location             Delay type                Incr(ns)  Path(ns)    Netlist Resource(s)
  -------------------------------------------------------------------    -------------------
                         (clock sys_clk_pin rise edge)
                                                      0.000     0.000 r  
    W5                                                0.000     0.000 r  clk_100MHz (IN)
                         net (fo=0)                   0.000     0.000    clk_100MHz
    W5                   IBUF (Prop_ibuf_I_O)         1.458     1.458 r  clk_100MHz_IBUF_inst/O
                         net (fo=1, routed)           1.967     3.425    clk_100MHz_IBUF
    BUFGCTRL_X0Y0        BUFG (Prop_bufg_I_O)         0.096     3.521 r  clk_100MHz_IBUF_BUFG_inst/O
                         net (fo=36, routed)          1.627     5.148    vga_c/CLK
    SLICE_X4Y33          FDCE                                         r  vga_c/v_count_reg_reg[8]/C
  -------------------------------------------------------------------    -------------------
    SLICE_X4Y33          FDCE (Prop_fdce_C_Q)         0.419     5.567 f  vga_c/v_count_reg_reg[8]/Q
                         net (fo=4, routed)           0.711     6.278    vga_c/v_count_reg_reg_n_0_[8]
    SLICE_X4Y33          LUT4 (Prop_lut4_I3_O)        0.296     6.574 r  vga_c/vga_rgb_OBUF[11]_inst_i_2/O
                         net (fo=13, routed)          1.089     7.664    vga_c/vga_rgb_OBUF[11]_inst_i_2_n_0
    SLICE_X0Y33          LUT6 (Prop_lut6_I4_O)        0.124     7.788 r  vga_c/vga_rgb_OBUF[6]_inst_i_1/O
                         net (fo=1, routed)           1.862     9.649    vga_rgb_OBUF[6]
    G17                  OBUF (Prop_obuf_I_O)         3.529    13.179 r  vga_rgb_OBUF[6]_inst/O
                         net (fo=0)                   0.000    13.179    vga_rgb[6]
    G17                                                               r  vga_rgb[6] (OUT)
  -------------------------------------------------------------------    -------------------

Slack:                    inf
  Source:                 vga_c/v_count_reg_reg[8]/C
                            (rising edge-triggered cell FDCE clocked by sys_clk_pin  {rise@0.000ns fall@5.000ns period=10.000ns})
  Destination:            vga_rgb[3]
                            (output port)
  Path Group:             (none)
  Path Type:              Max at Slow Process Corner
  Data Path Delay:        7.994ns  (logic 4.364ns (54.588%)  route 3.630ns (45.412%))
  Logic Levels:           3  (LUT4=1 LUT6=1 OBUF=1)
  Clock Uncertainty:      0.025ns  ((TSJ^2 + TIJ^2)^1/2 + DJ) / 2 + PE
    Total System Jitter     (TSJ):    0.050ns
    Total Input Jitter      (TIJ):    0.000ns
    Discrete Jitter          (DJ):    0.000ns
    Phase Error              (PE):    0.000ns

    Location             Delay type                Incr(ns)  Path(ns)    Netlist Resource(s)
  -------------------------------------------------------------------    -------------------
                         (clock sys_clk_pin rise edge)
                                                      0.000     0.000 r  
    W5                                                0.000     0.000 r  clk_100MHz (IN)
                         net (fo=0)                   0.000     0.000    clk_100MHz
    W5                   IBUF (Prop_ibuf_I_O)         1.458     1.458 r  clk_100MHz_IBUF_inst/O
                         net (fo=1, routed)           1.967     3.425    clk_100MHz_IBUF
    BUFGCTRL_X0Y0        BUFG (Prop_bufg_I_O)         0.096     3.521 r  clk_100MHz_IBUF_BUFG_inst/O
                         net (fo=36, routed)          1.627     5.148    vga_c/CLK
    SLICE_X4Y33          FDCE                                         r  vga_c/v_count_reg_reg[8]/C
  -------------------------------------------------------------------    -------------------
    SLICE_X4Y33          FDCE (Prop_fdce_C_Q)         0.419     5.567 f  vga_c/v_count_reg_reg[8]/Q
                         net (fo=4, routed)           0.711     6.278    vga_c/v_count_reg_reg_n_0_[8]
    SLICE_X4Y33          LUT4 (Prop_lut4_I3_O)        0.296     6.574 r  vga_c/vga_rgb_OBUF[11]_inst_i_2/O
                         net (fo=13, routed)          1.055     7.630    vga_c/vga_rgb_OBUF[11]_inst_i_2_n_0
    SLICE_X1Y31          LUT6 (Prop_lut6_I4_O)        0.124     7.754 r  vga_c/vga_rgb_OBUF[3]_inst_i_1/O
                         net (fo=1, routed)           1.864     9.618    vga_rgb_OBUF[3]
    J18                  OBUF (Prop_obuf_I_O)         3.525    13.142 r  vga_rgb_OBUF[3]_inst/O
                         net (fo=0)                   0.000    13.142    vga_rgb[3]
    J18                                                               r  vga_rgb[3] (OUT)
  -------------------------------------------------------------------    -------------------

Slack:                    inf
  Source:                 vga_c/v_count_reg_reg[8]/C
                            (rising edge-triggered cell FDCE clocked by sys_clk_pin  {rise@0.000ns fall@5.000ns period=10.000ns})
  Destination:            vga_rgb[1]
                            (output port)
  Path Group:             (none)
  Path Type:              Max at Slow Process Corner
  Data Path Delay:        7.965ns  (logic 4.342ns (54.521%)  route 3.622ns (45.479%))
  Logic Levels:           3  (LUT4=1 LUT6=1 OBUF=1)
  Clock Uncertainty:      0.025ns  ((TSJ^2 + TIJ^2)^1/2 + DJ) / 2 + PE
    Total System Jitter     (TSJ):    0.050ns
    Total Input Jitter      (TIJ):    0.000ns
    Discrete Jitter          (DJ):    0.000ns
    Phase Error              (PE):    0.000ns

    Location             Delay type                Incr(ns)  Path(ns)    Netlist Resource(s)
  -------------------------------------------------------------------    -------------------
                         (clock sys_clk_pin rise edge)
                                                      0.000     0.000 r  
    W5                                                0.000     0.000 r  clk_100MHz (IN)
                         net (fo=0)                   0.000     0.000    clk_100MHz
    W5                   IBUF (Prop_ibuf_I_O)         1.458     1.458 r  clk_100MHz_IBUF_inst/O
                         net (fo=1, routed)           1.967     3.425    clk_100MHz_IBUF
    BUFGCTRL_X0Y0        BUFG (Prop_bufg_I_O)         0.096     3.521 r  clk_100MHz_IBUF_BUFG_inst/O
                         net (fo=36, routed)          1.627     5.148    vga_c/CLK
    SLICE_X4Y33          FDCE                                         r  vga_c/v_count_reg_reg[8]/C
  -------------------------------------------------------------------    -------------------
    SLICE_X4Y33          FDCE (Prop_fdce_C_Q)         0.419     5.567 f  vga_c/v_count_reg_reg[8]/Q
                         net (fo=4, routed)           0.711     6.278    vga_c/v_count_reg_reg_n_0_[8]
    SLICE_X4Y33          LUT4 (Prop_lut4_I3_O)        0.296     6.574 r  vga_c/vga_rgb_OBUF[11]_inst_i_2/O
                         net (fo=13, routed)          1.077     7.651    vga_c/vga_rgb_OBUF[11]_inst_i_2_n_0
    SLICE_X1Y31          LUT6 (Prop_lut6_I4_O)        0.124     7.775 r  vga_c/vga_rgb_OBUF[1]_inst_i_1/O
                         net (fo=1, routed)           1.834     9.610    vga_rgb_OBUF[1]
    L18                  OBUF (Prop_obuf_I_O)         3.503    13.113 r  vga_rgb_OBUF[1]_inst/O
                         net (fo=0)                   0.000    13.113    vga_rgb[1]
    L18                                                               r  vga_rgb[1] (OUT)
  -------------------------------------------------------------------    -------------------

Slack:                    inf
  Source:                 vga_c/v_count_reg_reg[8]/C
                            (rising edge-triggered cell FDCE clocked by sys_clk_pin  {rise@0.000ns fall@5.000ns period=10.000ns})
  Destination:            vga_rgb[9]
                            (output port)
  Path Group:             (none)
  Path Type:              Max at Slow Process Corner
  Data Path Delay:        7.833ns  (logic 4.358ns (55.638%)  route 3.475ns (44.362%))
  Logic Levels:           3  (LUT4=1 LUT6=1 OBUF=1)
  Clock Uncertainty:      0.025ns  ((TSJ^2 + TIJ^2)^1/2 + DJ) / 2 + PE
    Total System Jitter     (TSJ):    0.050ns
    Total Input Jitter      (TIJ):    0.000ns
    Discrete Jitter          (DJ):    0.000ns
    Phase Error              (PE):    0.000ns

    Location             Delay type                Incr(ns)  Path(ns)    Netlist Resource(s)
  -------------------------------------------------------------------    -------------------
                         (clock sys_clk_pin rise edge)
                                                      0.000     0.000 r  
    W5                                                0.000     0.000 r  clk_100MHz (IN)
                         net (fo=0)                   0.000     0.000    clk_100MHz
    W5                   IBUF (Prop_ibuf_I_O)         1.458     1.458 r  clk_100MHz_IBUF_inst/O
                         net (fo=1, routed)           1.967     3.425    clk_100MHz_IBUF
    BUFGCTRL_X0Y0        BUFG (Prop_bufg_I_O)         0.096     3.521 r  clk_100MHz_IBUF_BUFG_inst/O
                         net (fo=36, routed)          1.627     5.148    vga_c/CLK
    SLICE_X4Y33          FDCE                                         r  vga_c/v_count_reg_reg[8]/C
  -------------------------------------------------------------------    -------------------
    SLICE_X4Y33          FDCE (Prop_fdce_C_Q)         0.419     5.567 f  vga_c/v_count_reg_reg[8]/Q
                         net (fo=4, routed)           0.711     6.278    vga_c/v_count_reg_reg_n_0_[8]
    SLICE_X4Y33          LUT4 (Prop_lut4_I3_O)        0.296     6.574 r  vga_c/vga_rgb_OBUF[11]_inst_i_2/O
                         net (fo=13, routed)          0.699     7.274    vga_c/vga_rgb_OBUF[11]_inst_i_2_n_0
    SLICE_X0Y32          LUT6 (Prop_lut6_I4_O)        0.124     7.398 r  vga_c/vga_rgb_OBUF[9]_inst_i_1/O
                         net (fo=1, routed)           2.065     9.462    vga_rgb_OBUF[9]
    H19                  OBUF (Prop_obuf_I_O)         3.519    12.982 r  vga_rgb_OBUF[9]_inst/O
                         net (fo=0)                   0.000    12.982    vga_rgb[9]
    H19                                                               r  vga_rgb[9] (OUT)
  -------------------------------------------------------------------    -------------------

Slack:                    inf
  Source:                 vga_c/v_count_reg_reg[8]/C
                            (rising edge-triggered cell FDCE clocked by sys_clk_pin  {rise@0.000ns fall@5.000ns period=10.000ns})
  Destination:            vga_rgb[10]
                            (output port)
  Path Group:             (none)
  Path Type:              Max at Slow Process Corner
  Data Path Delay:        7.822ns  (logic 4.363ns (55.774%)  route 3.460ns (44.226%))
  Logic Levels:           3  (LUT4=1 LUT6=1 OBUF=1)
  Clock Uncertainty:      0.025ns  ((TSJ^2 + TIJ^2)^1/2 + DJ) / 2 + PE
    Total System Jitter     (TSJ):    0.050ns
    Total Input Jitter      (TIJ):    0.000ns
    Discrete Jitter          (DJ):    0.000ns
    Phase Error              (PE):    0.000ns

    Location             Delay type                Incr(ns)  Path(ns)    Netlist Resource(s)
  -------------------------------------------------------------------    -------------------
                         (clock sys_clk_pin rise edge)
                                                      0.000     0.000 r  
    W5                                                0.000     0.000 r  clk_100MHz (IN)
                         net (fo=0)                   0.000     0.000    clk_100MHz
    W5                   IBUF (Prop_ibuf_I_O)         1.458     1.458 r  clk_100MHz_IBUF_inst/O
                         net (fo=1, routed)           1.967     3.425    clk_100MHz_IBUF
    BUFGCTRL_X0Y0        BUFG (Prop_bufg_I_O)         0.096     3.521 r  clk_100MHz_IBUF_BUFG_inst/O
                         net (fo=36, routed)          1.627     5.148    vga_c/CLK
    SLICE_X4Y33          FDCE                                         r  vga_c/v_count_reg_reg[8]/C
  -------------------------------------------------------------------    -------------------
    SLICE_X4Y33          FDCE (Prop_fdce_C_Q)         0.419     5.567 f  vga_c/v_count_reg_reg[8]/Q
                         net (fo=4, routed)           0.711     6.278    vga_c/v_count_reg_reg_n_0_[8]
    SLICE_X4Y33          LUT4 (Prop_lut4_I3_O)        0.296     6.574 r  vga_c/vga_rgb_OBUF[11]_inst_i_2/O
                         net (fo=13, routed)          0.885     7.459    vga_c/vga_rgb_OBUF[11]_inst_i_2_n_0
    SLICE_X1Y33          LUT6 (Prop_lut6_I4_O)        0.124     7.583 r  vga_c/vga_rgb_OBUF[10]_inst_i_1/O
                         net (fo=1, routed)           1.864     9.447    vga_rgb_OBUF[10]
    J19                  OBUF (Prop_obuf_I_O)         3.524    12.971 r  vga_rgb_OBUF[10]_inst/O
                         net (fo=0)                   0.000    12.971    vga_rgb[10]
    J19                                                               r  vga_rgb[10] (OUT)
  -------------------------------------------------------------------    -------------------

Slack:                    inf
  Source:                 vga_c/v_count_reg_reg[8]/C
                            (rising edge-triggered cell FDCE clocked by sys_clk_pin  {rise@0.000ns fall@5.000ns period=10.000ns})
  Destination:            vga_rgb[11]
                            (output port)
  Path Group:             (none)
  Path Type:              Max at Slow Process Corner
  Data Path Delay:        7.779ns  (logic 4.341ns (55.809%)  route 3.438ns (44.191%))
  Logic Levels:           3  (LUT4=1 LUT6=1 OBUF=1)
  Clock Uncertainty:      0.025ns  ((TSJ^2 + TIJ^2)^1/2 + DJ) / 2 + PE
    Total System Jitter     (TSJ):    0.050ns
    Total Input Jitter      (TIJ):    0.000ns
    Discrete Jitter          (DJ):    0.000ns
    Phase Error              (PE):    0.000ns

    Location             Delay type                Incr(ns)  Path(ns)    Netlist Resource(s)
  -------------------------------------------------------------------    -------------------
                         (clock sys_clk_pin rise edge)
                                                      0.000     0.000 r  
    W5                                                0.000     0.000 r  clk_100MHz (IN)
                         net (fo=0)                   0.000     0.000    clk_100MHz
    W5                   IBUF (Prop_ibuf_I_O)         1.458     1.458 r  clk_100MHz_IBUF_inst/O
                         net (fo=1, routed)           1.967     3.425    clk_100MHz_IBUF
    BUFGCTRL_X0Y0        BUFG (Prop_bufg_I_O)         0.096     3.521 r  clk_100MHz_IBUF_BUFG_inst/O
                         net (fo=36, routed)          1.627     5.148    vga_c/CLK
    SLICE_X4Y33          FDCE                                         r  vga_c/v_count_reg_reg[8]/C
  -------------------------------------------------------------------    -------------------
    SLICE_X4Y33          FDCE (Prop_fdce_C_Q)         0.419     5.567 f  vga_c/v_count_reg_reg[8]/Q
                         net (fo=4, routed)           0.711     6.278    vga_c/v_count_reg_reg_n_0_[8]
    SLICE_X4Y33          LUT4 (Prop_lut4_I3_O)        0.296     6.574 r  vga_c/vga_rgb_OBUF[11]_inst_i_2/O
                         net (fo=13, routed)          1.059     7.633    vga_c/vga_rgb_OBUF[11]_inst_i_2_n_0
    SLICE_X0Y31          LUT6 (Prop_lut6_I4_O)        0.124     7.757 r  vga_c/vga_rgb_OBUF[11]_inst_i_1/O
                         net (fo=1, routed)           1.668     9.425    vga_rgb_OBUF[11]
    N19                  OBUF (Prop_obuf_I_O)         3.502    12.927 r  vga_rgb_OBUF[11]_inst/O
                         net (fo=0)                   0.000    12.927    vga_rgb[11]
    N19                                                               r  vga_rgb[11] (OUT)
  -------------------------------------------------------------------    -------------------

Slack:                    inf
  Source:                 vga_c/v_count_reg_reg[8]/C
                            (rising edge-triggered cell FDCE clocked by sys_clk_pin  {rise@0.000ns fall@5.000ns period=10.000ns})
  Destination:            vga_rgb[5]
                            (output port)
  Path Group:             (none)
  Path Type:              Max at Slow Process Corner
  Data Path Delay:        7.650ns  (logic 4.344ns (56.787%)  route 3.306ns (43.213%))
  Logic Levels:           3  (LUT4=1 LUT6=1 OBUF=1)
  Clock Uncertainty:      0.025ns  ((TSJ^2 + TIJ^2)^1/2 + DJ) / 2 + PE
    Total System Jitter     (TSJ):    0.050ns
    Total Input Jitter      (TIJ):    0.000ns
    Discrete Jitter          (DJ):    0.000ns
    Phase Error              (PE):    0.000ns

    Location             Delay type                Incr(ns)  Path(ns)    Netlist Resource(s)
  -------------------------------------------------------------------    -------------------
                         (clock sys_clk_pin rise edge)
                                                      0.000     0.000 r  
    W5                                                0.000     0.000 r  clk_100MHz (IN)
                         net (fo=0)                   0.000     0.000    clk_100MHz
    W5                   IBUF (Prop_ibuf_I_O)         1.458     1.458 r  clk_100MHz_IBUF_inst/O
                         net (fo=1, routed)           1.967     3.425    clk_100MHz_IBUF
    BUFGCTRL_X0Y0        BUFG (Prop_bufg_I_O)         0.096     3.521 r  clk_100MHz_IBUF_BUFG_inst/O
                         net (fo=36, routed)          1.627     5.148    vga_c/CLK
    SLICE_X4Y33          FDCE                                         r  vga_c/v_count_reg_reg[8]/C
  -------------------------------------------------------------------    -------------------
    SLICE_X4Y33          FDCE (Prop_fdce_C_Q)         0.419     5.567 f  vga_c/v_count_reg_reg[8]/Q
                         net (fo=4, routed)           0.711     6.278    vga_c/v_count_reg_reg_n_0_[8]
    SLICE_X4Y33          LUT4 (Prop_lut4_I3_O)        0.296     6.574 r  vga_c/vga_rgb_OBUF[11]_inst_i_2/O
                         net (fo=13, routed)          0.717     7.291    vga_c/vga_rgb_OBUF[11]_inst_i_2_n_0
    SLICE_X0Y33          LUT6 (Prop_lut6_I4_O)        0.124     7.415 r  vga_c/vga_rgb_OBUF[5]_inst_i_1/O
                         net (fo=1, routed)           1.878     9.293    vga_rgb_OBUF[5]
    H17                  OBUF (Prop_obuf_I_O)         3.505    12.799 r  vga_rgb_OBUF[5]_inst/O
                         net (fo=0)                   0.000    12.799    vga_rgb[5]
    H17                                                               r  vga_rgb[5] (OUT)
  -------------------------------------------------------------------    -------------------

Slack:                    inf
  Source:                 vga_c/v_count_reg_reg[8]/C
                            (rising edge-triggered cell FDCE clocked by sys_clk_pin  {rise@0.000ns fall@5.000ns period=10.000ns})
  Destination:            vga_rgb[2]
                            (output port)
  Path Group:             (none)
  Path Type:              Max at Slow Process Corner
  Data Path Delay:        7.472ns  (logic 4.358ns (58.319%)  route 3.115ns (41.681%))
  Logic Levels:           3  (LUT4=1 LUT6=1 OBUF=1)
  Clock Uncertainty:      0.025ns  ((TSJ^2 + TIJ^2)^1/2 + DJ) / 2 + PE
    Total System Jitter     (TSJ):    0.050ns
    Total Input Jitter      (TIJ):    0.000ns
    Discrete Jitter          (DJ):    0.000ns
    Phase Error              (PE):    0.000ns

    Location             Delay type                Incr(ns)  Path(ns)    Netlist Resource(s)
  -------------------------------------------------------------------    -------------------
                         (clock sys_clk_pin rise edge)
                                                      0.000     0.000 r  
    W5                                                0.000     0.000 r  clk_100MHz (IN)
                         net (fo=0)                   0.000     0.000    clk_100MHz
    W5                   IBUF (Prop_ibuf_I_O)         1.458     1.458 r  clk_100MHz_IBUF_inst/O
                         net (fo=1, routed)           1.967     3.425    clk_100MHz_IBUF
    BUFGCTRL_X0Y0        BUFG (Prop_bufg_I_O)         0.096     3.521 r  clk_100MHz_IBUF_BUFG_inst/O
                         net (fo=36, routed)          1.627     5.148    vga_c/CLK
    SLICE_X4Y33          FDCE                                         r  vga_c/v_count_reg_reg[8]/C
  -------------------------------------------------------------------    -------------------
    SLICE_X4Y33          FDCE (Prop_fdce_C_Q)         0.419     5.567 f  vga_c/v_count_reg_reg[8]/Q
                         net (fo=4, routed)           0.711     6.278    vga_c/v_count_reg_reg_n_0_[8]
    SLICE_X4Y33          LUT4 (Prop_lut4_I3_O)        0.296     6.574 r  vga_c/vga_rgb_OBUF[11]_inst_i_2/O
                         net (fo=13, routed)          0.875     7.449    vga_c/vga_rgb_OBUF[11]_inst_i_2_n_0
    SLICE_X0Y33          LUT6 (Prop_lut6_I4_O)        0.124     7.573 r  vga_c/vga_rgb_OBUF[2]_inst_i_1/O
                         net (fo=1, routed)           1.529     9.102    vga_rgb_OBUF[2]
    K18                  OBUF (Prop_obuf_I_O)         3.519    12.621 r  vga_rgb_OBUF[2]_inst/O
                         net (fo=0)                   0.000    12.621    vga_rgb[2]
    K18                                                               r  vga_rgb[2] (OUT)
  -------------------------------------------------------------------    -------------------





Min Delay Paths
--------------------------------------------------------------------------------------
Slack:                    inf
  Source:                 vga_c/v_count_reg_reg[4]/C
                            (rising edge-triggered cell FDCE clocked by sys_clk_pin  {rise@0.000ns fall@5.000ns period=10.000ns})
  Destination:            vga_c/v_count_next_reg[5]/D
  Path Group:             (none)
  Path Type:              Min at Fast Process Corner
  Data Path Delay:        0.282ns  (logic 0.186ns (65.870%)  route 0.096ns (34.130%))
  Logic Levels:           1  (LUT6=1)
  Clock Uncertainty:      0.025ns  ((TSJ^2 + TIJ^2)^1/2 + DJ) / 2 + PE
    Total System Jitter     (TSJ):    0.050ns
    Total Input Jitter      (TIJ):    0.000ns
    Discrete Jitter          (DJ):    0.000ns
    Phase Error              (PE):    0.000ns

    Location             Delay type                Incr(ns)  Path(ns)    Netlist Resource(s)
  -------------------------------------------------------------------    -------------------
                         (clock sys_clk_pin rise edge)
                                                      0.000     0.000 r  
    W5                                                0.000     0.000 r  clk_100MHz (IN)
                         net (fo=0)                   0.000     0.000    clk_100MHz
    W5                   IBUF (Prop_ibuf_I_O)         0.226     0.226 r  clk_100MHz_IBUF_inst/O
                         net (fo=1, routed)           0.631     0.858    clk_100MHz_IBUF
    BUFGCTRL_X0Y0        BUFG (Prop_bufg_I_O)         0.026     0.884 r  clk_100MHz_IBUF_BUFG_inst/O
                         net (fo=36, routed)          0.588     1.471    vga_c/CLK
    SLICE_X4Y33          FDCE                                         r  vga_c/v_count_reg_reg[4]/C
  -------------------------------------------------------------------    -------------------
    SLICE_X4Y33          FDCE (Prop_fdce_C_Q)         0.141     1.612 r  vga_c/v_count_reg_reg[4]/Q
                         net (fo=6, routed)           0.096     1.709    vga_c/v_count_reg_reg_n_0_[4]
    SLICE_X5Y33          LUT6 (Prop_lut6_I0_O)        0.045     1.754 r  vga_c/v_count_next[5]_i_1/O
                         net (fo=1, routed)           0.000     1.754    vga_c/v_count_next[5]_i_1_n_0
    SLICE_X5Y33          FDCE                                         r  vga_c/v_count_next_reg[5]/D
  -------------------------------------------------------------------    -------------------

Slack:                    inf
  Source:                 vga_c/v_count_reg_reg[6]/C
                            (rising edge-triggered cell FDCE clocked by sys_clk_pin  {rise@0.000ns fall@5.000ns period=10.000ns})
  Destination:            vga_c/v_count_next_reg[6]/D
  Path Group:             (none)
  Path Type:              Min at Fast Process Corner
  Data Path Delay:        0.285ns  (logic 0.186ns (65.209%)  route 0.099ns (34.791%))
  Logic Levels:           1  (LUT3=1)
  Clock Uncertainty:      0.025ns  ((TSJ^2 + TIJ^2)^1/2 + DJ) / 2 + PE
    Total System Jitter     (TSJ):    0.050ns
    Total Input Jitter      (TIJ):    0.000ns
    Discrete Jitter          (DJ):    0.000ns
    Phase Error              (PE):    0.000ns

    Location             Delay type                Incr(ns)  Path(ns)    Netlist Resource(s)
  -------------------------------------------------------------------    -------------------
                         (clock sys_clk_pin rise edge)
                                                      0.000     0.000 r  
    W5                                                0.000     0.000 r  clk_100MHz (IN)
                         net (fo=0)                   0.000     0.000    clk_100MHz
    W5                   IBUF (Prop_ibuf_I_O)         0.226     0.226 r  clk_100MHz_IBUF_inst/O
                         net (fo=1, routed)           0.631     0.858    clk_100MHz_IBUF
    BUFGCTRL_X0Y0        BUFG (Prop_bufg_I_O)         0.026     0.884 r  clk_100MHz_IBUF_BUFG_inst/O
                         net (fo=36, routed)          0.588     1.471    vga_c/CLK
    SLICE_X7Y33          FDCE                                         r  vga_c/v_count_reg_reg[6]/C
  -------------------------------------------------------------------    -------------------
    SLICE_X7Y33          FDCE (Prop_fdce_C_Q)         0.141     1.612 r  vga_c/v_count_reg_reg[6]/Q
                         net (fo=6, routed)           0.099     1.711    vga_c/v_count_reg_reg_n_0_[6]
    SLICE_X6Y33          LUT3 (Prop_lut3_I2_O)        0.045     1.756 r  vga_c/v_count_next[6]_i_1/O
                         net (fo=1, routed)           0.000     1.756    vga_c/v_count_next[6]_i_1_n_0
    SLICE_X6Y33          FDCE                                         r  vga_c/v_count_next_reg[6]/D
  -------------------------------------------------------------------    -------------------

Slack:                    inf
  Source:                 vga_c/h_count_reg_reg[9]/C
                            (rising edge-triggered cell FDCE clocked by sys_clk_pin  {rise@0.000ns fall@5.000ns period=10.000ns})
  Destination:            vga_c/h_count_next_reg[5]/D
  Path Group:             (none)
  Path Type:              Min at Fast Process Corner
  Data Path Delay:        0.320ns  (logic 0.186ns (58.047%)  route 0.134ns (41.953%))
  Logic Levels:           1  (LUT6=1)
  Clock Uncertainty:      0.025ns  ((TSJ^2 + TIJ^2)^1/2 + DJ) / 2 + PE
    Total System Jitter     (TSJ):    0.050ns
    Total Input Jitter      (TIJ):    0.000ns
    Discrete Jitter          (DJ):    0.000ns
    Phase Error              (PE):    0.000ns

    Location             Delay type                Incr(ns)  Path(ns)    Netlist Resource(s)
  -------------------------------------------------------------------    -------------------
                         (clock sys_clk_pin rise edge)
                                                      0.000     0.000 r  
    W5                                                0.000     0.000 r  clk_100MHz (IN)
                         net (fo=0)                   0.000     0.000    clk_100MHz
    W5                   IBUF (Prop_ibuf_I_O)         0.226     0.226 r  clk_100MHz_IBUF_inst/O
                         net (fo=1, routed)           0.631     0.858    clk_100MHz_IBUF
    BUFGCTRL_X0Y0        BUFG (Prop_bufg_I_O)         0.026     0.884 r  clk_100MHz_IBUF_BUFG_inst/O
                         net (fo=36, routed)          0.589     1.472    vga_c/CLK
    SLICE_X0Y32          FDCE                                         r  vga_c/h_count_reg_reg[9]/C
  -------------------------------------------------------------------    -------------------
    SLICE_X0Y32          FDCE (Prop_fdce_C_Q)         0.141     1.613 f  vga_c/h_count_reg_reg[9]/Q
                         net (fo=17, routed)          0.134     1.748    vga_c/h_count_reg_reg_n_0_[9]
    SLICE_X2Y33          LUT6 (Prop_lut6_I4_O)        0.045     1.793 r  vga_c/h_count_next[5]_i_1/O
                         net (fo=1, routed)           0.000     1.793    vga_c/h_count_next_0[5]
    SLICE_X2Y33          FDCE                                         r  vga_c/h_count_next_reg[5]/D
  -------------------------------------------------------------------    -------------------

Slack:                    inf
  Source:                 vga_c/h_count_reg_reg[4]/C
                            (rising edge-triggered cell FDCE clocked by sys_clk_pin  {rise@0.000ns fall@5.000ns period=10.000ns})
  Destination:            vga_c/h_count_next_reg[4]/D
  Path Group:             (none)
  Path Type:              Min at Fast Process Corner
  Data Path Delay:        0.340ns  (logic 0.190ns (55.856%)  route 0.150ns (44.144%))
  Logic Levels:           1  (LUT5=1)
  Clock Uncertainty:      0.025ns  ((TSJ^2 + TIJ^2)^1/2 + DJ) / 2 + PE
    Total System Jitter     (TSJ):    0.050ns
    Total Input Jitter      (TIJ):    0.000ns
    Discrete Jitter          (DJ):    0.000ns
    Phase Error              (PE):    0.000ns

    Location             Delay type                Incr(ns)  Path(ns)    Netlist Resource(s)
  -------------------------------------------------------------------    -------------------
                         (clock sys_clk_pin rise edge)
                                                      0.000     0.000 r  
    W5                                                0.000     0.000 r  clk_100MHz (IN)
                         net (fo=0)                   0.000     0.000    clk_100MHz
    W5                   IBUF (Prop_ibuf_I_O)         0.226     0.226 r  clk_100MHz_IBUF_inst/O
                         net (fo=1, routed)           0.631     0.858    clk_100MHz_IBUF
    BUFGCTRL_X0Y0        BUFG (Prop_bufg_I_O)         0.026     0.884 r  clk_100MHz_IBUF_BUFG_inst/O
                         net (fo=36, routed)          0.590     1.473    vga_c/CLK
    SLICE_X0Y33          FDCE                                         r  vga_c/h_count_reg_reg[4]/C
  -------------------------------------------------------------------    -------------------
    SLICE_X0Y33          FDCE (Prop_fdce_C_Q)         0.141     1.614 r  vga_c/h_count_reg_reg[4]/Q
                         net (fo=3, routed)           0.150     1.764    vga_c/h_count_reg_reg_n_0_[4]
    SLICE_X2Y33          LUT5 (Prop_lut5_I4_O)        0.049     1.813 r  vga_c/h_count_next[4]_i_1/O
                         net (fo=1, routed)           0.000     1.813    vga_c/h_count_next_0[4]
    SLICE_X2Y33          FDCE                                         r  vga_c/h_count_next_reg[4]/D
  -------------------------------------------------------------------    -------------------

Slack:                    inf
  Source:                 vga_c/v_count_reg_reg[0]/C
                            (rising edge-triggered cell FDCE clocked by sys_clk_pin  {rise@0.000ns fall@5.000ns period=10.000ns})
  Destination:            vga_c/v_count_next_reg[9]/D
  Path Group:             (none)
  Path Type:              Min at Fast Process Corner
  Data Path Delay:        0.345ns  (logic 0.186ns (53.946%)  route 0.159ns (46.054%))
  Logic Levels:           1  (LUT6=1)
  Clock Uncertainty:      0.025ns  ((TSJ^2 + TIJ^2)^1/2 + DJ) / 2 + PE
    Total System Jitter     (TSJ):    0.050ns
    Total Input Jitter      (TIJ):    0.000ns
    Discrete Jitter          (DJ):    0.000ns
    Phase Error              (PE):    0.000ns

    Location             Delay type                Incr(ns)  Path(ns)    Netlist Resource(s)
  -------------------------------------------------------------------    -------------------
                         (clock sys_clk_pin rise edge)
                                                      0.000     0.000 r  
    W5                                                0.000     0.000 r  clk_100MHz (IN)
                         net (fo=0)                   0.000     0.000    clk_100MHz
    W5                   IBUF (Prop_ibuf_I_O)         0.226     0.226 r  clk_100MHz_IBUF_inst/O
                         net (fo=1, routed)           0.631     0.858    clk_100MHz_IBUF
    BUFGCTRL_X0Y0        BUFG (Prop_bufg_I_O)         0.026     0.884 r  clk_100MHz_IBUF_BUFG_inst/O
                         net (fo=36, routed)          0.587     1.470    vga_c/CLK
    SLICE_X4Y32          FDCE                                         r  vga_c/v_count_reg_reg[0]/C
  -------------------------------------------------------------------    -------------------
    SLICE_X4Y32          FDCE (Prop_fdce_C_Q)         0.141     1.611 r  vga_c/v_count_reg_reg[0]/Q
                         net (fo=10, routed)          0.159     1.770    vga_c/v_count_reg_reg_n_0_[0]
    SLICE_X5Y32          LUT6 (Prop_lut6_I4_O)        0.045     1.815 r  vga_c/v_count_next[9]_i_2/O
                         net (fo=1, routed)           0.000     1.815    vga_c/v_count_next[9]_i_2_n_0
    SLICE_X5Y32          FDCE                                         r  vga_c/v_count_next_reg[9]/D
  -------------------------------------------------------------------    -------------------

Slack:                    inf
  Source:                 vga_c/v_count_reg_reg[4]/C
                            (rising edge-triggered cell FDCE clocked by sys_clk_pin  {rise@0.000ns fall@5.000ns period=10.000ns})
  Destination:            vga_c/v_count_next_reg[4]/D
  Path Group:             (none)
  Path Type:              Min at Fast Process Corner
  Data Path Delay:        0.368ns  (logic 0.186ns (50.492%)  route 0.182ns (49.508%))
  Logic Levels:           1  (LUT5=1)
  Clock Uncertainty:      0.025ns  ((TSJ^2 + TIJ^2)^1/2 + DJ) / 2 + PE
    Total System Jitter     (TSJ):    0.050ns
    Total Input Jitter      (TIJ):    0.000ns
    Discrete Jitter          (DJ):    0.000ns
    Phase Error              (PE):    0.000ns

    Location             Delay type                Incr(ns)  Path(ns)    Netlist Resource(s)
  -------------------------------------------------------------------    -------------------
                         (clock sys_clk_pin rise edge)
                                                      0.000     0.000 r  
    W5                                                0.000     0.000 r  clk_100MHz (IN)
                         net (fo=0)                   0.000     0.000    clk_100MHz
    W5                   IBUF (Prop_ibuf_I_O)         0.226     0.226 r  clk_100MHz_IBUF_inst/O
                         net (fo=1, routed)           0.631     0.858    clk_100MHz_IBUF
    BUFGCTRL_X0Y0        BUFG (Prop_bufg_I_O)         0.026     0.884 r  clk_100MHz_IBUF_BUFG_inst/O
                         net (fo=36, routed)          0.588     1.471    vga_c/CLK
    SLICE_X4Y33          FDCE                                         r  vga_c/v_count_reg_reg[4]/C
  -------------------------------------------------------------------    -------------------
    SLICE_X4Y33          FDCE (Prop_fdce_C_Q)         0.141     1.612 r  vga_c/v_count_reg_reg[4]/Q
                         net (fo=6, routed)           0.182     1.795    vga_c/v_count_reg_reg_n_0_[4]
    SLICE_X5Y33          LUT5 (Prop_lut5_I4_O)        0.045     1.840 r  vga_c/v_count_next[4]_i_1/O
                         net (fo=1, routed)           0.000     1.840    vga_c/v_count_next[4]_i_1_n_0
    SLICE_X5Y33          FDCE                                         r  vga_c/v_count_next_reg[4]/D
  -------------------------------------------------------------------    -------------------

Slack:                    inf
  Source:                 vga_c/h_count_reg_reg[9]/C
                            (rising edge-triggered cell FDCE clocked by sys_clk_pin  {rise@0.000ns fall@5.000ns period=10.000ns})
  Destination:            vga_c/h_count_next_reg[9]/D
  Path Group:             (none)
  Path Type:              Min at Fast Process Corner
  Data Path Delay:        0.372ns  (logic 0.186ns (50.029%)  route 0.186ns (49.971%))
  Logic Levels:           1  (LUT6=1)
  Clock Uncertainty:      0.025ns  ((TSJ^2 + TIJ^2)^1/2 + DJ) / 2 + PE
    Total System Jitter     (TSJ):    0.050ns
    Total Input Jitter      (TIJ):    0.000ns
    Discrete Jitter          (DJ):    0.000ns
    Phase Error              (PE):    0.000ns

    Location             Delay type                Incr(ns)  Path(ns)    Netlist Resource(s)
  -------------------------------------------------------------------    -------------------
                         (clock sys_clk_pin rise edge)
                                                      0.000     0.000 r  
    W5                                                0.000     0.000 r  clk_100MHz (IN)
                         net (fo=0)                   0.000     0.000    clk_100MHz
    W5                   IBUF (Prop_ibuf_I_O)         0.226     0.226 r  clk_100MHz_IBUF_inst/O
                         net (fo=1, routed)           0.631     0.858    clk_100MHz_IBUF
    BUFGCTRL_X0Y0        BUFG (Prop_bufg_I_O)         0.026     0.884 r  clk_100MHz_IBUF_BUFG_inst/O
                         net (fo=36, routed)          0.589     1.472    vga_c/CLK
    SLICE_X0Y32          FDCE                                         r  vga_c/h_count_reg_reg[9]/C
  -------------------------------------------------------------------    -------------------
    SLICE_X0Y32          FDCE (Prop_fdce_C_Q)         0.141     1.613 r  vga_c/h_count_reg_reg[9]/Q
                         net (fo=17, routed)          0.186     1.799    vga_c/h_count_reg_reg_n_0_[9]
    SLICE_X0Y31          LUT6 (Prop_lut6_I0_O)        0.045     1.844 r  vga_c/h_count_next[9]_i_1/O
                         net (fo=1, routed)           0.000     1.844    vga_c/h_count_next_0[9]
    SLICE_X0Y31          FDCE                                         r  vga_c/h_count_next_reg[9]/D
  -------------------------------------------------------------------    -------------------

Slack:                    inf
  Source:                 vga_c/h_count_reg_reg[0]/C
                            (rising edge-triggered cell FDCE clocked by sys_clk_pin  {rise@0.000ns fall@5.000ns period=10.000ns})
  Destination:            vga_c/h_count_next_reg[2]/D
  Path Group:             (none)
  Path Type:              Min at Fast Process Corner
  Data Path Delay:        0.374ns  (logic 0.209ns (55.845%)  route 0.165ns (44.155%))
  Logic Levels:           1  (LUT3=1)
  Clock Uncertainty:      0.025ns  ((TSJ^2 + TIJ^2)^1/2 + DJ) / 2 + PE
    Total System Jitter     (TSJ):    0.050ns
    Total Input Jitter      (TIJ):    0.000ns
    Discrete Jitter          (DJ):    0.000ns
    Phase Error              (PE):    0.000ns

    Location             Delay type                Incr(ns)  Path(ns)    Netlist Resource(s)
  -------------------------------------------------------------------    -------------------
                         (clock sys_clk_pin rise edge)
                                                      0.000     0.000 r  
    W5                                                0.000     0.000 r  clk_100MHz (IN)
                         net (fo=0)                   0.000     0.000    clk_100MHz
    W5                   IBUF (Prop_ibuf_I_O)         0.226     0.226 r  clk_100MHz_IBUF_inst/O
                         net (fo=1, routed)           0.631     0.858    clk_100MHz_IBUF
    BUFGCTRL_X0Y0        BUFG (Prop_bufg_I_O)         0.026     0.884 r  clk_100MHz_IBUF_BUFG_inst/O
                         net (fo=36, routed)          0.589     1.472    vga_c/CLK
    SLICE_X2Y32          FDCE                                         r  vga_c/h_count_reg_reg[0]/C
  -------------------------------------------------------------------    -------------------
    SLICE_X2Y32          FDCE (Prop_fdce_C_Q)         0.164     1.636 r  vga_c/h_count_reg_reg[0]/Q
                         net (fo=6, routed)           0.165     1.801    vga_c/h_count_reg_reg_n_0_[0]
    SLICE_X2Y33          LUT3 (Prop_lut3_I1_O)        0.045     1.846 r  vga_c/h_count_next[2]_i_1/O
                         net (fo=1, routed)           0.000     1.846    vga_c/h_count_next_0[2]
    SLICE_X2Y33          FDCE                                         r  vga_c/h_count_next_reg[2]/D
  -------------------------------------------------------------------    -------------------

Slack:                    inf
  Source:                 vga_c/h_count_reg_reg[0]/C
                            (rising edge-triggered cell FDCE clocked by sys_clk_pin  {rise@0.000ns fall@5.000ns period=10.000ns})
  Destination:            vga_c/h_count_next_reg[3]/D
  Path Group:             (none)
  Path Type:              Min at Fast Process Corner
  Data Path Delay:        0.377ns  (logic 0.212ns (56.197%)  route 0.165ns (43.803%))
  Logic Levels:           1  (LUT4=1)
  Clock Uncertainty:      0.025ns  ((TSJ^2 + TIJ^2)^1/2 + DJ) / 2 + PE
    Total System Jitter     (TSJ):    0.050ns
    Total Input Jitter      (TIJ):    0.000ns
    Discrete Jitter          (DJ):    0.000ns
    Phase Error              (PE):    0.000ns

    Location             Delay type                Incr(ns)  Path(ns)    Netlist Resource(s)
  -------------------------------------------------------------------    -------------------
                         (clock sys_clk_pin rise edge)
                                                      0.000     0.000 r  
    W5                                                0.000     0.000 r  clk_100MHz (IN)
                         net (fo=0)                   0.000     0.000    clk_100MHz
    W5                   IBUF (Prop_ibuf_I_O)         0.226     0.226 r  clk_100MHz_IBUF_inst/O
                         net (fo=1, routed)           0.631     0.858    clk_100MHz_IBUF
    BUFGCTRL_X0Y0        BUFG (Prop_bufg_I_O)         0.026     0.884 r  clk_100MHz_IBUF_BUFG_inst/O
                         net (fo=36, routed)          0.589     1.472    vga_c/CLK
    SLICE_X2Y32          FDCE                                         r  vga_c/h_count_reg_reg[0]/C
  -------------------------------------------------------------------    -------------------
    SLICE_X2Y32          FDCE (Prop_fdce_C_Q)         0.164     1.636 r  vga_c/h_count_reg_reg[0]/Q
                         net (fo=6, routed)           0.165     1.801    vga_c/h_count_reg_reg_n_0_[0]
    SLICE_X2Y33          LUT4 (Prop_lut4_I1_O)        0.048     1.849 r  vga_c/h_count_next[3]_i_1/O
                         net (fo=1, routed)           0.000     1.849    vga_c/h_count_next_0[3]
    SLICE_X2Y33          FDCE                                         r  vga_c/h_count_next_reg[3]/D
  -------------------------------------------------------------------    -------------------

Slack:                    inf
  Source:                 vga_c/v_count_reg_reg[6]/C
                            (rising edge-triggered cell FDCE clocked by sys_clk_pin  {rise@0.000ns fall@5.000ns period=10.000ns})
  Destination:            vga_c/v_count_next_reg[7]/D
  Path Group:             (none)
  Path Type:              Min at Fast Process Corner
  Data Path Delay:        0.395ns  (logic 0.186ns (47.047%)  route 0.209ns (52.953%))
  Logic Levels:           1  (LUT4=1)
  Clock Uncertainty:      0.025ns  ((TSJ^2 + TIJ^2)^1/2 + DJ) / 2 + PE
    Total System Jitter     (TSJ):    0.050ns
    Total Input Jitter      (TIJ):    0.000ns
    Discrete Jitter          (DJ):    0.000ns
    Phase Error              (PE):    0.000ns

    Location             Delay type                Incr(ns)  Path(ns)    Netlist Resource(s)
  -------------------------------------------------------------------    -------------------
                         (clock sys_clk_pin rise edge)
                                                      0.000     0.000 r  
    W5                                                0.000     0.000 r  clk_100MHz (IN)
                         net (fo=0)                   0.000     0.000    clk_100MHz
    W5                   IBUF (Prop_ibuf_I_O)         0.226     0.226 r  clk_100MHz_IBUF_inst/O
                         net (fo=1, routed)           0.631     0.858    clk_100MHz_IBUF
    BUFGCTRL_X0Y0        BUFG (Prop_bufg_I_O)         0.026     0.884 r  clk_100MHz_IBUF_BUFG_inst/O
                         net (fo=36, routed)          0.588     1.471    vga_c/CLK
    SLICE_X7Y33          FDCE                                         r  vga_c/v_count_reg_reg[6]/C
  -------------------------------------------------------------------    -------------------
    SLICE_X7Y33          FDCE (Prop_fdce_C_Q)         0.141     1.612 r  vga_c/v_count_reg_reg[6]/Q
                         net (fo=6, routed)           0.209     1.821    vga_c/v_count_reg_reg_n_0_[6]
    SLICE_X5Y33          LUT4 (Prop_lut4_I1_O)        0.045     1.866 r  vga_c/v_count_next[7]_i_1/O
                         net (fo=1, routed)           0.000     1.866    vga_c/v_count_next[7]_i_1_n_0
    SLICE_X5Y33          FDCE                                         r  vga_c/v_count_next_reg[7]/D
  -------------------------------------------------------------------    -------------------





--------------------------------------------------------------------------------------
Path Group:  (none)
From Clock:  
  To Clock:  sys_clk_pin

Max Delay            66 Endpoints
Min Delay            66 Endpoints
--------------------------------------------------------------------------------------


Max Delay Paths
--------------------------------------------------------------------------------------
Slack:                    inf
  Source:                 sw[11]
                            (input port)
  Destination:            rgb_reg_reg[11]/D
                            (rising edge-triggered cell FDCE clocked by sys_clk_pin  {rise@0.000ns fall@5.000ns period=10.000ns})
  Path Group:             (none)
  Path Type:              Setup (Max at Slow Process Corner)
  Data Path Delay:        4.759ns  (logic 1.464ns (30.756%)  route 3.296ns (69.244%))
  Logic Levels:           1  (IBUF=1)
  Clock Path Skew:        4.850ns (DCD - SCD + CPR)
    Destination Clock Delay (DCD):    4.850ns
    Source Clock Delay      (SCD):    0.000ns
    Clock Pessimism Removal (CPR):    0.000ns
  Clock Uncertainty:      0.025ns  ((TSJ^2 + TIJ^2)^1/2 + DJ) / 2 + PE
    Total System Jitter     (TSJ):    0.050ns
    Total Input Jitter      (TIJ):    0.000ns
    Discrete Jitter          (DJ):    0.000ns
    Phase Error              (PE):    0.000ns

    Location             Delay type                Incr(ns)  Path(ns)    Netlist Resource(s)
  -------------------------------------------------------------------    -------------------
    R3                                                0.000     0.000 r  sw[11] (IN)
                         net (fo=0)                   0.000     0.000    sw[11]
    R3                   IBUF (Prop_ibuf_I_O)         1.464     1.464 r  sw_IBUF[11]_inst/O
                         net (fo=1, routed)           3.296     4.759    sw_IBUF[11]
    SLICE_X4Y32          FDCE                                         r  rgb_reg_reg[11]/D
  -------------------------------------------------------------------    -------------------

                         (clock sys_clk_pin rise edge)
                                                      0.000     0.000 r  
    W5                                                0.000     0.000 r  clk_100MHz (IN)
                         net (fo=0)                   0.000     0.000    clk_100MHz
    W5                   IBUF (Prop_ibuf_I_O)         1.388     1.388 r  clk_100MHz_IBUF_inst/O
                         net (fo=1, routed)           1.862     3.250    clk_100MHz_IBUF
    BUFGCTRL_X0Y0        BUFG (Prop_bufg_I_O)         0.091     3.341 r  clk_100MHz_IBUF_BUFG_inst/O
                         net (fo=36, routed)          1.509     4.850    clk_100MHz_IBUF_BUFG
    SLICE_X4Y32          FDCE                                         r  rgb_reg_reg[11]/C

Slack:                    inf
  Source:                 sw[9]
                            (input port)
  Destination:            rgb_reg_reg[9]/D
                            (rising edge-triggered cell FDCE clocked by sys_clk_pin  {rise@0.000ns fall@5.000ns period=10.000ns})
  Path Group:             (none)
  Path Type:              Setup (Max at Slow Process Corner)
  Data Path Delay:        4.505ns  (logic 1.452ns (32.239%)  route 3.052ns (67.761%))
  Logic Levels:           1  (IBUF=1)
  Clock Path Skew:        4.850ns (DCD - SCD + CPR)
    Destination Clock Delay (DCD):    4.850ns
    Source Clock Delay      (SCD):    0.000ns
    Clock Pessimism Removal (CPR):    0.000ns
  Clock Uncertainty:      0.025ns  ((TSJ^2 + TIJ^2)^1/2 + DJ) / 2 + PE
    Total System Jitter     (TSJ):    0.050ns
    Total Input Jitter      (TIJ):    0.000ns
    Discrete Jitter          (DJ):    0.000ns
    Phase Error              (PE):    0.000ns

    Location             Delay type                Incr(ns)  Path(ns)    Netlist Resource(s)
  -------------------------------------------------------------------    -------------------
    T3                                                0.000     0.000 r  sw[9] (IN)
                         net (fo=0)                   0.000     0.000    sw[9]
    T3                   IBUF (Prop_ibuf_I_O)         1.452     1.452 r  sw_IBUF[9]_inst/O
                         net (fo=1, routed)           3.052     4.505    sw_IBUF[9]
    SLICE_X4Y32          FDCE                                         r  rgb_reg_reg[9]/D
  -------------------------------------------------------------------    -------------------

                         (clock sys_clk_pin rise edge)
                                                      0.000     0.000 r  
    W5                                                0.000     0.000 r  clk_100MHz (IN)
                         net (fo=0)                   0.000     0.000    clk_100MHz
    W5                   IBUF (Prop_ibuf_I_O)         1.388     1.388 r  clk_100MHz_IBUF_inst/O
                         net (fo=1, routed)           1.862     3.250    clk_100MHz_IBUF
    BUFGCTRL_X0Y0        BUFG (Prop_bufg_I_O)         0.091     3.341 r  clk_100MHz_IBUF_BUFG_inst/O
                         net (fo=36, routed)          1.509     4.850    clk_100MHz_IBUF_BUFG
    SLICE_X4Y32          FDCE                                         r  rgb_reg_reg[9]/C

Slack:                    inf
  Source:                 sw[10]
                            (input port)
  Destination:            rgb_reg_reg[10]/D
                            (rising edge-triggered cell FDCE clocked by sys_clk_pin  {rise@0.000ns fall@5.000ns period=10.000ns})
  Path Group:             (none)
  Path Type:              Setup (Max at Slow Process Corner)
  Data Path Delay:        4.430ns  (logic 1.458ns (32.906%)  route 2.973ns (67.094%))
  Logic Levels:           1  (IBUF=1)
  Clock Path Skew:        4.855ns (DCD - SCD + CPR)
    Destination Clock Delay (DCD):    4.855ns
    Source Clock Delay      (SCD):    0.000ns
    Clock Pessimism Removal (CPR):    0.000ns
  Clock Uncertainty:      0.025ns  ((TSJ^2 + TIJ^2)^1/2 + DJ) / 2 + PE
    Total System Jitter     (TSJ):    0.050ns
    Total Input Jitter      (TIJ):    0.000ns
    Discrete Jitter          (DJ):    0.000ns
    Phase Error              (PE):    0.000ns

    Location             Delay type                Incr(ns)  Path(ns)    Netlist Resource(s)
  -------------------------------------------------------------------    -------------------
    T2                                                0.000     0.000 r  sw[10] (IN)
                         net (fo=0)                   0.000     0.000    sw[10]
    T2                   IBUF (Prop_ibuf_I_O)         1.458     1.458 r  sw_IBUF[10]_inst/O
                         net (fo=1, routed)           2.973     4.430    sw_IBUF[10]
    SLICE_X2Y35          FDCE                                         r  rgb_reg_reg[10]/D
  -------------------------------------------------------------------    -------------------

                         (clock sys_clk_pin rise edge)
                                                      0.000     0.000 r  
    W5                                                0.000     0.000 r  clk_100MHz (IN)
                         net (fo=0)                   0.000     0.000    clk_100MHz
    W5                   IBUF (Prop_ibuf_I_O)         1.388     1.388 r  clk_100MHz_IBUF_inst/O
                         net (fo=1, routed)           1.862     3.250    clk_100MHz_IBUF
    BUFGCTRL_X0Y0        BUFG (Prop_bufg_I_O)         0.091     3.341 r  clk_100MHz_IBUF_BUFG_inst/O
                         net (fo=36, routed)          1.514     4.855    clk_100MHz_IBUF_BUFG
    SLICE_X2Y35          FDCE                                         r  rgb_reg_reg[10]/C

Slack:                    inf
  Source:                 sw[8]
                            (input port)
  Destination:            rgb_reg_reg[8]/D
                            (rising edge-triggered cell FDCE clocked by sys_clk_pin  {rise@0.000ns fall@5.000ns period=10.000ns})
  Path Group:             (none)
  Path Type:              Setup (Max at Slow Process Corner)
  Data Path Delay:        4.149ns  (logic 1.454ns (35.059%)  route 2.694ns (64.941%))
  Logic Levels:           1  (IBUF=1)
  Clock Path Skew:        4.850ns (DCD - SCD + CPR)
    Destination Clock Delay (DCD):    4.850ns
    Source Clock Delay      (SCD):    0.000ns
    Clock Pessimism Removal (CPR):    0.000ns
  Clock Uncertainty:      0.025ns  ((TSJ^2 + TIJ^2)^1/2 + DJ) / 2 + PE
    Total System Jitter     (TSJ):    0.050ns
    Total Input Jitter      (TIJ):    0.000ns
    Discrete Jitter          (DJ):    0.000ns
    Phase Error              (PE):    0.000ns

    Location             Delay type                Incr(ns)  Path(ns)    Netlist Resource(s)
  -------------------------------------------------------------------    -------------------
    V2                                                0.000     0.000 r  sw[8] (IN)
                         net (fo=0)                   0.000     0.000    sw[8]
    V2                   IBUF (Prop_ibuf_I_O)         1.454     1.454 r  sw_IBUF[8]_inst/O
                         net (fo=1, routed)           2.694     4.149    sw_IBUF[8]
    SLICE_X4Y32          FDCE                                         r  rgb_reg_reg[8]/D
  -------------------------------------------------------------------    -------------------

                         (clock sys_clk_pin rise edge)
                                                      0.000     0.000 r  
    W5                                                0.000     0.000 r  clk_100MHz (IN)
                         net (fo=0)                   0.000     0.000    clk_100MHz
    W5                   IBUF (Prop_ibuf_I_O)         1.388     1.388 r  clk_100MHz_IBUF_inst/O
                         net (fo=1, routed)           1.862     3.250    clk_100MHz_IBUF
    BUFGCTRL_X0Y0        BUFG (Prop_bufg_I_O)         0.091     3.341 r  clk_100MHz_IBUF_BUFG_inst/O
                         net (fo=36, routed)          1.509     4.850    clk_100MHz_IBUF_BUFG
    SLICE_X4Y32          FDCE                                         r  rgb_reg_reg[8]/C

Slack:                    inf
  Source:                 sw[5]
                            (input port)
  Destination:            rgb_reg_reg[5]/D
                            (rising edge-triggered cell FDCE clocked by sys_clk_pin  {rise@0.000ns fall@5.000ns period=10.000ns})
  Path Group:             (none)
  Path Type:              Setup (Max at Slow Process Corner)
  Data Path Delay:        3.311ns  (logic 1.466ns (44.281%)  route 1.845ns (55.719%))
  Logic Levels:           1  (IBUF=1)
  Clock Path Skew:        4.853ns (DCD - SCD + CPR)
    Destination Clock Delay (DCD):    4.853ns
    Source Clock Delay      (SCD):    0.000ns
    Clock Pessimism Removal (CPR):    0.000ns
  Clock Uncertainty:      0.025ns  ((TSJ^2 + TIJ^2)^1/2 + DJ) / 2 + PE
    Total System Jitter     (TSJ):    0.050ns
    Total Input Jitter      (TIJ):    0.000ns
    Discrete Jitter          (DJ):    0.000ns
    Phase Error              (PE):    0.000ns

    Location             Delay type                Incr(ns)  Path(ns)    Netlist Resource(s)
  -------------------------------------------------------------------    -------------------
    V15                                               0.000     0.000 r  sw[5] (IN)
                         net (fo=0)                   0.000     0.000    sw[5]
    V15                  IBUF (Prop_ibuf_I_O)         1.466     1.466 r  sw_IBUF[5]_inst/O
                         net (fo=1, routed)           1.845     3.311    sw_IBUF[5]
    SLICE_X0Y33          FDCE                                         r  rgb_reg_reg[5]/D
  -------------------------------------------------------------------    -------------------

                         (clock sys_clk_pin rise edge)
                                                      0.000     0.000 r  
    W5                                                0.000     0.000 r  clk_100MHz (IN)
                         net (fo=0)                   0.000     0.000    clk_100MHz
    W5                   IBUF (Prop_ibuf_I_O)         1.388     1.388 r  clk_100MHz_IBUF_inst/O
                         net (fo=1, routed)           1.862     3.250    clk_100MHz_IBUF
    BUFGCTRL_X0Y0        BUFG (Prop_bufg_I_O)         0.091     3.341 r  clk_100MHz_IBUF_BUFG_inst/O
                         net (fo=36, routed)          1.512     4.853    clk_100MHz_IBUF_BUFG
    SLICE_X0Y33          FDCE                                         r  rgb_reg_reg[5]/C

Slack:                    inf
  Source:                 sw[7]
                            (input port)
  Destination:            rgb_reg_reg[7]/D
                            (rising edge-triggered cell FDCE clocked by sys_clk_pin  {rise@0.000ns fall@5.000ns period=10.000ns})
  Path Group:             (none)
  Path Type:              Setup (Max at Slow Process Corner)
  Data Path Delay:        3.306ns  (logic 1.459ns (44.127%)  route 1.847ns (55.873%))
  Logic Levels:           1  (IBUF=1)
  Clock Path Skew:        4.852ns (DCD - SCD + CPR)
    Destination Clock Delay (DCD):    4.852ns
    Source Clock Delay      (SCD):    0.000ns
    Clock Pessimism Removal (CPR):    0.000ns
  Clock Uncertainty:      0.025ns  ((TSJ^2 + TIJ^2)^1/2 + DJ) / 2 + PE
    Total System Jitter     (TSJ):    0.050ns
    Total Input Jitter      (TIJ):    0.000ns
    Discrete Jitter          (DJ):    0.000ns
    Phase Error              (PE):    0.000ns

    Location             Delay type                Incr(ns)  Path(ns)    Netlist Resource(s)
  -------------------------------------------------------------------    -------------------
    W13                                               0.000     0.000 r  sw[7] (IN)
                         net (fo=0)                   0.000     0.000    sw[7]
    W13                  IBUF (Prop_ibuf_I_O)         1.459     1.459 r  sw_IBUF[7]_inst/O
                         net (fo=1, routed)           1.847     3.306    sw_IBUF[7]
    SLICE_X1Y32          FDCE                                         r  rgb_reg_reg[7]/D
  -------------------------------------------------------------------    -------------------

                         (clock sys_clk_pin rise edge)
                                                      0.000     0.000 r  
    W5                                                0.000     0.000 r  clk_100MHz (IN)
                         net (fo=0)                   0.000     0.000    clk_100MHz
    W5                   IBUF (Prop_ibuf_I_O)         1.388     1.388 r  clk_100MHz_IBUF_inst/O
                         net (fo=1, routed)           1.862     3.250    clk_100MHz_IBUF
    BUFGCTRL_X0Y0        BUFG (Prop_bufg_I_O)         0.091     3.341 r  clk_100MHz_IBUF_BUFG_inst/O
                         net (fo=36, routed)          1.511     4.852    clk_100MHz_IBUF_BUFG
    SLICE_X1Y32          FDCE                                         r  rgb_reg_reg[7]/C

Slack:                    inf
  Source:                 sw[6]
                            (input port)
  Destination:            rgb_reg_reg[6]/D
                            (rising edge-triggered cell FDCE clocked by sys_clk_pin  {rise@0.000ns fall@5.000ns period=10.000ns})
  Path Group:             (none)
  Path Type:              Setup (Max at Slow Process Corner)
  Data Path Delay:        3.293ns  (logic 1.450ns (44.027%)  route 1.843ns (55.973%))
  Logic Levels:           1  (IBUF=1)
  Clock Path Skew:        4.852ns (DCD - SCD + CPR)
    Destination Clock Delay (DCD):    4.852ns
    Source Clock Delay      (SCD):    0.000ns
    Clock Pessimism Removal (CPR):    0.000ns
  Clock Uncertainty:      0.025ns  ((TSJ^2 + TIJ^2)^1/2 + DJ) / 2 + PE
    Total System Jitter     (TSJ):    0.050ns
    Total Input Jitter      (TIJ):    0.000ns
    Discrete Jitter          (DJ):    0.000ns
    Phase Error              (PE):    0.000ns

    Location             Delay type                Incr(ns)  Path(ns)    Netlist Resource(s)
  -------------------------------------------------------------------    -------------------
    W14                                               0.000     0.000 r  sw[6] (IN)
                         net (fo=0)                   0.000     0.000    sw[6]
    W14                  IBUF (Prop_ibuf_I_O)         1.450     1.450 r  sw_IBUF[6]_inst/O
                         net (fo=1, routed)           1.843     3.293    sw_IBUF[6]
    SLICE_X1Y32          FDCE                                         r  rgb_reg_reg[6]/D
  -------------------------------------------------------------------    -------------------

                         (clock sys_clk_pin rise edge)
                                                      0.000     0.000 r  
    W5                                                0.000     0.000 r  clk_100MHz (IN)
                         net (fo=0)                   0.000     0.000    clk_100MHz
    W5                   IBUF (Prop_ibuf_I_O)         1.388     1.388 r  clk_100MHz_IBUF_inst/O
                         net (fo=1, routed)           1.862     3.250    clk_100MHz_IBUF
    BUFGCTRL_X0Y0        BUFG (Prop_bufg_I_O)         0.091     3.341 r  clk_100MHz_IBUF_BUFG_inst/O
                         net (fo=36, routed)          1.511     4.852    clk_100MHz_IBUF_BUFG
    SLICE_X1Y32          FDCE                                         r  rgb_reg_reg[6]/C

Slack:                    inf
  Source:                 sw[4]
                            (input port)
  Destination:            rgb_reg_reg[4]/D
                            (rising edge-triggered cell FDCE clocked by sys_clk_pin  {rise@0.000ns fall@5.000ns period=10.000ns})
  Path Group:             (none)
  Path Type:              Setup (Max at Slow Process Corner)
  Data Path Delay:        3.181ns  (logic 1.451ns (45.611%)  route 1.730ns (54.389%))
  Logic Levels:           1  (IBUF=1)
  Clock Path Skew:        4.850ns (DCD - SCD + CPR)
    Destination Clock Delay (DCD):    4.850ns
    Source Clock Delay      (SCD):    0.000ns
    Clock Pessimism Removal (CPR):    0.000ns
  Clock Uncertainty:      0.025ns  ((TSJ^2 + TIJ^2)^1/2 + DJ) / 2 + PE
    Total System Jitter     (TSJ):    0.050ns
    Total Input Jitter      (TIJ):    0.000ns
    Discrete Jitter          (DJ):    0.000ns
    Phase Error              (PE):    0.000ns

    Location             Delay type                Incr(ns)  Path(ns)    Netlist Resource(s)
  -------------------------------------------------------------------    -------------------
    W15                                               0.000     0.000 r  sw[4] (IN)
                         net (fo=0)                   0.000     0.000    sw[4]
    W15                  IBUF (Prop_ibuf_I_O)         1.451     1.451 r  sw_IBUF[4]_inst/O
                         net (fo=1, routed)           1.730     3.181    sw_IBUF[4]
    SLICE_X1Y31          FDCE                                         r  rgb_reg_reg[4]/D
  -------------------------------------------------------------------    -------------------

                         (clock sys_clk_pin rise edge)
                                                      0.000     0.000 r  
    W5                                                0.000     0.000 r  clk_100MHz (IN)
                         net (fo=0)                   0.000     0.000    clk_100MHz
    W5                   IBUF (Prop_ibuf_I_O)         1.388     1.388 r  clk_100MHz_IBUF_inst/O
                         net (fo=1, routed)           1.862     3.250    clk_100MHz_IBUF
    BUFGCTRL_X0Y0        BUFG (Prop_bufg_I_O)         0.091     3.341 r  clk_100MHz_IBUF_BUFG_inst/O
                         net (fo=36, routed)          1.509     4.850    clk_100MHz_IBUF_BUFG
    SLICE_X1Y31          FDCE                                         r  rgb_reg_reg[4]/C

Slack:                    inf
  Source:                 sw[2]
                            (input port)
  Destination:            rgb_reg_reg[2]/D
                            (rising edge-triggered cell FDCE clocked by sys_clk_pin  {rise@0.000ns fall@5.000ns period=10.000ns})
  Path Group:             (none)
  Path Type:              Setup (Max at Slow Process Corner)
  Data Path Delay:        3.177ns  (logic 1.464ns (46.078%)  route 1.713ns (53.922%))
  Logic Levels:           1  (IBUF=1)
  Clock Path Skew:        4.853ns (DCD - SCD + CPR)
    Destination Clock Delay (DCD):    4.853ns
    Source Clock Delay      (SCD):    0.000ns
    Clock Pessimism Removal (CPR):    0.000ns
  Clock Uncertainty:      0.025ns  ((TSJ^2 + TIJ^2)^1/2 + DJ) / 2 + PE
    Total System Jitter     (TSJ):    0.050ns
    Total Input Jitter      (TIJ):    0.000ns
    Discrete Jitter          (DJ):    0.000ns
    Phase Error              (PE):    0.000ns

    Location             Delay type                Incr(ns)  Path(ns)    Netlist Resource(s)
  -------------------------------------------------------------------    -------------------
    W16                                               0.000     0.000 r  sw[2] (IN)
                         net (fo=0)                   0.000     0.000    sw[2]
    W16                  IBUF (Prop_ibuf_I_O)         1.464     1.464 r  sw_IBUF[2]_inst/O
                         net (fo=1, routed)           1.713     3.177    sw_IBUF[2]
    SLICE_X0Y33          FDCE                                         r  rgb_reg_reg[2]/D
  -------------------------------------------------------------------    -------------------

                         (clock sys_clk_pin rise edge)
                                                      0.000     0.000 r  
    W5                                                0.000     0.000 r  clk_100MHz (IN)
                         net (fo=0)                   0.000     0.000    clk_100MHz
    W5                   IBUF (Prop_ibuf_I_O)         1.388     1.388 r  clk_100MHz_IBUF_inst/O
                         net (fo=1, routed)           1.862     3.250    clk_100MHz_IBUF
    BUFGCTRL_X0Y0        BUFG (Prop_bufg_I_O)         0.091     3.341 r  clk_100MHz_IBUF_BUFG_inst/O
                         net (fo=36, routed)          1.512     4.853    clk_100MHz_IBUF_BUFG
    SLICE_X0Y33          FDCE                                         r  rgb_reg_reg[2]/C

Slack:                    inf
  Source:                 sw[3]
                            (input port)
  Destination:            rgb_reg_reg[3]/D
                            (rising edge-triggered cell FDCE clocked by sys_clk_pin  {rise@0.000ns fall@5.000ns period=10.000ns})
  Path Group:             (none)
  Path Type:              Setup (Max at Slow Process Corner)
  Data Path Delay:        3.157ns  (logic 1.448ns (45.883%)  route 1.708ns (54.117%))
  Logic Levels:           1  (IBUF=1)
  Clock Path Skew:        4.850ns (DCD - SCD + CPR)
    Destination Clock Delay (DCD):    4.850ns
    Source Clock Delay      (SCD):    0.000ns
    Clock Pessimism Removal (CPR):    0.000ns
  Clock Uncertainty:      0.025ns  ((TSJ^2 + TIJ^2)^1/2 + DJ) / 2 + PE
    Total System Jitter     (TSJ):    0.050ns
    Total Input Jitter      (TIJ):    0.000ns
    Discrete Jitter          (DJ):    0.000ns
    Phase Error              (PE):    0.000ns

    Location             Delay type                Incr(ns)  Path(ns)    Netlist Resource(s)
  -------------------------------------------------------------------    -------------------
    W17                                               0.000     0.000 r  sw[3] (IN)
                         net (fo=0)                   0.000     0.000    sw[3]
    W17                  IBUF (Prop_ibuf_I_O)         1.448     1.448 r  sw_IBUF[3]_inst/O
                         net (fo=1, routed)           1.708     3.157    sw_IBUF[3]
    SLICE_X1Y31          FDCE                                         r  rgb_reg_reg[3]/D
  -------------------------------------------------------------------    -------------------

                         (clock sys_clk_pin rise edge)
                                                      0.000     0.000 r  
    W5                                                0.000     0.000 r  clk_100MHz (IN)
                         net (fo=0)                   0.000     0.000    clk_100MHz
    W5                   IBUF (Prop_ibuf_I_O)         1.388     1.388 r  clk_100MHz_IBUF_inst/O
                         net (fo=1, routed)           1.862     3.250    clk_100MHz_IBUF
    BUFGCTRL_X0Y0        BUFG (Prop_bufg_I_O)         0.091     3.341 r  clk_100MHz_IBUF_BUFG_inst/O
                         net (fo=36, routed)          1.509     4.850    clk_100MHz_IBUF_BUFG
    SLICE_X1Y31          FDCE                                         r  rgb_reg_reg[3]/C





Min Delay Paths
--------------------------------------------------------------------------------------
Slack:                    inf
  Source:                 vga_c/v_count_next_reg[3]/C
                            (rising edge-triggered cell FDCE)
  Destination:            vga_c/v_count_reg_reg[3]/D
                            (rising edge-triggered cell FDCE clocked by sys_clk_pin  {rise@0.000ns fall@5.000ns period=10.000ns})
  Path Group:             (none)
  Path Type:              Hold (Min at Fast Process Corner)
  Data Path Delay:        0.190ns  (logic 0.128ns (67.295%)  route 0.062ns (32.705%))
  Logic Levels:           1  (FDCE=1)
  Clock Uncertainty:      0.025ns  ((TSJ^2 + TIJ^2)^1/2 + DJ) / 2 + PE
    Total System Jitter     (TSJ):    0.050ns
    Total Input Jitter      (TIJ):    0.000ns
    Discrete Jitter          (DJ):    0.000ns
    Phase Error              (PE):    0.000ns

    Location             Delay type                Incr(ns)  Path(ns)    Netlist Resource(s)
  -------------------------------------------------------------------    -------------------
    SLICE_X5Y32          FDCE                         0.000     0.000 r  vga_c/v_count_next_reg[3]/C
    SLICE_X5Y32          FDCE (Prop_fdce_C_Q)         0.128     0.128 r  vga_c/v_count_next_reg[3]/Q
                         net (fo=1, routed)           0.062     0.190    vga_c/v_count_next[3]
    SLICE_X4Y32          FDCE                                         r  vga_c/v_count_reg_reg[3]/D
  -------------------------------------------------------------------    -------------------

                         (clock sys_clk_pin rise edge)
                                                      0.000     0.000 r  
    W5                                                0.000     0.000 r  clk_100MHz (IN)
                         net (fo=0)                   0.000     0.000    clk_100MHz
    W5                   IBUF (Prop_ibuf_I_O)         0.414     0.414 r  clk_100MHz_IBUF_inst/O
                         net (fo=1, routed)           0.685     1.099    clk_100MHz_IBUF
    BUFGCTRL_X0Y0        BUFG (Prop_bufg_I_O)         0.029     1.128 r  clk_100MHz_IBUF_BUFG_inst/O
                         net (fo=36, routed)          0.856     1.983    vga_c/CLK
    SLICE_X4Y32          FDCE                                         r  vga_c/v_count_reg_reg[3]/C

Slack:                    inf
  Source:                 vga_c/h_count_next_reg[7]/C
                            (rising edge-triggered cell FDCE)
  Destination:            vga_c/h_count_reg_reg[7]/D
                            (rising edge-triggered cell FDCE clocked by sys_clk_pin  {rise@0.000ns fall@5.000ns period=10.000ns})
  Path Group:             (none)
  Path Type:              Hold (Min at Fast Process Corner)
  Data Path Delay:        0.242ns  (logic 0.128ns (52.976%)  route 0.114ns (47.024%))
  Logic Levels:           1  (FDCE=1)
  Clock Uncertainty:      0.025ns  ((TSJ^2 + TIJ^2)^1/2 + DJ) / 2 + PE
    Total System Jitter     (TSJ):    0.050ns
    Total Input Jitter      (TIJ):    0.000ns
    Discrete Jitter          (DJ):    0.000ns
    Phase Error              (PE):    0.000ns

    Location             Delay type                Incr(ns)  Path(ns)    Netlist Resource(s)
  -------------------------------------------------------------------    -------------------
    SLICE_X0Y31          FDCE                         0.000     0.000 r  vga_c/h_count_next_reg[7]/C
    SLICE_X0Y31          FDCE (Prop_fdce_C_Q)         0.128     0.128 r  vga_c/h_count_next_reg[7]/Q
                         net (fo=1, routed)           0.114     0.242    vga_c/h_count_next[7]
    SLICE_X0Y32          FDCE                                         r  vga_c/h_count_reg_reg[7]/D
  -------------------------------------------------------------------    -------------------

                         (clock sys_clk_pin rise edge)
                                                      0.000     0.000 r  
    W5                                                0.000     0.000 r  clk_100MHz (IN)
                         net (fo=0)                   0.000     0.000    clk_100MHz
    W5                   IBUF (Prop_ibuf_I_O)         0.414     0.414 r  clk_100MHz_IBUF_inst/O
                         net (fo=1, routed)           0.685     1.099    clk_100MHz_IBUF
    BUFGCTRL_X0Y0        BUFG (Prop_bufg_I_O)         0.029     1.128 r  clk_100MHz_IBUF_BUFG_inst/O
                         net (fo=36, routed)          0.858     1.985    vga_c/CLK
    SLICE_X0Y32          FDCE                                         r  vga_c/h_count_reg_reg[7]/C

Slack:                    inf
  Source:                 vga_c/v_count_next_reg[8]/C
                            (rising edge-triggered cell FDCE)
  Destination:            vga_c/v_count_reg_reg[8]/D
                            (rising edge-triggered cell FDCE clocked by sys_clk_pin  {rise@0.000ns fall@5.000ns period=10.000ns})
  Path Group:             (none)
  Path Type:              Hold (Min at Fast Process Corner)
  Data Path Delay:        0.248ns  (logic 0.128ns (51.710%)  route 0.120ns (48.290%))
  Logic Levels:           1  (FDCE=1)
  Clock Uncertainty:      0.025ns  ((TSJ^2 + TIJ^2)^1/2 + DJ) / 2 + PE
    Total System Jitter     (TSJ):    0.050ns
    Total Input Jitter      (TIJ):    0.000ns
    Discrete Jitter          (DJ):    0.000ns
    Phase Error              (PE):    0.000ns

    Location             Delay type                Incr(ns)  Path(ns)    Netlist Resource(s)
  -------------------------------------------------------------------    -------------------
    SLICE_X5Y33          FDCE                         0.000     0.000 r  vga_c/v_count_next_reg[8]/C
    SLICE_X5Y33          FDCE (Prop_fdce_C_Q)         0.128     0.128 r  vga_c/v_count_next_reg[8]/Q
                         net (fo=1, routed)           0.120     0.248    vga_c/v_count_next[8]
    SLICE_X4Y33          FDCE                                         r  vga_c/v_count_reg_reg[8]/D
  -------------------------------------------------------------------    -------------------

                         (clock sys_clk_pin rise edge)
                                                      0.000     0.000 r  
    W5                                                0.000     0.000 r  clk_100MHz (IN)
                         net (fo=0)                   0.000     0.000    clk_100MHz
    W5                   IBUF (Prop_ibuf_I_O)         0.414     0.414 r  clk_100MHz_IBUF_inst/O
                         net (fo=1, routed)           0.685     1.099    clk_100MHz_IBUF
    BUFGCTRL_X0Y0        BUFG (Prop_bufg_I_O)         0.029     1.128 r  clk_100MHz_IBUF_BUFG_inst/O
                         net (fo=36, routed)          0.857     1.984    vga_c/CLK
    SLICE_X4Y33          FDCE                                         r  vga_c/v_count_reg_reg[8]/C

Slack:                    inf
  Source:                 vga_c/h_count_next_reg[8]/C
                            (rising edge-triggered cell FDCE)
  Destination:            vga_c/h_count_reg_reg[8]/D
                            (rising edge-triggered cell FDCE clocked by sys_clk_pin  {rise@0.000ns fall@5.000ns period=10.000ns})
  Path Group:             (none)
  Path Type:              Hold (Min at Fast Process Corner)
  Data Path Delay:        0.254ns  (logic 0.141ns (55.524%)  route 0.113ns (44.476%))
  Logic Levels:           1  (FDCE=1)
  Clock Uncertainty:      0.025ns  ((TSJ^2 + TIJ^2)^1/2 + DJ) / 2 + PE
    Total System Jitter     (TSJ):    0.050ns
    Total Input Jitter      (TIJ):    0.000ns
    Discrete Jitter          (DJ):    0.000ns
    Phase Error              (PE):    0.000ns

    Location             Delay type                Incr(ns)  Path(ns)    Netlist Resource(s)
  -------------------------------------------------------------------    -------------------
    SLICE_X1Y33          FDCE                         0.000     0.000 r  vga_c/h_count_next_reg[8]/C
    SLICE_X1Y33          FDCE (Prop_fdce_C_Q)         0.141     0.141 r  vga_c/h_count_next_reg[8]/Q
                         net (fo=1, routed)           0.113     0.254    vga_c/h_count_next[8]
    SLICE_X0Y33          FDCE                                         r  vga_c/h_count_reg_reg[8]/D
  -------------------------------------------------------------------    -------------------

                         (clock sys_clk_pin rise edge)
                                                      0.000     0.000 r  
    W5                                                0.000     0.000 r  clk_100MHz (IN)
                         net (fo=0)                   0.000     0.000    clk_100MHz
    W5                   IBUF (Prop_ibuf_I_O)         0.414     0.414 r  clk_100MHz_IBUF_inst/O
                         net (fo=1, routed)           0.685     1.099    clk_100MHz_IBUF
    BUFGCTRL_X0Y0        BUFG (Prop_bufg_I_O)         0.029     1.128 r  clk_100MHz_IBUF_BUFG_inst/O
                         net (fo=36, routed)          0.859     1.986    vga_c/CLK
    SLICE_X0Y33          FDCE                                         r  vga_c/h_count_reg_reg[8]/C

Slack:                    inf
  Source:                 vga_c/v_count_next_reg[5]/C
                            (rising edge-triggered cell FDCE)
  Destination:            vga_c/v_count_reg_reg[5]/D
                            (rising edge-triggered cell FDCE clocked by sys_clk_pin  {rise@0.000ns fall@5.000ns period=10.000ns})
  Path Group:             (none)
  Path Type:              Hold (Min at Fast Process Corner)
  Data Path Delay:        0.257ns  (logic 0.141ns (54.828%)  route 0.116ns (45.172%))
  Logic Levels:           1  (FDCE=1)
  Clock Uncertainty:      0.025ns  ((TSJ^2 + TIJ^2)^1/2 + DJ) / 2 + PE
    Total System Jitter     (TSJ):    0.050ns
    Total Input Jitter      (TIJ):    0.000ns
    Discrete Jitter          (DJ):    0.000ns
    Phase Error              (PE):    0.000ns

    Location             Delay type                Incr(ns)  Path(ns)    Netlist Resource(s)
  -------------------------------------------------------------------    -------------------
    SLICE_X5Y33          FDCE                         0.000     0.000 r  vga_c/v_count_next_reg[5]/C
    SLICE_X5Y33          FDCE (Prop_fdce_C_Q)         0.141     0.141 r  vga_c/v_count_next_reg[5]/Q
                         net (fo=1, routed)           0.116     0.257    vga_c/v_count_next[5]
    SLICE_X4Y33          FDCE                                         r  vga_c/v_count_reg_reg[5]/D
  -------------------------------------------------------------------    -------------------

                         (clock sys_clk_pin rise edge)
                                                      0.000     0.000 r  
    W5                                                0.000     0.000 r  clk_100MHz (IN)
                         net (fo=0)                   0.000     0.000    clk_100MHz
    W5                   IBUF (Prop_ibuf_I_O)         0.414     0.414 r  clk_100MHz_IBUF_inst/O
                         net (fo=1, routed)           0.685     1.099    clk_100MHz_IBUF
    BUFGCTRL_X0Y0        BUFG (Prop_bufg_I_O)         0.029     1.128 r  clk_100MHz_IBUF_BUFG_inst/O
                         net (fo=36, routed)          0.857     1.984    vga_c/CLK
    SLICE_X4Y33          FDCE                                         r  vga_c/v_count_reg_reg[5]/C

Slack:                    inf
  Source:                 vga_c/v_count_next_reg[4]/C
                            (rising edge-triggered cell FDCE)
  Destination:            vga_c/v_count_reg_reg[4]/D
                            (rising edge-triggered cell FDCE clocked by sys_clk_pin  {rise@0.000ns fall@5.000ns period=10.000ns})
  Path Group:             (none)
  Path Type:              Hold (Min at Fast Process Corner)
  Data Path Delay:        0.259ns  (logic 0.141ns (54.491%)  route 0.118ns (45.509%))
  Logic Levels:           1  (FDCE=1)
  Clock Uncertainty:      0.025ns  ((TSJ^2 + TIJ^2)^1/2 + DJ) / 2 + PE
    Total System Jitter     (TSJ):    0.050ns
    Total Input Jitter      (TIJ):    0.000ns
    Discrete Jitter          (DJ):    0.000ns
    Phase Error              (PE):    0.000ns

    Location             Delay type                Incr(ns)  Path(ns)    Netlist Resource(s)
  -------------------------------------------------------------------    -------------------
    SLICE_X5Y33          FDCE                         0.000     0.000 r  vga_c/v_count_next_reg[4]/C
    SLICE_X5Y33          FDCE (Prop_fdce_C_Q)         0.141     0.141 r  vga_c/v_count_next_reg[4]/Q
                         net (fo=1, routed)           0.118     0.259    vga_c/v_count_next[4]
    SLICE_X4Y33          FDCE                                         r  vga_c/v_count_reg_reg[4]/D
  -------------------------------------------------------------------    -------------------

                         (clock sys_clk_pin rise edge)
                                                      0.000     0.000 r  
    W5                                                0.000     0.000 r  clk_100MHz (IN)
                         net (fo=0)                   0.000     0.000    clk_100MHz
    W5                   IBUF (Prop_ibuf_I_O)         0.414     0.414 r  clk_100MHz_IBUF_inst/O
                         net (fo=1, routed)           0.685     1.099    clk_100MHz_IBUF
    BUFGCTRL_X0Y0        BUFG (Prop_bufg_I_O)         0.029     1.128 r  clk_100MHz_IBUF_BUFG_inst/O
                         net (fo=36, routed)          0.857     1.984    vga_c/CLK
    SLICE_X4Y33          FDCE                                         r  vga_c/v_count_reg_reg[4]/C

Slack:                    inf
  Source:                 vga_c/v_count_next_reg[7]/C
                            (rising edge-triggered cell FDCE)
  Destination:            vga_c/v_count_reg_reg[7]/D
                            (rising edge-triggered cell FDCE clocked by sys_clk_pin  {rise@0.000ns fall@5.000ns period=10.000ns})
  Path Group:             (none)
  Path Type:              Hold (Min at Fast Process Corner)
  Data Path Delay:        0.260ns  (logic 0.141ns (54.208%)  route 0.119ns (45.792%))
  Logic Levels:           1  (FDCE=1)
  Clock Uncertainty:      0.025ns  ((TSJ^2 + TIJ^2)^1/2 + DJ) / 2 + PE
    Total System Jitter     (TSJ):    0.050ns
    Total Input Jitter      (TIJ):    0.000ns
    Discrete Jitter          (DJ):    0.000ns
    Phase Error              (PE):    0.000ns

    Location             Delay type                Incr(ns)  Path(ns)    Netlist Resource(s)
  -------------------------------------------------------------------    -------------------
    SLICE_X5Y33          FDCE                         0.000     0.000 r  vga_c/v_count_next_reg[7]/C
    SLICE_X5Y33          FDCE (Prop_fdce_C_Q)         0.141     0.141 r  vga_c/v_count_next_reg[7]/Q
                         net (fo=1, routed)           0.119     0.260    vga_c/v_count_next[7]
    SLICE_X4Y33          FDCE                                         r  vga_c/v_count_reg_reg[7]/D
  -------------------------------------------------------------------    -------------------

                         (clock sys_clk_pin rise edge)
                                                      0.000     0.000 r  
    W5                                                0.000     0.000 r  clk_100MHz (IN)
                         net (fo=0)                   0.000     0.000    clk_100MHz
    W5                   IBUF (Prop_ibuf_I_O)         0.414     0.414 r  clk_100MHz_IBUF_inst/O
                         net (fo=1, routed)           0.685     1.099    clk_100MHz_IBUF
    BUFGCTRL_X0Y0        BUFG (Prop_bufg_I_O)         0.029     1.128 r  clk_100MHz_IBUF_BUFG_inst/O
                         net (fo=36, routed)          0.857     1.984    vga_c/CLK
    SLICE_X4Y33          FDCE                                         r  vga_c/v_count_reg_reg[7]/C

Slack:                    inf
  Source:                 vga_c/h_count_next_reg[3]/C
                            (rising edge-triggered cell FDCE)
  Destination:            vga_c/h_count_reg_reg[3]/D
                            (rising edge-triggered cell FDCE clocked by sys_clk_pin  {rise@0.000ns fall@5.000ns period=10.000ns})
  Path Group:             (none)
  Path Type:              Hold (Min at Fast Process Corner)
  Data Path Delay:        0.262ns  (logic 0.148ns (56.487%)  route 0.114ns (43.513%))
  Logic Levels:           1  (FDCE=1)
  Clock Uncertainty:      0.025ns  ((TSJ^2 + TIJ^2)^1/2 + DJ) / 2 + PE
    Total System Jitter     (TSJ):    0.050ns
    Total Input Jitter      (TIJ):    0.000ns
    Discrete Jitter          (DJ):    0.000ns
    Phase Error              (PE):    0.000ns

    Location             Delay type                Incr(ns)  Path(ns)    Netlist Resource(s)
  -------------------------------------------------------------------    -------------------
    SLICE_X2Y33          FDCE                         0.000     0.000 r  vga_c/h_count_next_reg[3]/C
    SLICE_X2Y33          FDCE (Prop_fdce_C_Q)         0.148     0.148 r  vga_c/h_count_next_reg[3]/Q
                         net (fo=1, routed)           0.114     0.262    vga_c/h_count_next[3]
    SLICE_X2Y32          FDCE                                         r  vga_c/h_count_reg_reg[3]/D
  -------------------------------------------------------------------    -------------------

                         (clock sys_clk_pin rise edge)
                                                      0.000     0.000 r  
    W5                                                0.000     0.000 r  clk_100MHz (IN)
                         net (fo=0)                   0.000     0.000    clk_100MHz
    W5                   IBUF (Prop_ibuf_I_O)         0.414     0.414 r  clk_100MHz_IBUF_inst/O
                         net (fo=1, routed)           0.685     1.099    clk_100MHz_IBUF
    BUFGCTRL_X0Y0        BUFG (Prop_bufg_I_O)         0.029     1.128 r  clk_100MHz_IBUF_BUFG_inst/O
                         net (fo=36, routed)          0.858     1.985    vga_c/CLK
    SLICE_X2Y32          FDCE                                         r  vga_c/h_count_reg_reg[3]/C

Slack:                    inf
  Source:                 vga_c/h_count_next_reg[6]/C
                            (rising edge-triggered cell FDCE)
  Destination:            vga_c/h_count_reg_reg[6]/D
                            (rising edge-triggered cell FDCE clocked by sys_clk_pin  {rise@0.000ns fall@5.000ns period=10.000ns})
  Path Group:             (none)
  Path Type:              Hold (Min at Fast Process Corner)
  Data Path Delay:        0.262ns  (logic 0.141ns (53.727%)  route 0.121ns (46.273%))
  Logic Levels:           1  (FDCE=1)
  Clock Uncertainty:      0.025ns  ((TSJ^2 + TIJ^2)^1/2 + DJ) / 2 + PE
    Total System Jitter     (TSJ):    0.050ns
    Total Input Jitter      (TIJ):    0.000ns
    Discrete Jitter          (DJ):    0.000ns
    Phase Error              (PE):    0.000ns

    Location             Delay type                Incr(ns)  Path(ns)    Netlist Resource(s)
  -------------------------------------------------------------------    -------------------
    SLICE_X0Y31          FDCE                         0.000     0.000 r  vga_c/h_count_next_reg[6]/C
    SLICE_X0Y31          FDCE (Prop_fdce_C_Q)         0.141     0.141 r  vga_c/h_count_next_reg[6]/Q
                         net (fo=1, routed)           0.121     0.262    vga_c/h_count_next[6]
    SLICE_X0Y32          FDCE                                         r  vga_c/h_count_reg_reg[6]/D
  -------------------------------------------------------------------    -------------------

                         (clock sys_clk_pin rise edge)
                                                      0.000     0.000 r  
    W5                                                0.000     0.000 r  clk_100MHz (IN)
                         net (fo=0)                   0.000     0.000    clk_100MHz
    W5                   IBUF (Prop_ibuf_I_O)         0.414     0.414 r  clk_100MHz_IBUF_inst/O
                         net (fo=1, routed)           0.685     1.099    clk_100MHz_IBUF
    BUFGCTRL_X0Y0        BUFG (Prop_bufg_I_O)         0.029     1.128 r  clk_100MHz_IBUF_BUFG_inst/O
                         net (fo=36, routed)          0.858     1.985    vga_c/CLK
    SLICE_X0Y32          FDCE                                         r  vga_c/h_count_reg_reg[6]/C

Slack:                    inf
  Source:                 vga_c/h_count_next_reg[4]/C
                            (rising edge-triggered cell FDCE)
  Destination:            vga_c/h_count_reg_reg[4]/D
                            (rising edge-triggered cell FDCE clocked by sys_clk_pin  {rise@0.000ns fall@5.000ns period=10.000ns})
  Path Group:             (none)
  Path Type:              Hold (Min at Fast Process Corner)
  Data Path Delay:        0.265ns  (logic 0.164ns (61.886%)  route 0.101ns (38.114%))
  Logic Levels:           1  (FDCE=1)
  Clock Uncertainty:      0.025ns  ((TSJ^2 + TIJ^2)^1/2 + DJ) / 2 + PE
    Total System Jitter     (TSJ):    0.050ns
    Total Input Jitter      (TIJ):    0.000ns
    Discrete Jitter          (DJ):    0.000ns
    Phase Error              (PE):    0.000ns

    Location             Delay type                Incr(ns)  Path(ns)    Netlist Resource(s)
  -------------------------------------------------------------------    -------------------
    SLICE_X2Y33          FDCE                         0.000     0.000 r  vga_c/h_count_next_reg[4]/C
    SLICE_X2Y33          FDCE (Prop_fdce_C_Q)         0.164     0.164 r  vga_c/h_count_next_reg[4]/Q
                         net (fo=1, routed)           0.101     0.265    vga_c/h_count_next[4]
    SLICE_X0Y33          FDCE                                         r  vga_c/h_count_reg_reg[4]/D
  -------------------------------------------------------------------    -------------------

                         (clock sys_clk_pin rise edge)
                                                      0.000     0.000 r  
    W5                                                0.000     0.000 r  clk_100MHz (IN)
                         net (fo=0)                   0.000     0.000    clk_100MHz
    W5                   IBUF (Prop_ibuf_I_O)         0.414     0.414 r  clk_100MHz_IBUF_inst/O
                         net (fo=1, routed)           0.685     1.099    clk_100MHz_IBUF
    BUFGCTRL_X0Y0        BUFG (Prop_bufg_I_O)         0.029     1.128 r  clk_100MHz_IBUF_BUFG_inst/O
                         net (fo=36, routed)          0.859     1.986    vga_c/CLK
    SLICE_X0Y33          FDCE                                         r  vga_c/h_count_reg_reg[4]/C





